path,source,orig,label,key,fine,rocole_level,group,split
rocole/00001.jpg,rocole,C1P2E2.jpg,1,rust,rust_level_2,2,C1P2,train
rocole/00002.jpg,rocole,C1P2H1.jpg,0,healthy,healthy,0,C1P2,train
rocole/00003.jpg,rocole,C1P3E1.jpg,0,healthy,healthy,0,C1P3,train
rocole/00004.jpg,rocole,C1P3E2.jpg,1,rust,rust_level_2,2,C1P3,train
rocole/00005.jpg,rocole,C1P3H1.jpg,0,healthy,healthy,0,C1P3,train
rocole/00006.jpg,rocole,C1P3H2.jpg,1,rust,rust_level_3,3,C1P3,train
rocole/00010.jpg,rocole,C1P5E1.jpg,0,healthy,healthy,0,C1P5,train
rocole/00011.jpg,rocole,C1P5H1.jpg,0,healthy,healthy,0,C1P5,train
rocole/00015.jpg,rocole,C1P7E1.jpg,0,healthy,healthy,0,C1P7,train
rocole/00016.jpg,rocole,C1P7H1.jpg,0,healthy,healthy,0,C1P7,train
rocole/00019.jpg,rocole,C1P9E1.jpg,0,healthy,healthy,0,C1P9,train
rocole/00020.jpg,rocole,C1P9H1.jpg,0,healthy,healthy,0,C1P9,train
rocole/00021.jpg,rocole,C1P10E1.jpg,0,healthy,healthy,0,C1P10,train
rocole/00022.jpg,rocole,C1P10H1.jpg,0,healthy,healthy,0,C1P10,train
rocole/00023.jpg,rocole,C1P11E2.jpg,1,rust,rust_level_2,2,C1P11,train
rocole/00024.jpg,rocole,C1P11H1.jpg,0,healthy,healthy,0,C1P11,train
rocole/00027.jpg,rocole,C1P18E1.jpg,0,healthy,healthy,0,C1P18,train
rocole/00028.jpg,rocole,C1P18H1.jpg,0,healthy,healthy,0,C1P18,train
rocole/00029.jpg,rocole,C1P18H2.jpg,1,rust,rust_level_1,1,C1P18,train
rocole/00033.jpg,rocole,C1P22H1.jpg,0,healthy,healthy,0,C1P22,train
rocole/00034.jpg,rocole,C1P22H2.jpg,1,rust,rust_level_1,1,C1P22,train
rocole/00035.jpg,rocole,C1P23E1.jpg,0,healthy,healthy,0,C1P23,train
rocole/00036.jpg,rocole,C1P23E2.jpg,1,rust,rust_level_2,2,C1P23,train
rocole/00037.jpg,rocole,C1P23H1.jpg,0,healthy,healthy,0,C1P23,train
rocole/00038.jpg,rocole,C1P24E2.jpg,1,rust,rust_level_2,2,C1P24,train
rocole/00039.jpg,rocole,C1P24H2.jpg,1,rust,rust_level_2,2,C1P24,train
rocole/00044.jpg,rocole,C1P28E1.jpg,0,healthy,healthy,0,C1P28,train
rocole/00045.jpg,rocole,C1P28H1.jpg,0,healthy,healthy,0,C1P28,train
rocole/00046.jpg,rocole,C1P15H1.jpg,0,healthy,healthy,0,C1P15,train
rocole/00047.jpg,rocole,C1P15H2.jpg,1,rust,rust_level_2,2,C1P15,train
rocole/00048.jpg,rocole,C1P28H2.jpg,1,rust,rust_level_2,2,C1P28,train
rocole/00054.jpg,rocole,C1P11H2.jpg,1,rust,rust_level_2,2,C1P11,train
rocole/00055.jpg,rocole,C1P12E2.jpg,1,rust,rust_level_1,1,C1P12,train
rocole/00056.jpg,rocole,C1P12H2.jpg,1,rust,rust_level_2,2,C1P12,train
rocole/00061.jpg,rocole,C1P15E2.jpg,1,rust,rust_level_1,1,C1P15,train
rocole/00062.jpg,rocole,C1P33E2.jpg,1,rust,rust_level_1,1,C1P33,train
rocole/00064.jpg,rocole,C1P33H1.jpg,0,healthy,healthy,0,C1P33,train
rocole/00069.jpg,rocole,C1P33E1.jpg,2,red_spider_mite,red_spider_mite,0,C1P33,train
rocole/00070.jpg,rocole,C1P35E1.jpg,0,healthy,healthy,0,C1P35,train
rocole/00071.jpg,rocole,C1P38E1.jpg,0,healthy,healthy,0,C1P38,train
rocole/00072.jpg,rocole,C1P35H1.jpg,0,healthy,healthy,0,C1P35,train
rocole/00073.jpg,rocole,C1P38H1.jpg,0,healthy,healthy,0,C1P38,train
rocole/00074.jpg,rocole,C1P35H2.jpg,1,rust,rust_level_1,1,C1P35,train
rocole/00075.jpg,rocole,C1P38H2.jpg,1,rust,rust_level_2,2,C1P38,train
rocole/00076.jpg,rocole,C1P39H1.jpg,0,healthy,healthy,0,C1P39,train
rocole/00078.jpg,rocole,C1P39H2.jpg,1,rust,rust_level_3,3,C1P39,train
rocole/00080.jpg,rocole,C1P40E2.jpg,1,rust,rust_level_1,1,C1P40,train
rocole/00081.jpg,rocole,C2P3E1.jpg,0,healthy,healthy,0,C2P3,train
rocole/00082.jpg,rocole,C1P40H1.jpg,0,healthy,healthy,0,C1P40,train
rocole/00083.jpg,rocole,C2P3E2.jpg,1,rust,rust_level_3,3,C2P3,train
rocole/00084.jpg,rocole,C2P4E2.jpg,1,rust,rust_level_4,4,C2P4,train
rocole/00085.jpg,rocole,C2P3H1.jpg,0,healthy,healthy,0,C2P3,train
rocole/00086.jpg,rocole,C2P4H1.jpg,0,healthy,healthy,0,C2P4,train
rocole/00087.jpg,rocole,C2P4H2.jpg,1,rust,rust_level_2,2,C2P4,train
rocole/00088.jpg,rocole,C2P5E1.jpg,0,healthy,healthy,0,C2P5,train
rocole/00089.jpg,rocole,C2P5E2.jpg,1,rust,rust_level_4,4,C2P5,train
rocole/00090.jpg,rocole,C2P5H1.jpg,0,healthy,healthy,0,C2P5,train
rocole/00091.jpg,rocole,C2P3H2.jpg,1,rust,rust_level_3,3,C2P3,train
rocole/00092.jpg,rocole,C2P5H2.jpg,1,rust,rust_level_2,2,C2P5,train
rocole/00093.jpg,rocole,C2P4E1.jpg,0,healthy,healthy,0,C2P4,train
rocole/00094.jpg,rocole,C2P7H2.jpg,1,rust,rust_level_1,1,C2P7,train
rocole/00095.jpg,rocole,C2P6E1.jpg,0,healthy,healthy,0,C2P6,train
rocole/00096.jpg,rocole,C2P6E2.jpg,1,rust,rust_level_4,4,C2P6,train
rocole/00097.jpg,rocole,C2P8E1.jpg,0,healthy,healthy,0,C2P8,train
rocole/00098.jpg,rocole,C2P8E2.jpg,2,red_spider_mite,red_spider_mite,0,C2P8,train
rocole/00099.jpg,rocole,C2P6H1.jpg,0,healthy,healthy,0,C2P6,train
rocole/00100.jpg,rocole,C2P6H2.jpg,1,rust,rust_level_1,1,C2P6,train
rocole/00101.jpg,rocole,C2P7E1.jpg,0,healthy,healthy,0,C2P7,train
rocole/00102.jpg,rocole,C2P8H1.jpg,0,healthy,healthy,0,C2P8,train
rocole/00103.jpg,rocole,C2P7E2.jpg,2,red_spider_mite,red_spider_mite,0,C2P7,train
rocole/00104.jpg,rocole,C2P7H1.jpg,0,healthy,healthy,0,C2P7,train
rocole/00109.jpg,rocole,C2P8H2.jpg,2,red_spider_mite,red_spider_mite,0,C2P8,train
rocole/00115.jpg,rocole,C2P13E2.jpg,2,red_spider_mite,red_spider_mite,0,C2P13,train
rocole/00117.jpg,rocole,C2P13H1.jpg,0,healthy,healthy,0,C2P13,train
rocole/00119.jpg,rocole,C2P13H2.jpg,2,red_spider_mite,red_spider_mite,0,C2P13,train
rocole/00120.jpg,rocole,C2P12E1.jpg,0,healthy,healthy,0,C2P12,train
rocole/00121.jpg,rocole,C2P14E1.jpg,0,healthy,healthy,0,C2P14,train
rocole/00122.jpg,rocole,C2P12E2.jpg,2,red_spider_mite,red_spider_mite,0,C2P12,train
rocole/00123.jpg,rocole,C2P14E2.jpg,2,red_spider_mite,red_spider_mite,0,C2P14,train
rocole/00124.jpg,rocole,C2P12H1.jpg,0,healthy,healthy,0,C2P12,train
rocole/00125.jpg,rocole,C2P12H2.jpg,2,red_spider_mite,red_spider_mite,0,C2P12,train
rocole/00126.jpg,rocole,C2P13E1.jpg,0,healthy,healthy,0,C2P13,train
rocole/00127.jpg,rocole,C2P16H2.jpg,1,rust,rust_level_1,1,C2P16,train
rocole/00128.jpg,rocole,C2P14H1.jpg,0,healthy,healthy,0,C2P14,train
rocole/00129.jpg,rocole,C2P14H2.jpg,2,red_spider_mite,red_spider_mite,0,C2P14,train
rocole/00130.jpg,rocole,C2P17E1.jpg,0,healthy,healthy,0,C2P17,train
rocole/00132.jpg,rocole,C2P17E2.jpg,2,red_spider_mite,red_spider_mite,0,C2P17,train
rocole/00134.jpg,rocole,C2P17H1.jpg,0,healthy,healthy,0,C2P17,train
rocole/00135.jpg,rocole,C2P17H2.jpg,2,red_spider_mite,red_spider_mite,0,C2P17,train
rocole/00140.jpg,rocole,C2P16E1.jpg,0,healthy,healthy,0,C2P16,train
rocole/00142.jpg,rocole,C2P16E2.jpg,1,rust,rust_level_1,1,C2P16,train
rocole/00144.jpg,rocole,C2P16H1.jpg,0,healthy,healthy,0,C2P16,train
rocole/00145.jpg,rocole,C2P19E1.jpg,0,healthy,healthy,0,C2P19,train
rocole/00147.jpg,rocole,C2P19E2.jpg,2,red_spider_mite,red_spider_mite,0,C2P19,train
rocole/00149.jpg,rocole,C2P19H1.jpg,1,rust,rust_level_1,1,C2P19,train
rocole/00151.jpg,rocole,C2P19H2.jpg,0,healthy,healthy,0,C2P19,train
rocole/00152.jpg,rocole,C2P23E1.jpg,0,healthy,healthy,0,C2P23,train
rocole/00154.jpg,rocole,C2P23E2.jpg,2,red_spider_mite,red_spider_mite,0,C2P23,train
rocole/00155.jpg,rocole,C2P23H1.jpg,0,healthy,healthy,0,C2P23,train
rocole/00156.jpg,rocole,C2P24E1.jpg,0,healthy,healthy,0,C2P24,train
rocole/00157.jpg,rocole,C2P23H2.jpg,0,healthy,healthy,0,C2P23,train
rocole/00159.jpg,rocole,C2P24E2.jpg,2,red_spider_mite,red_spider_mite,0,C2P24,train
rocole/00160.jpg,rocole,C2P24H1.jpg,0,healthy,healthy,0,C2P24,train
rocole/00161.jpg,rocole,C2P27E1.jpg,0,healthy,healthy,0,C2P27,train
rocole/00162.jpg,rocole,C2P24H2.jpg,1,rust,rust_level_1,1,C2P24,train
rocole/00163.jpg,rocole,C2P27E2.jpg,2,red_spider_mite,red_spider_mite,0,C2P27,train
rocole/00165.jpg,rocole,C2P27H1.jpg,0,healthy,healthy,0,C2P27,train
rocole/00172.jpg,rocole,C2P31E1.jpg,0,healthy,healthy,0,C2P31,train
rocole/00173.jpg,rocole,C2P31E2.jpg,2,red_spider_mite,red_spider_mite,0,C2P31,train
rocole/00174.jpg,rocole,C2P31H1.jpg,0,healthy,healthy,0,C2P31,train
rocole/00175.jpg,rocole,C2P31H2.jpg,2,red_spider_mite,red_spider_mite,0,C2P31,train
rocole/00177.jpg,rocole,C2P38H1.jpg,0,healthy,healthy,0,C2P38,train
rocole/00178.jpg,rocole,C2P38H2.jpg,1,rust,rust_level_1,1,C2P38,train
rocole/00180.jpg,rocole,C2P39E1.jpg,0,healthy,healthy,0,C2P39,train
rocole/00183.jpg,rocole,C2P39E2.jpg,2,red_spider_mite,red_spider_mite,0,C2P39,train
rocole/00184.jpg,rocole,C2P35E1.jpg,0,healthy,healthy,0,C2P35,train
rocole/00185.jpg,rocole,C2P39H1.jpg,0,healthy,healthy,0,C2P39,train
rocole/00186.jpg,rocole,C2P35H1.jpg,0,healthy,healthy,0,C2P35,train
rocole/00187.jpg,rocole,C2P39H2.jpg,1,rust,rust_level_1,1,C2P39,train
rocole/00188.jpg,rocole,C2P35H2.jpg,2,red_spider_mite,red_spider_mite,0,C2P35,train
rocole/00190.jpg,rocole,C2P38E1.jpg,0,healthy,healthy,0,C2P38,train
rocole/00192.jpg,rocole,C2P38E2.jpg,2,red_spider_mite,red_spider_mite,0,C2P38,train
rocole/00195.jpg,rocole,C3P4E1.jpg,0,healthy,healthy,0,C3P4,train
rocole/00200.jpg,rocole,C3P5H2.jpg,1,rust,rust_level_1,1,C3P5,train
rocole/00201.jpg,rocole,C3P7E1.jpg,0,healthy,healthy,0,C3P7,train
rocole/00202.jpg,rocole,C3P8H1.jpg,0,healthy,healthy,0,C3P8,train
rocole/00203.jpg,rocole,C3P7E2.jpg,2,red_spider_mite,red_spider_mite,0,C3P7,train
rocole/00204.jpg,rocole,C3P9E1.jpg,0,healthy,healthy,0,C3P9,train
rocole/00205.jpg,rocole,C3P9E2.jpg,1,rust,rust_level_4,4,C3P9,train
rocole/00206.jpg,rocole,C3P7H1.jpg,0,healthy,healthy,0,C3P7,train
rocole/00207.jpg,rocole,C3P7H2.jpg,0,healthy,healthy,0,C3P7,train
rocole/00208.jpg,rocole,C3P9H1.jpg,0,healthy,healthy,0,C3P9,train
rocole/00209.jpg,rocole,C3P8E1.jpg,0,healthy,healthy,0,C3P8,train
rocole/00210.jpg,rocole,C3P9H2.jpg,2,red_spider_mite,red_spider_mite,0,C3P9,train
rocole/00211.jpg,rocole,C3P8E2.jpg,1,rust,rust_level_1,1,C3P8,train
rocole/00212.jpg,rocole,C3P10E1.jpg,0,healthy,healthy,0,C3P10,train
rocole/00213.jpg,rocole,C3P4E2.jpg,2,red_spider_mite,red_spider_mite,0,C3P4,train
rocole/00214.jpg,rocole,C3P10E2.jpg,2,red_spider_mite,red_spider_mite,0,C3P10,train
rocole/00218.jpg,rocole,C3P13E1.jpg,0,healthy,healthy,0,C3P13,train
rocole/00219.jpg,rocole,C3P4H1.jpg,0,healthy,healthy,0,C3P4,train
rocole/00220.jpg,rocole,C3P13E2.jpg,1,rust,rust_level_1,1,C3P13,train
rocole/00221.jpg,rocole,C3P13H1.jpg,0,healthy,healthy,0,C3P13,train
rocole/00223.jpg,rocole,C3P10H1.jpg,0,healthy,healthy,0,C3P10,train
rocole/00225.jpg,rocole,C3P10H2.jpg,1,rust,rust_level_3,3,C3P10,train
rocole/00228.jpg,rocole,C3P4H2.jpg,2,red_spider_mite,red_spider_mite,0,C3P4,train
rocole/00234.jpg,rocole,C3P19E1.jpg,0,healthy,healthy,0,C3P19,train
rocole/00235.jpg,rocole,C3P19E2.jpg,1,rust,rust_level_1,1,C3P19,train
rocole/00236.jpg,rocole,C3P19H1.jpg,0,healthy,healthy,0,C3P19,train
rocole/00238.jpg,rocole,C3P22E1.jpg,0,healthy,healthy,0,C3P22,train
rocole/00239.jpg,rocole,C3P22E2.jpg,2,red_spider_mite,red_spider_mite,0,C3P22,train
rocole/00240.jpg,rocole,C3P22H1.jpg,0,healthy,healthy,0,C3P22,train
rocole/00241.jpg,rocole,C3P5E1.jpg,0,healthy,healthy,0,C3P5,train
rocole/00242.jpg,rocole,C3P23E1.jpg,0,healthy,healthy,0,C3P23,train
rocole/00243.jpg,rocole,C3P5E2.jpg,2,red_spider_mite,red_spider_mite,0,C3P5,train
rocole/00244.jpg,rocole,C3P23E2.jpg,2,red_spider_mite,red_spider_mite,0,C3P23,train
rocole/00245.jpg,rocole,C3P5H1.jpg,0,healthy,healthy,0,C3P5,train
rocole/00246.jpg,rocole,C3P23H1.jpg,0,healthy,healthy,0,C3P23,train
rocole/00247.jpg,rocole,C3P23H2.jpg,1,rust,rust_level_1,1,C3P23,train
rocole/00252.jpg,rocole,C3P25E1.jpg,0,healthy,healthy,0,C3P25,train
rocole/00253.jpg,rocole,C3P25E2.jpg,1,rust,rust_level_1,1,C3P25,train
rocole/00254.jpg,rocole,C3P25H1.jpg,0,healthy,healthy,0,C3P25,train
rocole/00255.jpg,rocole,C3P25H2.jpg,1,rust,rust_level_2,2,C3P25,train
rocole/00264.jpg,rocole,C3P28E1.jpg,0,healthy,healthy,0,C3P28,train
rocole/00265.jpg,rocole,C3P28E2.jpg,1,rust,rust_level_1,1,C3P28,train
rocole/00269.jpg,rocole,C3P30E1.jpg,0,healthy,healthy,0,C3P30,train
rocole/00270.jpg,rocole,C3P30E2.jpg,1,rust,rust_level_1,1,C3P30,train
rocole/00271.jpg,rocole,C3P31E1.jpg,0,healthy,healthy,0,C3P31,train
rocole/00272.jpg,rocole,C3P31E2.jpg,1,rust,rust_level_1,1,C3P31,train
rocole/00273.jpg,rocole,C3P31H1.jpg,0,healthy,healthy,0,C3P31,train
rocole/00274.jpg,rocole,C3P19H2.jpg,2,red_spider_mite,red_spider_mite,0,C3P19,train
rocole/00275.jpg,rocole,C3P31H2.jpg,1,rust,rust_level_1,1,C3P31,train
rocole/00276.jpg,rocole,C3P32E1.jpg,0,healthy,healthy,0,C3P32,train
rocole/00277.jpg,rocole,C3P32E2.jpg,1,rust,rust_level_1,1,C3P32,train
rocole/00278.jpg,rocole,C3P32H2.jpg,1,rust,rust_level_1,1,C3P32,train
rocole/00283.jpg,rocole,C3P35E2.jpg,1,rust,rust_level_1,1,C3P35,train
rocole/00284.jpg,rocole,C3P35H1.jpg,0,healthy,healthy,0,C3P35,train
rocole/00285.jpg,rocole,C3P35H2.jpg,1,rust,rust_level_4,4,C3P35,train
rocole/00289.jpg,rocole,C3P38E2.jpg,2,red_spider_mite,red_spider_mite,0,C3P38,train
rocole/00290.jpg,rocole,C3P38H1.jpg,0,healthy,healthy,0,C3P38,train
rocole/00291.jpg,rocole,C3P39E1.jpg,0,healthy,healthy,0,C3P39,train
rocole/00292.jpg,rocole,C3P39E2.jpg,2,red_spider_mite,red_spider_mite,0,C3P39,train
rocole/00293.jpg,rocole,C3P39H2.jpg,1,rust,rust_level_1,1,C3P39,train
rocole/00303.jpg,rocole,C4P5E1.jpg,0,healthy,healthy,0,C4P5,train
rocole/00304.jpg,rocole,C4P5E2.jpg,2,red_spider_mite,red_spider_mite,0,C4P5,train
rocole/00305.jpg,rocole,C4P5H1.jpg,0,healthy,healthy,0,C4P5,train
rocole/00317.jpg,rocole,C4P11E1.jpg,0,healthy,healthy,0,C4P11,train
rocole/00318.jpg,rocole,C4P11E2.jpg,1,rust,rust_level_2,2,C4P11,train
rocole/00319.jpg,rocole,C4P11H1.jpg,0,healthy,healthy,0,C4P11,train
rocole/00320.jpg,rocole,C4P11H2.jpg,2,red_spider_mite,red_spider_mite,0,C4P11,train
rocole/00321.jpg,rocole,C3P20E1.jpg,0,healthy,healthy,0,C3P20,train
rocole/00323.jpg,rocole,C3P20E2.jpg,1,rust,rust_level_1,1,C3P20,train
rocole/00324.jpg,rocole,C3P20H1.jpg,0,healthy,healthy,0,C3P20,train
rocole/00326.jpg,rocole,C3P20H2.jpg,1,rust,rust_level_1,1,C3P20,train
rocole/00331.jpg,rocole,C3P15E1.jpg,0,healthy,healthy,0,C3P15,train
rocole/00332.jpg,rocole,C4P15E1.jpg,1,rust,rust_level_1,1,C4P15,train
rocole/00333.jpg,rocole,C3P15E2.jpg,1,rust,rust_level_2,2,C3P15,train
rocole/00334.jpg,rocole,C4P15H1.jpg,0,healthy,healthy,0,C4P15,train
rocole/00335.jpg,rocole,C4P15H2.jpg,1,rust,rust_level_1,1,C4P15,train
rocole/00336.jpg,rocole,C3P15H1.jpg,0,healthy,healthy,0,C3P15,train
rocole/00337.jpg,rocole,C3P15H2.jpg,1,rust,rust_level_1,1,C3P15,train
rocole/00338.jpg,rocole,C4P16E1.jpg,0,healthy,healthy,0,C4P16,train
rocole/00340.jpg,rocole,C4P16E2.jpg,1,rust,rust_level_1,1,C4P16,train
rocole/00342.jpg,rocole,C4P16H2.jpg,1,rust,rust_level_1,1,C4P16,train
rocole/00345.jpg,rocole,C4P18E1.jpg,0,healthy,healthy,0,C4P18,train
rocole/00347.jpg,rocole,C4P18E2.jpg,1,rust,rust_level_1,1,C4P18,train
rocole/00348.jpg,rocole,C4P18H2.jpg,1,rust,rust_level_2,2,C4P18,train
rocole/00349.jpg,rocole,C4P21E1.jpg,0,healthy,healthy,0,C4P21,train
rocole/00350.jpg,rocole,C4P19E1.jpg,0,healthy,healthy,0,C4P19,train
rocole/00351.jpg,rocole,C4P21E2.jpg,1,rust,rust_level_1,1,C4P21,train
rocole/00352.jpg,rocole,C4P19E2.jpg,2,red_spider_mite,red_spider_mite,0,C4P19,train
rocole/00353.jpg,rocole,C4P21H2.jpg,1,rust,rust_level_3,3,C4P21,train
rocole/00354.jpg,rocole,C4P19H2.jpg,2,red_spider_mite,red_spider_mite,0,C4P19,train
rocole/00355.jpg,rocole,C4P22E1.jpg,0,healthy,healthy,0,C4P22,train
rocole/00356.jpg,rocole,C4P22E2.jpg,2,red_spider_mite,red_spider_mite,0,C4P22,train
rocole/00358.jpg,rocole,C4P22H2.jpg,2,red_spider_mite,red_spider_mite,0,C4P22,train
rocole/00359.jpg,rocole,C4P23E1.jpg,2,red_spider_mite,red_spider_mite,0,C4P23,train
rocole/00360.jpg,rocole,C4P27E2.jpg,1,rust,rust_level_1,1,C4P27,train
rocole/00361.jpg,rocole,C4P23E2.jpg,2,red_spider_mite,red_spider_mite,0,C4P23,train
rocole/00362.jpg,rocole,C4P27H1.jpg,0,healthy,healthy,0,C4P27,train
rocole/00363.jpg,rocole,C4P23H2.jpg,1,rust,rust_level_1,1,C4P23,train
rocole/00364.jpg,rocole,C4P27H2.jpg,2,red_spider_mite,red_spider_mite,0,C4P27,train
rocole/00365.jpg,rocole,C4P28E2.jpg,2,red_spider_mite,red_spider_mite,0,C4P28,train
rocole/00367.jpg,rocole,C4P28H1.jpg,0,healthy,healthy,0,C4P28,train
rocole/00368.jpg,rocole,C4P25E2.jpg,2,red_spider_mite,red_spider_mite,0,C4P25,train
rocole/00373.jpg,rocole,C4P31H1.jpg,0,healthy,healthy,0,C4P31,train
rocole/00376.jpg,rocole,C4P37H1.jpg,0,healthy,healthy,0,C4P37,train
rocole/00377.jpg,rocole,C4P38E1.jpg,0,healthy,healthy,0,C4P38,train
rocole/00378.jpg,rocole,C6P33H2.jpg,1,rust,rust_level_2,2,C6P33,train
rocole/00384.jpg,rocole,C4P38H1.jpg,0,healthy,healthy,0,C4P38,train
rocole/00386.jpg,rocole,C4P38H2.jpg,1,rust,rust_level_1,1,C4P38,train
rocole/00390.jpg,rocole,C4P40H1.jpg,0,healthy,healthy,0,C4P40,train
rocole/00391.jpg,rocole,C4P40H2.jpg,1,rust,rust_level_1,1,C4P40,train
rocole/00392.jpg,rocole,C9P28H1.jpg,1,rust,rust_level_4,4,C9P28,train
rocole/00393.jpg,rocole,C6P33E2.jpg,1,rust,rust_level_1,1,C6P33,train
rocole/00394.jpg,rocole,C9P34E2.jpg,0,healthy,healthy,0,C9P34,train
rocole/00396.jpg,rocole,C9P34H2.jpg,0,healthy,healthy,0,C9P34,train
rocole/00398.jpg,rocole,C10P17E1.jpg,0,healthy,healthy,0,C10P17,train
rocole/00399.jpg,rocole,C10P20E2.jpg,1,rust,rust_level_2,2,C10P20,train
rocole/00400.jpg,rocole,C1P2E1.jpg,0,healthy,healthy,0,C1P2,train
rocole/00401.jpg,rocole,C10P21E1.jpg,0,healthy,healthy,0,C10P21,train
rocole/00402.jpg,rocole,C1P2H2.jpg,1,rust,rust_level_2,2,C1P2,train
rocole/00403.jpg,rocole,C12P3E1.jpg,0,healthy,healthy,0,C12P3,train
rocole/00407.jpg,rocole,C1P5E2.jpg,1,rust,rust_level_1,1,C1P5,train
rocole/00408.jpg,rocole,C1P7E2.jpg,1,rust,rust_level_2,2,C1P7,train
rocole/00409.jpg,rocole,C1P7H2.jpg,1,rust,rust_level_2,2,C1P7,train
rocole/00412.jpg,rocole,C1P9E2.jpg,1,rust,rust_level_2,2,C1P9,train
rocole/00413.jpg,rocole,C1P9H2.jpg,1,rust,rust_level_2,2,C1P9,train
rocole/00416.jpg,rocole,C1P5H2.jpg,1,rust,rust_level_1,1,C1P5,train
rocole/00418.jpg,rocole,C1P15E1.jpg,1,rust,rust_level_1,1,C1P15,train
rocole/00419.jpg,rocole,C1P10E2.jpg,1,rust,rust_level_1,1,C1P10,train
rocole/00421.jpg,rocole,C1P10H2.jpg,1,rust,rust_level_1,1,C1P10,train
rocole/00423.jpg,rocole,C1P11E1.jpg,0,healthy,healthy,0,C1P11,train
rocole/00424.jpg,rocole,C1P18E2.jpg,1,rust,rust_level_1,1,C1P18,train
rocole/00425.jpg,rocole,C1P12E1.jpg,0,healthy,healthy,0,C1P12,train
rocole/00429.jpg,rocole,C1P12H1.jpg,0,healthy,healthy,0,C1P12,train
rocole/00438.jpg,rocole,C1P22E1.jpg,0,healthy,healthy,0,C1P22,train
rocole/00439.jpg,rocole,C1P25E1.jpg,0,healthy,healthy,0,C1P25,train
rocole/00440.jpg,rocole,C1P22E2.jpg,1,rust,rust_level_1,1,C1P22,train
rocole/00441.jpg,rocole,C1P25E2.jpg,1,rust,rust_level_1,1,C1P25,train
rocole/00442.jpg,rocole,C1P23H2.jpg,1,rust,rust_level_3,3,C1P23,train
rocole/00443.jpg,rocole,C1P24E1.jpg,0,healthy,healthy,0,C1P24,train
rocole/00444.jpg,rocole,C1P24H1.jpg,0,healthy,healthy,0,C1P24,train
rocole/00446.jpg,rocole,C1P28E2.jpg,1,rust,rust_level_3,3,C1P28,train
rocole/00452.jpg,rocole,C1P25H1.jpg,0,healthy,healthy,0,C1P25,train
rocole/00454.jpg,rocole,C1P25H2.jpg,1,rust,rust_level_1,1,C1P25,train
rocole/00456.jpg,rocole,C1P33H2.jpg,1,rust,rust_level_1,1,C1P33,train
rocole/00462.jpg,rocole,C1P39E1.jpg,0,healthy,healthy,0,C1P39,train
rocole/00463.jpg,rocole,C1P39E2.jpg,1,rust,rust_level_1,1,C1P39,train
rocole/00464.jpg,rocole,C1P35E2.jpg,1,rust,rust_level_1,1,C1P35,train
rocole/00465.jpg,rocole,C1P38E2.jpg,1,rust,rust_level_1,1,C1P38,train
rocole/00466.jpg,rocole,C1P40E1.jpg,0,healthy,healthy,0,C1P40,train
rocole/00467.jpg,rocole,C2P27H2.jpg,1,rust,rust_level_1,1,C2P27,train
rocole/00468.jpg,rocole,C1P40H2.jpg,1,rust,rust_level_1,1,C1P40,train
rocole/00475.jpg,rocole,C3P13H2.jpg,2,red_spider_mite,red_spider_mite,0,C3P13,train
rocole/00478.jpg,rocole,C3P22H2.jpg,2,red_spider_mite,red_spider_mite,0,C3P22,train
rocole/00479.jpg,rocole,C2P35E2.jpg,2,red_spider_mite,red_spider_mite,0,C2P35,train
rocole/00480.jpg,rocole,C3P28H1.jpg,0,healthy,healthy,0,C3P28,train
rocole/00481.jpg,rocole,C3P8H2.jpg,1,rust,rust_level_1,1,C3P8,train
rocole/00482.jpg,rocole,C3P28H2.jpg,1,rust,rust_level_1,1,C3P28,train
rocole/00483.jpg,rocole,C3P30H2.jpg,1,rust,rust_level_3,3,C3P30,train
rocole/00485.jpg,rocole,C3P32H1.jpg,0,healthy,healthy,0,C3P32,train
rocole/00486.jpg,rocole,C3P30H1.jpg,0,healthy,healthy,0,C3P30,train
rocole/00487.jpg,rocole,C3P35E1.jpg,0,healthy,healthy,0,C3P35,train
rocole/00489.jpg,rocole,C3P38E1.jpg,0,healthy,healthy,0,C3P38,train
rocole/00491.jpg,rocole,C3P38H2.jpg,1,rust,rust_level_4,4,C3P38,train
rocole/00493.jpg,rocole,C3P39H1.jpg,0,healthy,healthy,0,C3P39,train
rocole/00498.jpg,rocole,C4P15E2.jpg,2,red_spider_mite,red_spider_mite,0,C4P15,train
rocole/00499.jpg,rocole,C4P5H2.jpg,1,rust,rust_level_2,2,C4P5,train
rocole/00500.jpg,rocole,C4P16H1.jpg,0,healthy,healthy,0,C4P16,train
rocole/00507.jpg,rocole,C4P18H1.jpg,0,healthy,healthy,0,C4P18,train
rocole/00508.jpg,rocole,C4P19H1.jpg,0,healthy,healthy,0,C4P19,train
rocole/00510.jpg,rocole,C4P23H1.jpg,0,healthy,healthy,0,C4P23,train
rocole/00512.jpg,rocole,C4P21H1.jpg,0,healthy,healthy,0,C4P21,train
rocole/00513.jpg,rocole,C4P22H1.jpg,0,healthy,healthy,0,C4P22,train
rocole/00516.jpg,rocole,C4P27E1.jpg,0,healthy,healthy,0,C4P27,train
rocole/00517.jpg,rocole,C4P28E1.jpg,0,healthy,healthy,0,C4P28,train
rocole/00518.jpg,rocole,C4P28H2.jpg,1,rust,rust_level_3,3,C4P28,train
rocole/00523.jpg,rocole,C4P31E1.jpg,0,healthy,healthy,0,C4P31,train
rocole/00524.jpg,rocole,C4P31E2.jpg,1,rust,rust_level_1,1,C4P31,train
rocole/00525.jpg,rocole,C4P31H2.jpg,1,rust,rust_level_1,1,C4P31,train
rocole/00526.jpg,rocole,C4P40E2.jpg,1,rust,rust_level_3,3,C4P40,train
rocole/00527.jpg,rocole,C5P1E1.jpg,0,healthy,healthy,0,C5P1,train
rocole/00530.jpg,rocole,C4P37E1.jpg,0,healthy,healthy,0,C4P37,train
rocole/00531.jpg,rocole,C4P37E2.jpg,2,red_spider_mite,red_spider_mite,0,C4P37,train
rocole/00532.jpg,rocole,C4P37H2.jpg,1,rust,rust_level_1,1,C4P37,train
rocole/00533.jpg,rocole,C4P38E2.jpg,1,rust,rust_level_1,1,C4P38,train
rocole/00536.jpg,rocole,C4P40E1.jpg,0,healthy,healthy,0,C4P40,train
rocole/00537.jpg,rocole,C5P4E2.jpg,1,rust,rust_level_3,3,C5P4,train
rocole/00538.jpg,rocole,C5P4H1.jpg,0,healthy,healthy,0,C5P4,train
rocole/00539.jpg,rocole,C5P4H2.jpg,1,rust,rust_level_2,2,C5P4,train
rocole/00540.jpg,rocole,C5P5E1.jpg,0,healthy,healthy,0,C5P5,train
rocole/00541.jpg,rocole,C5P5E2.jpg,1,rust,rust_level_1,1,C5P5,train
rocole/00542.jpg,rocole,C5P5H1.jpg,0,healthy,healthy,0,C5P5,train
rocole/00543.jpg,rocole,C5P5H2.jpg,1,rust,rust_level_1,1,C5P5,train
rocole/00544.jpg,rocole,C5P6E1.jpg,0,healthy,healthy,0,C5P6,train
rocole/00545.jpg,rocole,C5P6E2.jpg,1,rust,rust_level_1,1,C5P6,train
rocole/00546.jpg,rocole,C5P6H1.jpg,0,healthy,healthy,0,C5P6,train
rocole/00547.jpg,rocole,C5P6H2.jpg,1,rust,rust_level_1,1,C5P6,train
rocole/00548.jpg,rocole,C5P7E1.jpg,1,rust,rust_level_1,1,C5P7,train
rocole/00549.jpg,rocole,C5P7E2.jpg,0,healthy,healthy,0,C5P7,train
rocole/00550.jpg,rocole,C5P7H1.jpg,1,rust,rust_level_1,1,C5P7,train
rocole/00551.jpg,rocole,C5P7H2.jpg,0,healthy,healthy,0,C5P7,train
rocole/00552.jpg,rocole,C5P8E1.jpg,0,healthy,healthy,0,C5P8,train
rocole/00553.jpg,rocole,C5P8E2.jpg,1,rust,rust_level_1,1,C5P8,train
rocole/00554.jpg,rocole,C5P8H1.jpg,0,healthy,healthy,0,C5P8,train
rocole/00555.jpg,rocole,C5P8H2.jpg,1,rust,rust_level_1,1,C5P8,train
rocole/00561.jpg,rocole,C4P25E1.jpg,0,healthy,healthy,0,C4P25,train
rocole/00562.jpg,rocole,C4P25H1.jpg,0,healthy,healthy,0,C4P25,train
rocole/00563.jpg,rocole,C4P25H2.jpg,2,red_spider_mite,red_spider_mite,0,C4P25,train
rocole/00566.jpg,rocole,C5P10E1.jpg,1,rust,rust_level_1,1,C5P10,train
rocole/00567.jpg,rocole,C5P10E2.jpg,0,healthy,healthy,0,C5P10,train
rocole/00568.jpg,rocole,C5P10H1.jpg,1,rust,rust_level_1,1,C5P10,train
rocole/00569.jpg,rocole,C5P10H2.jpg,0,healthy,healthy,0,C5P10,train
rocole/00570.jpg,rocole,C5P11E1.jpg,1,rust,rust_level_1,1,C5P11,train
rocole/00571.jpg,rocole,C5P11E2.jpg,0,healthy,healthy,0,C5P11,train
rocole/00572.jpg,rocole,C5P11H1.jpg,1,rust,rust_level_1,1,C5P11,train
rocole/00573.jpg,rocole,C5P11H2.jpg,0,healthy,healthy,0,C5P11,train
rocole/00574.jpg,rocole,C5P12E1.jpg,1,rust,rust_level_2,2,C5P12,train
rocole/00575.jpg,rocole,C5P12E2.jpg,0,healthy,healthy,0,C5P12,train
rocole/00576.jpg,rocole,C5P12H1.jpg,1,rust,rust_level_3,3,C5P12,train
rocole/00577.jpg,rocole,C5P12H2.jpg,0,healthy,healthy,0,C5P12,train
rocole/00578.jpg,rocole,C5P13E1.jpg,0,healthy,healthy,0,C5P13,train
rocole/00579.jpg,rocole,C5P1E2.jpg,2,red_spider_mite,red_spider_mite,0,C5P1,train
rocole/00580.jpg,rocole,C5P4E1.jpg,0,healthy,healthy,0,C5P4,train
rocole/00581.jpg,rocole,C5P13E2.jpg,0,healthy,healthy,0,C5P13,train
rocole/00582.jpg,rocole,C5P13H1.jpg,0,healthy,healthy,0,C5P13,train
rocole/00583.jpg,rocole,C5P13H2.jpg,1,rust,rust_level_1,1,C5P13,train
rocole/00588.jpg,rocole,C5P17E1.jpg,0,healthy,healthy,0,C5P17,train
rocole/00589.jpg,rocole,C5P17E2.jpg,1,rust,rust_level_1,1,C5P17,train
rocole/00590.jpg,rocole,C5P17H1.jpg,0,healthy,healthy,0,C5P17,train
rocole/00591.jpg,rocole,C5P17H2.jpg,1,rust,rust_level_1,1,C5P17,train
rocole/00592.jpg,rocole,C5P18E1.jpg,0,healthy,healthy,0,C5P18,train
rocole/00593.jpg,rocole,C5P18E2.jpg,1,rust,rust_level_1,1,C5P18,train
rocole/00594.jpg,rocole,C5P18H1.jpg,0,healthy,healthy,0,C5P18,train
rocole/00595.jpg,rocole,C5P18H2.jpg,2,red_spider_mite,red_spider_mite,0,C5P18,train
rocole/00600.jpg,rocole,C5P1H1.jpg,0,healthy,healthy,0,C5P1,train
rocole/00602.jpg,rocole,C5P1H2.jpg,2,red_spider_mite,red_spider_mite,0,C5P1,train
rocole/00606.jpg,rocole,C5P2E1.jpg,0,healthy,healthy,0,C5P2,train
rocole/00609.jpg,rocole,C5P2E2.jpg,2,red_spider_mite,red_spider_mite,0,C5P2,train
rocole/00611.jpg,rocole,C5P2H1.jpg,0,healthy,healthy,0,C5P2,train
rocole/00614.jpg,rocole,C5P2H2.jpg,2,red_spider_mite,red_spider_mite,0,C5P2,train
rocole/00615.jpg,rocole,C5P28E2.jpg,0,healthy,healthy,0,C5P28,train
rocole/00621.jpg,rocole,C5P28H1.jpg,1,rust,rust_level_1,1,C5P28,train
rocole/00628.jpg,rocole,C5P28E1.jpg,1,rust,rust_level_1,1,C5P28,train
rocole/00629.jpg,rocole,C5P32H1.jpg,0,healthy,healthy,0,C5P32,train
rocole/00630.jpg,rocole,C5P32H2.jpg,0,healthy,healthy,0,C5P32,train
rocole/00631.jpg,rocole,C5P33E1.jpg,1,rust,rust_level_2,2,C5P33,train
rocole/00632.jpg,rocole,C5P33E2.jpg,0,healthy,healthy,0,C5P33,train
rocole/00633.jpg,rocole,C5P33H1.jpg,1,rust,rust_level_2,2,C5P33,train
rocole/00635.jpg,rocole,C5P33H2.jpg,0,healthy,healthy,0,C5P33,train
rocole/00640.jpg,rocole,C5P37E1.jpg,1,rust,rust_level_1,1,C5P37,train
rocole/00641.jpg,rocole,C5P37E2.jpg,0,healthy,healthy,0,C5P37,train
rocole/00642.jpg,rocole,C5P37H1.jpg,0,healthy,healthy,0,C5P37,train
rocole/00643.jpg,rocole,C5P37H2.jpg,1,rust,rust_level_1,1,C5P37,train
rocole/00654.jpg,rocole,C5P40E1.jpg,0,healthy,healthy,0,C5P40,train
rocole/00655.jpg,rocole,C5P40E2.jpg,1,rust,rust_level_1,1,C5P40,train
rocole/00656.jpg,rocole,C5P40H1.jpg,0,healthy,healthy,0,C5P40,train
rocole/00657.jpg,rocole,C5P30H2.jpg,0,healthy,healthy,0,C5P30,train
rocole/00658.jpg,rocole,C5P40H2.jpg,1,rust,rust_level_1,1,C5P40,train
rocole/00659.jpg,rocole,C5P31E1.jpg,0,healthy,healthy,0,C5P31,train
rocole/00664.jpg,rocole,C6P3E1.jpg,0,healthy,healthy,0,C6P3,train
rocole/00665.jpg,rocole,C6P3E2.jpg,1,rust,rust_level_1,1,C6P3,train
rocole/00666.jpg,rocole,C6P3H1.jpg,0,healthy,healthy,0,C6P3,train
rocole/00667.jpg,rocole,C6P3H2.jpg,1,rust,rust_level_1,1,C6P3,train
rocole/00675.jpg,rocole,C5P31E2.jpg,1,rust,rust_level_1,1,C5P31,train
rocole/00676.jpg,rocole,C5P31H1.jpg,0,healthy,healthy,0,C5P31,train
rocole/00677.jpg,rocole,C5P31H2.jpg,1,rust,rust_level_1,1,C5P31,train
rocole/00678.jpg,rocole,C5P32E1.jpg,0,healthy,healthy,0,C5P32,train
rocole/00679.jpg,rocole,C5P32E2.jpg,1,rust,rust_level_1,1,C5P32,train
rocole/00694.jpg,rocole,C6P6E1.jpg,0,healthy,healthy,0,C6P6,train
rocole/00695.jpg,rocole,C6P12E1.jpg,0,healthy,healthy,0,C6P12,train
rocole/00696.jpg,rocole,C6P6E2.jpg,1,rust,rust_level_1,1,C6P6,train
rocole/00697.jpg,rocole,C6P12E2.jpg,1,rust,rust_level_1,1,C6P12,train
rocole/00698.jpg,rocole,C6P12H1.jpg,0,healthy,healthy,0,C6P12,train
rocole/00699.jpg,rocole,C6P12H2.jpg,2,red_spider_mite,red_spider_mite,0,C6P12,train
rocole/00704.jpg,rocole,C6P14E1.jpg,0,healthy,healthy,0,C6P14,train
rocole/00705.jpg,rocole,C6P14E2.jpg,0,healthy,healthy,0,C6P14,train
rocole/00706.jpg,rocole,C6P14H1.jpg,0,healthy,healthy,0,C6P14,train
rocole/00707.jpg,rocole,C6P14H2.jpg,1,rust,rust_level_1,1,C6P14,train
rocole/00712.jpg,rocole,C6P20E1.jpg,0,healthy,healthy,0,C6P20,train
rocole/00713.jpg,rocole,C6P6H1.jpg,0,healthy,healthy,0,C6P6,train
rocole/00714.jpg,rocole,C6P20E2.jpg,1,rust,rust_level_2,2,C6P20,train
rocole/00715.jpg,rocole,C6P6H2.jpg,2,red_spider_mite,red_spider_mite,0,C6P6,train
rocole/00717.jpg,rocole,C6P20H1.jpg,0,healthy,healthy,0,C6P20,train
rocole/00719.jpg,rocole,C6P20H2.jpg,1,rust,rust_level_2,2,C6P20,train
rocole/00721.jpg,rocole,C6P21H1.jpg,1,rust,rust_level_1,1,C6P21,train
rocole/00722.jpg,rocole,C6P21H2.jpg,0,healthy,healthy,0,C6P21,train
rocole/00723.jpg,rocole,C6P21E1.jpg,1,rust,rust_level_1,1,C6P21,train
rocole/00725.jpg,rocole,C6P21E2.jpg,0,healthy,healthy,0,C6P21,train
rocole/00726.jpg,rocole,C6P24E2.jpg,1,rust,rust_level_1,1,C6P24,train
rocole/00728.jpg,rocole,C6P24H1.jpg,0,healthy,healthy,0,C6P24,train
rocole/00730.jpg,rocole,C6P24H2.jpg,1,rust,rust_level_1,1,C6P24,train
rocole/00733.jpg,rocole,C6P24E1.jpg,0,healthy,healthy,0,C6P24,train
rocole/00740.jpg,rocole,C6P28H2.jpg,1,rust,rust_level_1,1,C6P28,train
rocole/00742.jpg,rocole,C6P29E1.jpg,0,healthy,healthy,0,C6P29,train
rocole/00743.jpg,rocole,C6P28E1.jpg,0,healthy,healthy,0,C6P28,train
rocole/00744.jpg,rocole,C6P29E2.jpg,0,healthy,healthy,0,C6P29,train
rocole/00745.jpg,rocole,C6P28E2.jpg,1,rust,rust_level_1,1,C6P28,train
rocole/00746.jpg,rocole,C6P29H1.jpg,0,healthy,healthy,0,C6P29,train
rocole/00747.jpg,rocole,C6P29H2.jpg,0,healthy,healthy,0,C6P29,train
rocole/00750.jpg,rocole,C6P33H1.jpg,0,healthy,healthy,0,C6P33,train
rocole/00751.jpg,rocole,C6P34E1.jpg,1,rust,rust_level_1,1,C6P34,train
rocole/00752.jpg,rocole,C6P34E2.jpg,0,healthy,healthy,0,C6P34,train
rocole/00753.jpg,rocole,C6P34H1.jpg,1,rust,rust_level_1,1,C6P34,train
rocole/00754.jpg,rocole,C6P34H2.jpg,0,healthy,healthy,0,C6P34,train
rocole/00755.jpg,rocole,C6P35E1.jpg,0,healthy,healthy,0,C6P35,train
rocole/00756.jpg,rocole,C6P35E2.jpg,1,rust,rust_level_1,1,C6P35,train
rocole/00757.jpg,rocole,C6P35H1.jpg,0,healthy,healthy,0,C6P35,train
rocole/00758.jpg,rocole,C6P35H2.jpg,1,rust,rust_level_1,1,C6P35,train
rocole/00759.jpg,rocole,C6P36E1.jpg,0,healthy,healthy,0,C6P36,train
rocole/00760.jpg,rocole,C6P36E2.jpg,2,red_spider_mite,red_spider_mite,0,C6P36,train
rocole/00761.jpg,rocole,C6P36H1.jpg,0,healthy,healthy,0,C6P36,train
rocole/00762.jpg,rocole,C6P36H2.jpg,2,red_spider_mite,red_spider_mite,0,C6P36,train
rocole/00763.jpg,rocole,C6P37E1.jpg,1,rust,rust_level_1,1,C6P37,train
rocole/00764.jpg,rocole,C6P37E2.jpg,0,healthy,healthy,0,C6P37,train
rocole/00765.jpg,rocole,C6P37H1.jpg,1,rust,rust_level_2,2,C6P37,train
rocole/00766.jpg,rocole,C6P37H2.jpg,0,healthy,healthy,0,C6P37,train
rocole/00767.jpg,rocole,C6P39E1.jpg,0,healthy,healthy,0,C6P39,train
rocole/00768.jpg,rocole,C6P39E2.jpg,1,rust,rust_level_1,1,C6P39,train
rocole/00769.jpg,rocole,C6P39H1.jpg,0,healthy,healthy,0,C6P39,train
rocole/00770.jpg,rocole,C6P39H2.jpg,1,rust,rust_level_1,1,C6P39,train
rocole/00771.jpg,rocole,C5P28H2.jpg,0,healthy,healthy,0,C5P28,train
rocole/00772.jpg,rocole,C5P29E1.jpg,0,healthy,healthy,0,C5P29,train
rocole/00773.jpg,rocole,C5P29E2.jpg,1,rust,rust_level_1,1,C5P29,train
rocole/00774.jpg,rocole,C5P29H1.jpg,0,healthy,healthy,0,C5P29,train
rocole/00775.jpg,rocole,C5P29H2.jpg,1,rust,rust_level_1,1,C5P29,train
rocole/00776.jpg,rocole,C5P30E1.jpg,1,rust,rust_level_1,1,C5P30,train
rocole/00777.jpg,rocole,C5P30E2.jpg,0,healthy,healthy,0,C5P30,train
rocole/00778.jpg,rocole,C5P30H1.jpg,1,rust,rust_level_1,1,C5P30,train
rocole/00779.jpg,rocole,C6P40E1.jpg,0,healthy,healthy,0,C6P40,train
rocole/00780.jpg,rocole,C6P40E2.jpg,2,red_spider_mite,red_spider_mite,0,C6P40,train
rocole/00781.jpg,rocole,C6P40H1.jpg,0,healthy,healthy,0,C6P40,train
rocole/00782.jpg,rocole,C6P40H2.jpg,2,red_spider_mite,red_spider_mite,0,C6P40,train
rocole/00787.jpg,rocole,C7P3E1.jpg,1,rust,rust_level_1,1,C7P3,train
rocole/00788.jpg,rocole,C7P3E2.jpg,0,healthy,healthy,0,C7P3,train
rocole/00789.jpg,rocole,C6P28H1.jpg,0,healthy,healthy,0,C6P28,train
rocole/00790.jpg,rocole,C7P5E1.jpg,1,rust,rust_level_1,1,C7P5,train
rocole/00791.jpg,rocole,C7P5E2.jpg,0,healthy,healthy,0,C7P5,train
rocole/00792.jpg,rocole,C7P5H1.jpg,1,rust,rust_level_1,1,C7P5,train
rocole/00793.jpg,rocole,C7P5H2.jpg,0,healthy,healthy,0,C7P5,train
rocole/00800.jpg,rocole,C6P32E1.jpg,1,rust,rust_level_1,1,C6P32,train
rocole/00801.jpg,rocole,C6P32E2.jpg,0,healthy,healthy,0,C6P32,train
rocole/00802.jpg,rocole,C6P32H1.jpg,1,rust,rust_level_1,1,C6P32,train
rocole/00803.jpg,rocole,C6P32H2.jpg,0,healthy,healthy,0,C6P32,train
rocole/00804.jpg,rocole,C6P33E1.jpg,0,healthy,healthy,0,C6P33,train
rocole/00805.jpg,rocole,C7P3H1.jpg,1,rust,rust_level_1,1,C7P3,train
rocole/00806.jpg,rocole,C7P3H2.jpg,0,healthy,healthy,0,C7P3,train
rocole/00810.jpg,rocole,C7P10E1.jpg,0,healthy,healthy,0,C7P10,train
rocole/00811.jpg,rocole,C7P10E2.jpg,1,rust,rust_level_1,1,C7P10,train
rocole/00812.jpg,rocole,C7P10H1.jpg,0,healthy,healthy,0,C7P10,train
rocole/00813.jpg,rocole,C7P10H2.jpg,1,rust,rust_level_1,1,C7P10,train
rocole/00818.jpg,rocole,C7P12E1.jpg,2,red_spider_mite,red_spider_mite,0,C7P12,train
rocole/00819.jpg,rocole,C7P12E2.jpg,1,rust,rust_level_1,1,C7P12,train
rocole/00820.jpg,rocole,C7P12H1.jpg,2,red_spider_mite,red_spider_mite,0,C7P12,train
rocole/00821.jpg,rocole,C7P12H2.jpg,1,rust,rust_level_1,1,C7P12,train
rocole/00822.jpg,rocole,C7P13E1.jpg,0,healthy,healthy,0,C7P13,train
rocole/00823.jpg,rocole,C7P13E2.jpg,0,healthy,healthy,0,C7P13,train
rocole/00824.jpg,rocole,C7P13H1.jpg,0,healthy,healthy,0,C7P13,train
rocole/00825.jpg,rocole,C7P13H2.jpg,0,healthy,healthy,0,C7P13,train
rocole/00838.jpg,rocole,C7P18E1.jpg,1,rust,rust_level_1,1,C7P18,train
rocole/00839.jpg,rocole,C7P18E2.jpg,0,healthy,healthy,0,C7P18,train
rocole/00840.jpg,rocole,C7P18H1.jpg,1,rust,rust_level_1,1,C7P18,train
rocole/00841.jpg,rocole,C7P18H2.jpg,0,healthy,healthy,0,C7P18,train
rocole/00846.jpg,rocole,C7P20E1.jpg,0,healthy,healthy,0,C7P20,train
rocole/00847.jpg,rocole,C7P20E2.jpg,1,rust,rust_level_2,2,C7P20,train
rocole/00848.jpg,rocole,C7P20H1.jpg,0,healthy,healthy,0,C7P20,train
rocole/00849.jpg,rocole,C7P20H2.jpg,1,rust,rust_level_2,2,C7P20,train
rocole/00858.jpg,rocole,C7P23E1.jpg,0,healthy,healthy,0,C7P23,train
rocole/00859.jpg,rocole,C7P23E2.jpg,1,rust,rust_level_1,1,C7P23,train
rocole/00860.jpg,rocole,C7P23H1.jpg,0,healthy,healthy,0,C7P23,train
rocole/00861.jpg,rocole,C7P23H2.jpg,0,healthy,healthy,0,C7P23,train
rocole/00866.jpg,rocole,C7P25E1.jpg,1,rust,rust_level_2,2,C7P25,train
rocole/00867.jpg,rocole,C7P25E2.jpg,0,healthy,healthy,0,C7P25,train
rocole/00868.jpg,rocole,C7P25H1.jpg,1,rust,rust_level_2,2,C7P25,train
rocole/00869.jpg,rocole,C7P25H2.jpg,0,healthy,healthy,0,C7P25,train
rocole/00870.jpg,rocole,C7P28E1.jpg,0,healthy,healthy,0,C7P28,train
rocole/00871.jpg,rocole,C7P28E2.jpg,1,rust,rust_level_2,2,C7P28,train
rocole/00872.jpg,rocole,C7P28H1.jpg,0,healthy,healthy,0,C7P28,train
rocole/00873.jpg,rocole,C7P28H2.jpg,1,rust,rust_level_3,3,C7P28,train
rocole/00874.jpg,rocole,C7P29E1.jpg,0,healthy,healthy,0,C7P29,train
rocole/00875.jpg,rocole,C7P29E2.jpg,1,rust,rust_level_1,1,C7P29,train
rocole/00876.jpg,rocole,C7P29H1.jpg,0,healthy,healthy,0,C7P29,train
rocole/00877.jpg,rocole,C7P29H2.jpg,1,rust,rust_level_1,1,C7P29,train
rocole/00882.jpg,rocole,C7P31E1.jpg,0,healthy,healthy,0,C7P31,train
rocole/00883.jpg,rocole,C7P31E2.jpg,2,red_spider_mite,red_spider_mite,0,C7P31,train
rocole/00884.jpg,rocole,C7P31H1.jpg,0,healthy,healthy,0,C7P31,train
rocole/00885.jpg,rocole,C7P31H2.jpg,2,red_spider_mite,red_spider_mite,0,C7P31,train
rocole/00890.jpg,rocole,C7P33E1.jpg,1,rust,rust_level_1,1,C7P33,train
rocole/00891.jpg,rocole,C7P33E2.jpg,0,healthy,healthy,0,C7P33,train
rocole/00892.jpg,rocole,C7P33H1.jpg,1,rust,rust_level_1,1,C7P33,train
rocole/00893.jpg,rocole,C7P33H2.jpg,0,healthy,healthy,0,C7P33,train
rocole/00898.jpg,rocole,C7P35E1.jpg,0,healthy,healthy,0,C7P35,train
rocole/00899.jpg,rocole,C7P7E1.jpg,0,healthy,healthy,0,C7P7,train
rocole/00900.jpg,rocole,C7P7E2.jpg,1,rust,rust_level_1,1,C7P7,train
rocole/00901.jpg,rocole,C7P7H1.jpg,0,healthy,healthy,0,C7P7,train
rocole/00902.jpg,rocole,C7P7H2.jpg,1,rust,rust_level_1,1,C7P7,train
rocole/00903.jpg,rocole,C7P8E1.jpg,1,rust,rust_level_2,2,C7P8,train
rocole/00904.jpg,rocole,C7P8E2.jpg,0,healthy,healthy,0,C7P8,train
rocole/00905.jpg,rocole,C7P8H1.jpg,1,rust,rust_level_2,2,C7P8,train
rocole/00906.jpg,rocole,C7P8H2.jpg,0,healthy,healthy,0,C7P8,train
rocole/00908.jpg,rocole,C7P35E2.jpg,1,rust,rust_level_1,1,C7P35,train
rocole/00909.jpg,rocole,C7P35H1.jpg,0,healthy,healthy,0,C7P35,train
rocole/00910.jpg,rocole,C7P35H2.jpg,1,rust,rust_level_1,1,C7P35,train
rocole/00911.jpg,rocole,C7P36E1.jpg,0,healthy,healthy,0,C7P36,train
rocole/00912.jpg,rocole,C7P36E2.jpg,1,rust,rust_level_2,2,C7P36,train
rocole/00913.jpg,rocole,C7P36H1.jpg,0,healthy,healthy,0,C7P36,train
rocole/00914.jpg,rocole,C7P36H2.jpg,1,rust,rust_level_2,2,C7P36,train
rocole/00919.jpg,rocole,C7P39E1.jpg,0,healthy,healthy,0,C7P39,train
rocole/00920.jpg,rocole,C7P39E2.jpg,2,red_spider_mite,red_spider_mite,0,C7P39,train
rocole/00921.jpg,rocole,C7P39H1.jpg,0,healthy,healthy,0,C7P39,train
rocole/00922.jpg,rocole,C7P39H2.jpg,2,red_spider_mite,red_spider_mite,0,C7P39,train
rocole/00923.jpg,rocole,C7P40E1.jpg,0,healthy,healthy,0,C7P40,train
rocole/00924.jpg,rocole,C7P40E2.jpg,1,rust,rust_level_1,1,C7P40,train
rocole/00925.jpg,rocole,C7P40H1.jpg,0,healthy,healthy,0,C7P40,train
rocole/00926.jpg,rocole,C7P40H2.jpg,1,rust,rust_level_1,1,C7P40,train
rocole/00927.jpg,rocole,C8P1E1.jpg,0,healthy,healthy,0,C8P1,train
rocole/00928.jpg,rocole,C8P1E2.jpg,0,healthy,healthy,0,C8P1,train
rocole/00929.jpg,rocole,C8P1H1.jpg,0,healthy,healthy,0,C8P1,train
rocole/00930.jpg,rocole,C8P1H2.jpg,0,healthy,healthy,0,C8P1,train
rocole/00935.jpg,rocole,C8P4E1.jpg,1,rust,rust_level_1,1,C8P4,train
rocole/00936.jpg,rocole,C8P4E2.jpg,0,healthy,healthy,0,C8P4,train
rocole/00937.jpg,rocole,C8P4H1.jpg,1,rust,rust_level_1,1,C8P4,train
rocole/00938.jpg,rocole,C8P4H2.jpg,0,healthy,healthy,0,C8P4,train
rocole/00939.jpg,rocole,C8P5E1.jpg,1,rust,rust_level_1,1,C8P5,train
rocole/00940.jpg,rocole,C8P5E2.jpg,0,healthy,healthy,0,C8P5,train
rocole/00941.jpg,rocole,C8P5H1.jpg,1,rust,rust_level_1,1,C8P5,train
rocole/00942.jpg,rocole,C8P5H2.jpg,0,healthy,healthy,0,C8P5,train
rocole/00948.jpg,rocole,C8P10E1.jpg,0,healthy,healthy,0,C8P10,train
rocole/00949.jpg,rocole,C8P10E2.jpg,0,healthy,healthy,0,C8P10,train
rocole/00950.jpg,rocole,C8P10H1.jpg,0,healthy,healthy,0,C8P10,train
rocole/00951.jpg,rocole,C8P10H2.jpg,1,rust,rust_level_1,1,C8P10,train
rocole/00952.jpg,rocole,C8P11E1.jpg,0,healthy,healthy,0,C8P11,train
rocole/00953.jpg,rocole,C8P11E2.jpg,1,rust,rust_level_1,1,C8P11,train
rocole/00954.jpg,rocole,C8P11H1.jpg,0,healthy,healthy,0,C8P11,train
rocole/00955.jpg,rocole,C8P11H2.jpg,1,rust,rust_level_1,1,C8P11,train
rocole/00960.jpg,rocole,C8P13E1.jpg,0,healthy,healthy,0,C8P13,train
rocole/00961.jpg,rocole,C8P13E2.jpg,0,healthy,healthy,0,C8P13,train
rocole/00962.jpg,rocole,C8P13H1.jpg,1,rust,rust_level_1,1,C8P13,train
rocole/00963.jpg,rocole,C8P13H2.jpg,0,healthy,healthy,0,C8P13,train
rocole/00964.jpg,rocole,C8P14E1.jpg,1,rust,rust_level_1,1,C8P14,train
rocole/00965.jpg,rocole,C8P14E2.jpg,1,rust,rust_level_1,1,C8P14,train
rocole/00966.jpg,rocole,C8P14H1.jpg,1,rust,rust_level_1,1,C8P14,train
rocole/00967.jpg,rocole,C8P14H2.jpg,1,rust,rust_level_1,1,C8P14,train
rocole/00972.jpg,rocole,C8P16E1.jpg,1,rust,rust_level_1,1,C8P16,train
rocole/00973.jpg,rocole,C8P16E2.jpg,0,healthy,healthy,0,C8P16,train
rocole/00974.jpg,rocole,C8P16H1.jpg,1,rust,rust_level_1,1,C8P16,train
rocole/00975.jpg,rocole,C8P16H2.jpg,0,healthy,healthy,0,C8P16,train
rocole/00980.jpg,rocole,C8P18E1.jpg,0,healthy,healthy,0,C8P18,train
rocole/00981.jpg,rocole,C8P18E2.jpg,1,rust,rust_level_1,1,C8P18,train
rocole/00982.jpg,rocole,C8P18H1.jpg,0,healthy,healthy,0,C8P18,train
rocole/00983.jpg,rocole,C8P18H2.jpg,1,rust,rust_level_1,1,C8P18,train
rocole/00984.jpg,rocole,C8P19E1.jpg,0,healthy,healthy,0,C8P19,train
rocole/00985.jpg,rocole,C8P19E2.jpg,1,rust,rust_level_2,2,C8P19,train
rocole/00986.jpg,rocole,C8P19H1.jpg,0,healthy,healthy,0,C8P19,train
rocole/00987.jpg,rocole,C8P19H2.jpg,1,rust,rust_level_2,2,C8P19,train
rocole/00988.jpg,rocole,C8P21E1.jpg,0,healthy,healthy,0,C8P21,train
rocole/00989.jpg,rocole,C8P21E2.jpg,0,healthy,healthy,0,C8P21,train
rocole/00990.jpg,rocole,C8P21H1.jpg,0,healthy,healthy,0,C8P21,train
rocole/00991.jpg,rocole,C8P21H2.jpg,0,healthy,healthy,0,C8P21,train
rocole/00992.jpg,rocole,C8P22E1.jpg,1,rust,rust_level_1,1,C8P22,train
rocole/00993.jpg,rocole,C8P22E2.jpg,1,rust,rust_level_2,2,C8P22,train
rocole/00994.jpg,rocole,C8P22H1.jpg,1,rust,rust_level_1,1,C8P22,train
rocole/00995.jpg,rocole,C8P22H2.jpg,1,rust,rust_level_2,2,C8P22,train
rocole/00996.jpg,rocole,C8P23E1.jpg,0,healthy,healthy,0,C8P23,train
rocole/00997.jpg,rocole,C8P23E2.jpg,1,rust,rust_level_1,1,C8P23,train
rocole/00998.jpg,rocole,C8P23H1.jpg,0,healthy,healthy,0,C8P23,train
rocole/01000.jpg,rocole,C8P23H2.jpg,1,rust,rust_level_1,1,C8P23,train
rocole/01001.jpg,rocole,C8P24E1.jpg,0,healthy,healthy,0,C8P24,train
rocole/01002.jpg,rocole,C8P24H1.jpg,0,healthy,healthy,0,C8P24,train
rocole/01003.jpg,rocole,C8P24H2.jpg,1,rust,rust_level_2,2,C8P24,train
rocole/01004.jpg,rocole,C8P25E1.jpg,0,healthy,healthy,0,C8P25,train
rocole/01005.jpg,rocole,C8P25E2.jpg,0,healthy,healthy,0,C8P25,train
rocole/01006.jpg,rocole,C8P25H1.jpg,0,healthy,healthy,0,C8P25,train
rocole/01007.jpg,rocole,C8P25H2.jpg,0,healthy,healthy,0,C8P25,train
rocole/01009.jpg,rocole,C8P28E1.jpg,0,healthy,healthy,0,C8P28,train
rocole/01010.jpg,rocole,C8P28E2.jpg,1,rust,rust_level_1,1,C8P28,train
rocole/01011.jpg,rocole,C8P28H1.jpg,0,healthy,healthy,0,C8P28,train
rocole/01012.jpg,rocole,C8P28H2.jpg,1,rust,rust_level_1,1,C8P28,train
rocole/01013.jpg,rocole,C8P29E1.jpg,0,healthy,healthy,0,C8P29,train
rocole/01014.jpg,rocole,C8P29E2.jpg,1,rust,rust_level_2,2,C8P29,train
rocole/01015.jpg,rocole,C8P29H2.jpg,1,rust,rust_level_2,2,C8P29,train
rocole/01016.jpg,rocole,C8P29H1.jpg,0,healthy,healthy,0,C8P29,train
rocole/01017.jpg,rocole,C8P30E1.jpg,1,rust,rust_level_1,1,C8P30,train
rocole/01018.jpg,rocole,C8P30E2.jpg,0,healthy,healthy,0,C8P30,train
rocole/01019.jpg,rocole,C8P30H1.jpg,1,rust,rust_level_2,2,C8P30,train
rocole/01020.jpg,rocole,C8P30H2.jpg,0,healthy,healthy,0,C8P30,train
rocole/01025.jpg,rocole,C8P34E1.jpg,1,rust,rust_level_2,2,C8P34,train
rocole/01026.jpg,rocole,C8P34E2.jpg,0,healthy,healthy,0,C8P34,train
rocole/01027.jpg,rocole,C8P34H1.jpg,1,rust,rust_level_2,2,C8P34,train
rocole/01028.jpg,rocole,C8P34H2.jpg,0,healthy,healthy,0,C8P34,train
rocole/01037.jpg,rocole,C8P38E1.jpg,1,rust,rust_level_2,2,C8P38,train
rocole/01038.jpg,rocole,C8P38E2.jpg,0,healthy,healthy,0,C8P38,train
rocole/01039.jpg,rocole,C8P38H1.jpg,1,rust,rust_level_1,1,C8P38,train
rocole/01040.jpg,rocole,C8P38H2.jpg,0,healthy,healthy,0,C8P38,train
rocole/01041.jpg,rocole,C8P39E1.jpg,0,healthy,healthy,0,C8P39,train
rocole/01042.jpg,rocole,C8P39E2.jpg,1,rust,rust_level_1,1,C8P39,train
rocole/01043.jpg,rocole,C8P39H1.jpg,0,healthy,healthy,0,C8P39,train
rocole/01044.jpg,rocole,C8P39H2.jpg,1,rust,rust_level_1,1,C8P39,train
rocole/01045.jpg,rocole,C9P3E1.jpg,1,rust,rust_level_1,1,C9P3,train
rocole/01046.jpg,rocole,C9P3E2.jpg,1,rust,rust_level_1,1,C9P3,train
rocole/01047.jpg,rocole,C9P3H1.jpg,1,rust,rust_level_1,1,C9P3,train
rocole/01048.jpg,rocole,C9P3H2.jpg,0,healthy,healthy,0,C9P3,train
rocole/01053.jpg,rocole,C9P5E1.jpg,1,rust,rust_level_1,1,C9P5,train
rocole/01054.jpg,rocole,C9P5E2.jpg,0,healthy,healthy,0,C9P5,train
rocole/01055.jpg,rocole,C9P5H1.jpg,1,rust,rust_level_1,1,C9P5,train
rocole/01056.jpg,rocole,C9P5H2.jpg,0,healthy,healthy,0,C9P5,train
rocole/01057.jpg,rocole,C9P6E1.jpg,2,red_spider_mite,red_spider_mite,0,C9P6,train
rocole/01058.jpg,rocole,C9P6E2.jpg,0,healthy,healthy,0,C9P6,train
rocole/01059.jpg,rocole,C9P6H1.jpg,1,rust,rust_level_1,1,C9P6,train
rocole/01060.jpg,rocole,C9P6H2.jpg,0,healthy,healthy,0,C9P6,train
rocole/01061.jpg,rocole,C9P7E1.jpg,1,rust,rust_level_2,2,C9P7,train
rocole/01062.jpg,rocole,C9P7E2.jpg,0,healthy,healthy,0,C9P7,train
rocole/01063.jpg,rocole,C9P7H1.jpg,1,rust,rust_level_1,1,C9P7,train
rocole/01064.jpg,rocole,C9P7H2.jpg,0,healthy,healthy,0,C9P7,train
rocole/01069.jpg,rocole,C9P9E1.jpg,1,rust,rust_level_3,3,C9P9,train
rocole/01070.jpg,rocole,C9P9E2.jpg,0,healthy,healthy,0,C9P9,train
rocole/01071.jpg,rocole,C9P9H1.jpg,1,rust,rust_level_2,2,C9P9,train
rocole/01072.jpg,rocole,C9P11H2.jpg,0,healthy,healthy,0,C9P11,train
rocole/01073.jpg,rocole,C9P9H2.jpg,0,healthy,healthy,0,C9P9,train
rocole/01082.jpg,rocole,C9P11E1.jpg,1,rust,rust_level_4,4,C9P11,train
rocole/01084.jpg,rocole,C9P11E2.jpg,0,healthy,healthy,0,C9P11,train
rocole/01085.jpg,rocole,C9P11H1.jpg,1,rust,rust_level_4,4,C9P11,train
rocole/01093.jpg,rocole,C9P15E1.jpg,1,rust,rust_level_3,3,C9P15,train
rocole/01094.jpg,rocole,C9P17E1.jpg,1,rust,rust_level_2,2,C9P17,train
rocole/01095.jpg,rocole,C9P15E2.jpg,0,healthy,healthy,0,C9P15,train
rocole/01096.jpg,rocole,C9P15H1.jpg,1,rust,rust_level_2,2,C9P15,train
rocole/01097.jpg,rocole,C9P17E2.jpg,0,healthy,healthy,0,C9P17,train
rocole/01098.jpg,rocole,C9P15H2.jpg,0,healthy,healthy,0,C9P15,train
rocole/01099.jpg,rocole,C9P17H1.jpg,1,rust,rust_level_2,2,C9P17,train
rocole/01100.jpg,rocole,C9P18H2.jpg,0,healthy,healthy,0,C9P18,train
rocole/01101.jpg,rocole,C9P17H2.jpg,0,healthy,healthy,0,C9P17,train
rocole/01103.jpg,rocole,C9P18E1.jpg,1,rust,rust_level_2,2,C9P18,train
rocole/01106.jpg,rocole,C9P18E2.jpg,0,healthy,healthy,0,C9P18,train
rocole/01108.jpg,rocole,C9P18H1.jpg,1,rust,rust_level_2,2,C9P18,train
rocole/01109.jpg,rocole,C9P20E1.jpg,1,rust,rust_level_1,1,C9P20,train
rocole/01110.jpg,rocole,C9P20H1.jpg,1,rust,rust_level_1,1,C9P20,train
rocole/01111.jpg,rocole,C9P20E2.jpg,0,healthy,healthy,0,C9P20,train
rocole/01112.jpg,rocole,C9P20H2.jpg,0,healthy,healthy,0,C9P20,train
rocole/01113.jpg,rocole,C9P22E2.jpg,0,healthy,healthy,0,C9P22,train
rocole/01114.jpg,rocole,C9P22H1.jpg,1,rust,rust_level_4,4,C9P22,train
rocole/01116.jpg,rocole,C9P22H2.jpg,0,healthy,healthy,0,C9P22,train
rocole/01119.jpg,rocole,C9P23E1.jpg,1,rust,rust_level_3,3,C9P23,train
rocole/01121.jpg,rocole,C9P23E2.jpg,0,healthy,healthy,0,C9P23,train
rocole/01122.jpg,rocole,C9P23H1.jpg,1,rust,rust_level_3,3,C9P23,train
rocole/01123.jpg,rocole,C9P22E1.jpg,1,rust,rust_level_2,2,C9P22,train
rocole/01124.jpg,rocole,C9P23H2.jpg,0,healthy,healthy,0,C9P23,train
rocole/01126.jpg,rocole,C9P25H2.jpg,0,healthy,healthy,0,C9P25,train
rocole/01127.jpg,rocole,C9P26E1.jpg,1,rust,rust_level_1,1,C9P26,train
rocole/01129.jpg,rocole,C9P26E2.jpg,0,healthy,healthy,0,C9P26,train
rocole/01131.jpg,rocole,C9P26H1.jpg,1,rust,rust_level_1,1,C9P26,train
rocole/01132.jpg,rocole,C9P26H2.jpg,0,healthy,healthy,0,C9P26,train
rocole/01138.jpg,rocole,C9P28E1.jpg,2,red_spider_mite,red_spider_mite,0,C9P28,train
rocole/01139.jpg,rocole,C9P25E1.jpg,1,rust,rust_level_1,1,C9P25,train
rocole/01140.jpg,rocole,C9P28E2.jpg,0,healthy,healthy,0,C9P28,train
rocole/01141.jpg,rocole,C9P28H2.jpg,0,healthy,healthy,0,C9P28,train
rocole/01142.jpg,rocole,C9P25E2.jpg,0,healthy,healthy,0,C9P25,train
rocole/01143.jpg,rocole,C9P25H1.jpg,1,rust,rust_level_1,1,C9P25,train
rocole/01144.jpg,rocole,C9P29E1.jpg,1,rust,rust_level_2,2,C9P29,train
rocole/01145.jpg,rocole,C9P29E2.jpg,0,healthy,healthy,0,C9P29,train
rocole/01146.jpg,rocole,C9P29H1.jpg,1,rust,rust_level_2,2,C9P29,train
rocole/01147.jpg,rocole,C9P31E2.jpg,0,healthy,healthy,0,C9P31,train
rocole/01148.jpg,rocole,C9P29H2.jpg,0,healthy,healthy,0,C9P29,train
rocole/01149.jpg,rocole,C9P31H1.jpg,1,rust,rust_level_4,4,C9P31,train
rocole/01151.jpg,rocole,C9P31H2.jpg,0,healthy,healthy,0,C9P31,train
rocole/01152.jpg,rocole,C9P34E1.jpg,1,rust,rust_level_2,2,C9P34,train
rocole/01155.jpg,rocole,C9P34H1.jpg,2,red_spider_mite,red_spider_mite,0,C9P34,train
rocole/01158.jpg,rocole,C9P31E1.jpg,1,rust,rust_level_4,4,C9P31,train
rocole/01164.jpg,rocole,C9P38E1.jpg,1,rust,rust_level_3,3,C9P38,train
rocole/01165.jpg,rocole,C9P38E2.jpg,0,healthy,healthy,0,C9P38,train
rocole/01167.jpg,rocole,C9P36E1.jpg,2,red_spider_mite,red_spider_mite,0,C9P36,train
rocole/01168.jpg,rocole,C9P38H1.jpg,1,rust,rust_level_3,3,C9P38,train
rocole/01169.jpg,rocole,C9P38H2.jpg,0,healthy,healthy,0,C9P38,train
rocole/01170.jpg,rocole,C9P36E2.jpg,0,healthy,healthy,0,C9P36,train
rocole/01171.jpg,rocole,C9P36H1.jpg,1,rust,rust_level_4,4,C9P36,train
rocole/01172.jpg,rocole,C10P1E1.jpg,2,red_spider_mite,red_spider_mite,0,C10P1,train
rocole/01173.jpg,rocole,C10P1E2.jpg,0,healthy,healthy,0,C10P1,train
rocole/01174.jpg,rocole,C9P36H2.jpg,0,healthy,healthy,0,C9P36,train
rocole/01175.jpg,rocole,C10P1H1.jpg,1,rust,rust_level_1,1,C10P1,train
rocole/01176.jpg,rocole,C10P1H2.jpg,0,healthy,healthy,0,C10P1,train
rocole/01178.jpg,rocole,C10P2E1.jpg,1,rust,rust_level_1,1,C10P2,train
rocole/01179.jpg,rocole,C10P2H2.jpg,0,healthy,healthy,0,C10P2,train
rocole/01180.jpg,rocole,C10P2E2.jpg,0,healthy,healthy,0,C10P2,train
rocole/01181.jpg,rocole,C10P2H1.jpg,1,rust,rust_level_2,2,C10P2,train
rocole/01182.jpg,rocole,C10P3E1.jpg,0,healthy,healthy,0,C10P3,train
rocole/01183.jpg,rocole,C10P4H1.jpg,1,rust,rust_level_2,2,C10P4,train
rocole/01184.jpg,rocole,C10P4H2.jpg,0,healthy,healthy,0,C10P4,train
rocole/01186.jpg,rocole,C10P3E2.jpg,0,healthy,healthy,0,C10P3,train
rocole/01189.jpg,rocole,C10P3H1.jpg,1,rust,rust_level_1,1,C10P3,train
rocole/01191.jpg,rocole,C10P7E1.jpg,0,healthy,healthy,0,C10P7,train
rocole/01192.jpg,rocole,C10P3H2.jpg,0,healthy,healthy,0,C10P3,train
rocole/01193.jpg,rocole,C10P7E2.jpg,1,rust,rust_level_2,2,C10P7,train
rocole/01194.jpg,rocole,C10P4E1.jpg,1,rust,rust_level_1,1,C10P4,train
rocole/01195.jpg,rocole,C10P7H1.jpg,0,healthy,healthy,0,C10P7,train
rocole/01196.jpg,rocole,C10P7H2.jpg,1,rust,rust_level_2,2,C10P7,train
rocole/01197.jpg,rocole,C10P4E2.jpg,0,healthy,healthy,0,C10P4,train
rocole/01198.jpg,rocole,C10P8E1.jpg,0,healthy,healthy,0,C10P8,train
rocole/01199.jpg,rocole,C10P8E2.jpg,1,rust,rust_level_2,2,C10P8,train
rocole/01200.jpg,rocole,C10P9E1.jpg,0,healthy,healthy,0,C10P9,train
rocole/01201.jpg,rocole,C10P8H1.jpg,0,healthy,healthy,0,C10P8,train
rocole/01202.jpg,rocole,C10P9E2.jpg,2,red_spider_mite,red_spider_mite,0,C10P9,train
rocole/01203.jpg,rocole,C10P9H1.jpg,0,healthy,healthy,0,C10P9,train
rocole/01204.jpg,rocole,C10P8H2.jpg,1,rust,rust_level_2,2,C10P8,train
rocole/01205.jpg,rocole,C10P10H2.jpg,1,rust,rust_level_2,2,C10P10,train
rocole/01206.jpg,rocole,C10P9H2.jpg,1,rust,rust_level_3,3,C10P9,train
rocole/01207.jpg,rocole,C10P11E1.jpg,0,healthy,healthy,0,C10P11,train
rocole/01208.jpg,rocole,C10P10E1.jpg,0,healthy,healthy,0,C10P10,train
rocole/01209.jpg,rocole,C10P11E2.jpg,1,rust,rust_level_1,1,C10P11,train
rocole/01210.jpg,rocole,C10P10E2.jpg,1,rust,rust_level_1,1,C10P10,train
rocole/01211.jpg,rocole,C10P10H1.jpg,0,healthy,healthy,0,C10P10,train
rocole/01214.jpg,rocole,C10P13E1.jpg,0,healthy,healthy,0,C10P13,train
rocole/01215.jpg,rocole,C10P11H1.jpg,0,healthy,healthy,0,C10P11,train
rocole/01216.jpg,rocole,C10P13E2.jpg,2,red_spider_mite,red_spider_mite,0,C10P13,train
rocole/01217.jpg,rocole,C10P11H2.jpg,1,rust,rust_level_2,2,C10P11,train
rocole/01218.jpg,rocole,C10P13H1.jpg,0,healthy,healthy,0,C10P13,train
rocole/01220.jpg,rocole,C10P13H2.jpg,1,rust,rust_level_2,2,C10P13,train
rocole/01224.jpg,rocole,C10P17E2.jpg,1,rust,rust_level_1,1,C10P17,train
rocole/01226.jpg,rocole,C10P17H1.jpg,0,healthy,healthy,0,C10P17,train
rocole/01228.jpg,rocole,C10P17H2.jpg,1,rust,rust_level_1,1,C10P17,train
rocole/01229.jpg,rocole,C10P15E1.jpg,0,healthy,healthy,0,C10P15,train
rocole/01230.jpg,rocole,C10P18E1.jpg,0,healthy,healthy,0,C10P18,train
rocole/01231.jpg,rocole,C10P18E2.jpg,2,red_spider_mite,red_spider_mite,0,C10P18,train
rocole/01232.jpg,rocole,C10P15E2.jpg,1,rust,rust_level_3,3,C10P15,train
rocole/01233.jpg,rocole,C10P18H1.jpg,0,healthy,healthy,0,C10P18,train
rocole/01234.jpg,rocole,C10P18H2.jpg,1,rust,rust_level_4,4,C10P18,train
rocole/01235.jpg,rocole,C10P15H1.jpg,0,healthy,healthy,0,C10P15,train
rocole/01236.jpg,rocole,C10P21E2.jpg,1,rust,rust_level_1,1,C10P21,train
rocole/01237.jpg,rocole,C10P15H2.jpg,1,rust,rust_level_3,3,C10P15,train
rocole/01238.jpg,rocole,C10P19E1.jpg,0,healthy,healthy,0,C10P19,train
rocole/01239.jpg,rocole,C10P21H1.jpg,0,healthy,healthy,0,C10P21,train
rocole/01240.jpg,rocole,C10P19E2.jpg,1,rust,rust_level_2,2,C10P19,train
rocole/01241.jpg,rocole,C10P19H1.jpg,0,healthy,healthy,0,C10P19,train
rocole/01242.jpg,rocole,C10P21H2.jpg,1,rust,rust_level_2,2,C10P21,train
rocole/01243.jpg,rocole,C10P19H2.jpg,1,rust,rust_level_2,2,C10P19,train
rocole/01245.jpg,rocole,C10P20E1.jpg,0,healthy,healthy,0,C10P20,train
rocole/01248.jpg,rocole,C10P20H1.jpg,1,rust,rust_level_1,1,C10P20,train
rocole/01250.jpg,rocole,C10P20H2.jpg,1,rust,rust_level_2,2,C10P20,train
rocole/01251.jpg,rocole,C10P24H2.jpg,1,rust,rust_level_1,1,C10P24,train
rocole/01259.jpg,rocole,C10P24E1.jpg,0,healthy,healthy,0,C10P24,train
rocole/01261.jpg,rocole,C10P24E2.jpg,2,red_spider_mite,red_spider_mite,0,C10P24,train
rocole/01262.jpg,rocole,C10P26E1.jpg,0,healthy,healthy,0,C10P26,train
rocole/01263.jpg,rocole,C10P24H1.jpg,0,healthy,healthy,0,C10P24,train
rocole/01264.jpg,rocole,C10P26E2.jpg,2,red_spider_mite,red_spider_mite,0,C10P26,train
rocole/01265.jpg,rocole,C10P26H1.jpg,0,healthy,healthy,0,C10P26,train
rocole/01266.jpg,rocole,C10P28E2.jpg,2,red_spider_mite,red_spider_mite,0,C10P28,train
rocole/01267.jpg,rocole,C10P26H2.jpg,1,rust,rust_level_3,3,C10P26,train
rocole/01268.jpg,rocole,C10P28H1.jpg,0,healthy,healthy,0,C10P28,train
rocole/01269.jpg,rocole,C10P27E1.jpg,0,healthy,healthy,0,C10P27,train
rocole/01270.jpg,rocole,C10P28H2.jpg,2,red_spider_mite,red_spider_mite,0,C10P28,train
rocole/01271.jpg,rocole,C10P27E2.jpg,1,rust,rust_level_2,2,C10P27,train
rocole/01273.jpg,rocole,C10P27H1.jpg,0,healthy,healthy,0,C10P27,train
rocole/01275.jpg,rocole,C10P27H2.jpg,1,rust,rust_level_3,3,C10P27,train
rocole/01276.jpg,rocole,C10P28E1.jpg,0,healthy,healthy,0,C10P28,train
rocole/01290.jpg,rocole,C10P35H1.jpg,0,healthy,healthy,0,C10P35,train
rocole/01291.jpg,rocole,C10P35H2.jpg,2,red_spider_mite,red_spider_mite,0,C10P35,train
rocole/01293.jpg,rocole,C10P36E1.jpg,0,healthy,healthy,0,C10P36,train
rocole/01294.jpg,rocole,C10P35E1.jpg,0,healthy,healthy,0,C10P35,train
rocole/01295.jpg,rocole,C10P36E2.jpg,1,rust,rust_level_1,1,C10P36,train
rocole/01296.jpg,rocole,C10P35E2.jpg,1,rust,rust_level_1,1,C10P35,train
rocole/01297.jpg,rocole,C10P36H1.jpg,0,healthy,healthy,0,C10P36,train
rocole/01298.jpg,rocole,C10P36H2.jpg,2,red_spider_mite,red_spider_mite,0,C10P36,train
rocole/01299.jpg,rocole,C10P37E1.jpg,0,healthy,healthy,0,C10P37,train
rocole/01300.jpg,rocole,C10P37E2.jpg,2,red_spider_mite,red_spider_mite,0,C10P37,train
rocole/01301.jpg,rocole,C10P37H1.jpg,0,healthy,healthy,0,C10P37,train
rocole/01302.jpg,rocole,C10P39E1.jpg,0,healthy,healthy,0,C10P39,train
rocole/01303.jpg,rocole,C10P37H2.jpg,1,rust,rust_level_2,2,C10P37,train
rocole/01304.jpg,rocole,C10P39E2.jpg,1,rust,rust_level_2,2,C10P39,train
rocole/01305.jpg,rocole,C10P38E1.jpg,0,healthy,healthy,0,C10P38,train
rocole/01306.jpg,rocole,C10P39H1.jpg,0,healthy,healthy,0,C10P39,train
rocole/01307.jpg,rocole,C10P38E2.jpg,1,rust,rust_level_1,1,C10P38,train
rocole/01308.jpg,rocole,C10P39H2.jpg,1,rust,rust_level_2,2,C10P39,train
rocole/01309.jpg,rocole,C10P38H1.jpg,0,healthy,healthy,0,C10P38,train
rocole/01310.jpg,rocole,C10P40E1.jpg,0,healthy,healthy,0,C10P40,train
rocole/01311.jpg,rocole,C10P38H2.jpg,1,rust,rust_level_1,1,C10P38,train
rocole/01312.jpg,rocole,C10P40E2.jpg,2,red_spider_mite,red_spider_mite,0,C10P40,train
rocole/01313.jpg,rocole,C10P40H2.jpg,2,red_spider_mite,red_spider_mite,0,C10P40,train
rocole/01314.jpg,rocole,C10P40H1.jpg,0,healthy,healthy,0,C10P40,train
rocole/01315.jpg,rocole,C11P2E1.jpg,0,healthy,healthy,0,C11P2,train
rocole/01317.jpg,rocole,C11P2E2.jpg,2,red_spider_mite,red_spider_mite,0,C11P2,train
rocole/01318.jpg,rocole,C11P2H1.jpg,0,healthy,healthy,0,C11P2,train
rocole/01320.jpg,rocole,C11P2H2.jpg,1,rust,rust_level_1,1,C11P2,train
rocole/01321.jpg,rocole,C11P6E1.jpg,0,healthy,healthy,0,C11P6,train
rocole/01322.jpg,rocole,C11P6E2.jpg,1,rust,rust_level_1,1,C11P6,train
rocole/01324.jpg,rocole,C11P6H1.jpg,0,healthy,healthy,0,C11P6,train
rocole/01326.jpg,rocole,C11P6H2.jpg,1,rust,rust_level_1,1,C11P6,train
rocole/01329.jpg,rocole,C11P9E1.jpg,0,healthy,healthy,0,C11P9,train
rocole/01332.jpg,rocole,C11P9E2.jpg,2,red_spider_mite,red_spider_mite,0,C11P9,train
rocole/01333.jpg,rocole,C11P9H1.jpg,0,healthy,healthy,0,C11P9,train
rocole/01335.jpg,rocole,C11P9H2.jpg,2,red_spider_mite,red_spider_mite,0,C11P9,train
rocole/01337.jpg,rocole,C11P10E1.jpg,0,healthy,healthy,0,C11P10,train
rocole/01338.jpg,rocole,C11P10E2.jpg,1,rust,rust_level_2,2,C11P10,train
rocole/01340.jpg,rocole,C11P10H1.jpg,0,healthy,healthy,0,C11P10,train
rocole/01342.jpg,rocole,C11P10H2.jpg,1,rust,rust_level_3,3,C11P10,train
rocole/01343.jpg,rocole,C11P12H1.jpg,0,healthy,healthy,0,C11P12,train
rocole/01344.jpg,rocole,C11P11E1.jpg,0,healthy,healthy,0,C11P11,train
rocole/01345.jpg,rocole,C11P12H2.jpg,1,rust,rust_level_2,2,C11P12,train
rocole/01346.jpg,rocole,C11P11E2.jpg,1,rust,rust_level_4,4,C11P11,train
rocole/01349.jpg,rocole,C11P11H1.jpg,0,healthy,healthy,0,C11P11,train
rocole/01350.jpg,rocole,C11P11HE.jpg,1,rust,rust_level_4,4,C11P11,train
rocole/01351.jpg,rocole,C11P12E1.jpg,0,healthy,healthy,0,C11P12,train
rocole/01353.jpg,rocole,C11P12E2.jpg,1,rust,rust_level_2,2,C11P12,train
rocole/01357.jpg,rocole,C11P14E1.jpg,0,healthy,healthy,0,C11P14,train
rocole/01358.jpg,rocole,C11P14E2.jpg,1,rust,rust_level_2,2,C11P14,train
rocole/01360.jpg,rocole,C11P14H1.jpg,0,healthy,healthy,0,C11P14,train
rocole/01362.jpg,rocole,C11P14H2.jpg,1,rust,rust_level_2,2,C11P14,train
rocole/01363.jpg,rocole,C11P19E1.jpg,0,healthy,healthy,0,C11P19,train
rocole/01366.jpg,rocole,C11P19E2.jpg,2,red_spider_mite,red_spider_mite,0,C11P19,train
rocole/01368.jpg,rocole,C11P19H1.jpg,0,healthy,healthy,0,C11P19,train
rocole/01370.jpg,rocole,C11P19H2.jpg,2,red_spider_mite,red_spider_mite,0,C11P19,train
rocole/01374.jpg,rocole,C11P23E1.jpg,2,red_spider_mite,red_spider_mite,0,C11P23,train
rocole/01376.jpg,rocole,C11P23E2.jpg,1,rust,rust_level_3,3,C11P23,train
rocole/01378.jpg,rocole,C11P23H1.jpg,0,healthy,healthy,0,C11P23,train
rocole/01379.jpg,rocole,C11P23H2.jpg,1,rust,rust_level_3,3,C11P23,train
rocole/01381.jpg,rocole,C11P24E1.jpg,0,healthy,healthy,0,C11P24,train
rocole/01383.jpg,rocole,C11P24E2.jpg,2,red_spider_mite,red_spider_mite,0,C11P24,train
rocole/01384.jpg,rocole,C11P24H1.jpg,0,healthy,healthy,0,C11P24,train
rocole/01385.jpg,rocole,C11P24H2.jpg,1,rust,rust_level_1,1,C11P24,train
rocole/01388.jpg,rocole,C11P26E1.jpg,0,healthy,healthy,0,C11P26,train
rocole/01390.jpg,rocole,C11P26E2.jpg,1,rust,rust_level_1,1,C11P26,train
rocole/01393.jpg,rocole,C11P27H2.jpg,0,healthy,healthy,0,C11P27,train
rocole/01394.jpg,rocole,C11P28E1.jpg,0,healthy,healthy,0,C11P28,train
rocole/01395.jpg,rocole,C11P26H1.jpg,0,healthy,healthy,0,C11P26,train
rocole/01396.jpg,rocole,C11P28E2.jpg,1,rust,rust_level_2,2,C11P28,train
rocole/01397.jpg,rocole,C11P26H2.jpg,1,rust,rust_level_1,1,C11P26,train
rocole/01398.jpg,rocole,C11P28H1.jpg,0,healthy,healthy,0,C11P28,train
rocole/01399.jpg,rocole,C11P27E1.jpg,1,rust,rust_level_2,2,C11P27,train
rocole/01400.jpg,rocole,C11P28H2.jpg,1,rust,rust_level_2,2,C11P28,train
rocole/01401.jpg,rocole,C11P27E2.jpg,0,healthy,healthy,0,C11P27,train
rocole/01402.jpg,rocole,C11P27H1.jpg,1,rust,rust_level_2,2,C11P27,train
rocole/01403.jpg,rocole,C11P30E1.jpg,0,healthy,healthy,0,C11P30,train
rocole/01404.jpg,rocole,C11P34E1.jpg,0,healthy,healthy,0,C11P34,train
rocole/01405.jpg,rocole,C11P30E2.jpg,2,red_spider_mite,red_spider_mite,0,C11P30,train
rocole/01406.jpg,rocole,C11P35H2.jpg,0,healthy,healthy,0,C11P35,train
rocole/01407.jpg,rocole,C11P34E2.jpg,2,red_spider_mite,red_spider_mite,0,C11P34,train
rocole/01408.jpg,rocole,C11P34H1.jpg,0,healthy,healthy,0,C11P34,train
rocole/01410.jpg,rocole,C11P34H2.jpg,1,rust,rust_level_1,1,C11P34,train
rocole/01412.jpg,rocole,C11P35E1.jpg,0,healthy,healthy,0,C11P35,train
rocole/01414.jpg,rocole,C11P35E2.jpg,0,healthy,healthy,0,C11P35,train
rocole/01416.jpg,rocole,C11P35H1.jpg,0,healthy,healthy,0,C11P35,train
rocole/01421.jpg,rocole,C11P39E2.jpg,2,red_spider_mite,red_spider_mite,0,C11P39,train
rocole/01422.jpg,rocole,C11P38E1.jpg,0,healthy,healthy,0,C11P38,train
rocole/01423.jpg,rocole,C11P39H1.jpg,0,healthy,healthy,0,C11P39,train
rocole/01424.jpg,rocole,C11P38E2.jpg,1,rust,rust_level_3,3,C11P38,train
rocole/01425.jpg,rocole,C11P39H2.jpg,2,red_spider_mite,red_spider_mite,0,C11P39,train
rocole/01426.jpg,rocole,C11P38H1.jpg,0,healthy,healthy,0,C11P38,train
rocole/01428.jpg,rocole,C11P38H2.jpg,1,rust,rust_level_4,4,C11P38,train
rocole/01430.jpg,rocole,C11P39E1.jpg,0,healthy,healthy,0,C11P39,train
rocole/01432.jpg,rocole,C12P2E1.jpg,0,healthy,healthy,0,C12P2,train
rocole/01434.jpg,rocole,C11P30H1.jpg,0,healthy,healthy,0,C11P30,train
rocole/01435.jpg,rocole,C12P4E1.jpg,0,healthy,healthy,0,C12P4,train
rocole/01436.jpg,rocole,C12P4E2.jpg,2,red_spider_mite,red_spider_mite,0,C12P4,train
rocole/01437.jpg,rocole,C12P4H1.jpg,0,healthy,healthy,0,C12P4,train
rocole/01438.jpg,rocole,C12P4H2.jpg,2,red_spider_mite,red_spider_mite,0,C12P4,train
rocole/01439.jpg,rocole,C11P30H2.jpg,1,rust,rust_level_2,2,C11P30,train
rocole/01440.jpg,rocole,C12P2E2.jpg,1,rust,rust_level_4,4,C12P2,train
rocole/01441.jpg,rocole,C12P6E1.jpg,0,healthy,healthy,0,C12P6,train
rocole/01443.jpg,rocole,C12P6E2.jpg,2,red_spider_mite,red_spider_mite,0,C12P6,train
rocole/01444.jpg,rocole,C12P6H1.jpg,0,healthy,healthy,0,C12P6,train
rocole/01446.jpg,rocole,C12P2H1.jpg,0,healthy,healthy,0,C12P2,train
rocole/01447.jpg,rocole,C12P6H2.jpg,1,rust,rust_level_2,2,C12P6,train
rocole/01448.jpg,rocole,C12P8E1.jpg,0,healthy,healthy,0,C12P8,train
rocole/01449.jpg,rocole,C12P2H2.jpg,1,rust,rust_level_1,1,C12P2,train
rocole/01451.jpg,rocole,C12P8E2.jpg,1,rust,rust_level_2,2,C12P8,train
rocole/01452.jpg,rocole,C12P3E2.jpg,1,rust,rust_level_1,1,C12P3,train
rocole/01453.jpg,rocole,C12P8H1.jpg,0,healthy,healthy,0,C12P8,train
rocole/01454.jpg,rocole,C12P8H2.jpg,1,rust,rust_level_2,2,C12P8,train
rocole/01455.jpg,rocole,C12P3H1.jpg,0,healthy,healthy,0,C12P3,train
rocole/01456.jpg,rocole,C12P9E1.jpg,0,healthy,healthy,0,C12P9,train
rocole/01457.jpg,rocole,C12P3H2.jpg,1,rust,rust_level_2,2,C12P3,train
rocole/01458.jpg,rocole,C12P9E2.jpg,1,rust,rust_level_3,3,C12P9,train
rocole/01459.jpg,rocole,C12P9H1.jpg,0,healthy,healthy,0,C12P9,train
rocole/01460.jpg,rocole,C12P12E2.jpg,1,rust,rust_level_2,2,C12P12,train
rocole/01461.jpg,rocole,C12P9H2.jpg,1,rust,rust_level_3,3,C12P9,train
rocole/01462.jpg,rocole,C12P11E1.jpg,0,healthy,healthy,0,C12P11,train
rocole/01463.jpg,rocole,C12P12H1.jpg,0,healthy,healthy,0,C12P12,train
rocole/01464.jpg,rocole,C12P11E2.jpg,1,rust,rust_level_2,2,C12P11,train
rocole/01465.jpg,rocole,C12P12H2.jpg,1,rust,rust_level_2,2,C12P12,train
rocole/01466.jpg,rocole,C12P11H1.jpg,0,healthy,healthy,0,C12P11,train
rocole/01467.jpg,rocole,C12P13E1.jpg,0,healthy,healthy,0,C12P13,train
rocole/01468.jpg,rocole,C12P11H2.jpg,1,rust,rust_level_2,2,C12P11,train
rocole/01469.jpg,rocole,C12P13E2.jpg,2,red_spider_mite,red_spider_mite,0,C12P13,train
rocole/01470.jpg,rocole,C12P12E1.jpg,0,healthy,healthy,0,C12P12,train
rocole/01471.jpg,rocole,C12P13H1.jpg,0,healthy,healthy,0,C12P13,train
rocole/01473.jpg,rocole,C12P13H2.jpg,2,red_spider_mite,red_spider_mite,0,C12P13,train
rocole/01475.jpg,rocole,C12P15H2.jpg,1,rust,rust_level_1,1,C12P15,train
rocole/01480.jpg,rocole,C12P15E1.jpg,0,healthy,healthy,0,C12P15,train
rocole/01481.jpg,rocole,C12P15E2.jpg,1,rust,rust_level_1,1,C12P15,train
rocole/01483.jpg,rocole,C12P15H1.jpg,0,healthy,healthy,0,C12P15,train
rocole/01490.jpg,rocole,C12P19E2.jpg,0,healthy,healthy,0,C12P19,train
rocole/01494.jpg,rocole,C12P19H1.jpg,1,rust,rust_level_3,3,C12P19,train
rocole/01495.jpg,rocole,C11P32E1.jpg,0,healthy,healthy,0,C11P32,train
rocole/01497.jpg,rocole,C12P19H2.jpg,0,healthy,healthy,0,C12P19,train
rocole/01498.jpg,rocole,C11P32E2.jpg,2,red_spider_mite,red_spider_mite,0,C11P32,train
rocole/01501.jpg,rocole,C11P32H1.jpg,0,healthy,healthy,0,C11P32,train
rocole/01502.jpg,rocole,C11P32H2.jpg,1,rust,rust_level_1,1,C11P32,train
rocole/01508.jpg,rocole,C12P25E1.jpg,0,healthy,healthy,0,C12P25,train
rocole/01509.jpg,rocole,C12P25E2.jpg,1,rust,rust_level_1,1,C12P25,train
rocole/01510.jpg,rocole,C12P25H1.jpg,0,healthy,healthy,0,C12P25,train
rocole/01511.jpg,rocole,C12P25H2.jpg,1,rust,rust_level_1,1,C12P25,train
rocole/01514.jpg,rocole,C12P19E1.jpg,1,rust,rust_level_3,3,C12P19,train
rocole/01526.jpg,rocole,C12P29E1.jpg,0,healthy,healthy,0,C12P29,train
rocole/01528.jpg,rocole,C12P29E2.jpg,1,rust,rust_level_3,3,C12P29,train
rocole/01529.jpg,rocole,C12P29H1.jpg,0,healthy,healthy,0,C12P29,train
rocole/01530.jpg,rocole,C12P29H2.jpg,1,rust,rust_level_3,3,C12P29,train
rocole/01536.jpg,rocole,C12P34H2.jpg,1,rust,rust_level_2,2,C12P34,train
rocole/01541.jpg,rocole,C12P38E1.jpg,0,healthy,healthy,0,C12P38,train
rocole/01542.jpg,rocole,C12P38E2.jpg,1,rust,rust_level_1,1,C12P38,train
rocole/01545.jpg,rocole,C12P32E1.jpg,0,healthy,healthy,0,C12P32,train
rocole/01546.jpg,rocole,C12P32E2.jpg,1,rust,rust_level_1,1,C12P32,train
rocole/01547.jpg,rocole,C12P32H1.jpg,0,healthy,healthy,0,C12P32,train
rocole/01548.jpg,rocole,C12P32H2.jpg,1,rust,rust_level_1,1,C12P32,train
rocole/01549.jpg,rocole,C12P34E1.jpg,0,healthy,healthy,0,C12P34,train
rocole/01550.jpg,rocole,C12P34E2.jpg,1,rust,rust_level_3,3,C12P34,train
rocole/01551.jpg,rocole,C12P34H1.jpg,0,healthy,healthy,0,C12P34,train
rocole/01552.jpg,rocole,C12P38H1.jpg,0,healthy,healthy,0,C12P38,train
rocole/01553.jpg,rocole,C12P38H2.jpg,1,rust,rust_level_1,1,C12P38,train
rocole/01558.jpg,rocole,C8P24E2.jpg,1,rust,rust_level_3,3,C8P24,train
jmuben/00000.jpg,jmuben,train-0.parquet#16:8(949).jpg,4,cercospora,0,0,,train
jmuben/00002.jpg,jmuben,train-0.parquet#31:9(3246).jpg,4,cercospora,0,0,,train
jmuben/00003.jpg,jmuben,train-0.parquet#32:6(834).jpg,4,cercospora,0,0,,train
jmuben/00004.jpg,jmuben,train-0.parquet#39:7(588).jpg,4,cercospora,0,0,,train
jmuben/00005.jpg,jmuben,train-0.parquet#48:6(588).jpg,4,cercospora,0,0,,train
jmuben/00006.jpg,jmuben,train-0.parquet#54:9(2396).jpg,4,cercospora,0,0,,train
jmuben/00007.jpg,jmuben,train-0.parquet#56:8(158).jpg,4,cercospora,0,0,,train
jmuben/00009.jpg,jmuben,train-0.parquet#63:9(1040).jpg,4,cercospora,0,0,,train
jmuben/00010.jpg,jmuben,train-0.parquet#70:9(1105).jpg,4,cercospora,0,0,,train
jmuben/00011.jpg,jmuben,train-0.parquet#80:6(619).jpg,4,cercospora,0,0,,train
jmuben/00012.jpg,jmuben,train-0.parquet#82:9(2683).jpg,4,cercospora,0,0,,train
jmuben/00015.jpg,jmuben,train-0.parquet#91:9(334).jpg,4,cercospora,0,0,,train
jmuben/00018.jpg,jmuben,train-0.parquet#106:6(4).jpg,4,cercospora,0,0,,train
jmuben/00019.jpg,jmuben,train-0.parquet#108:9(2545).jpg,4,cercospora,0,0,,train
jmuben/00022.jpg,jmuben,train-0.parquet#135:8(908).jpg,4,cercospora,0,0,,train
jmuben/00023.jpg,jmuben,train-0.parquet#143:4(893).jpg,4,cercospora,0,0,,train
jmuben/00024.jpg,jmuben,train-0.parquet#146:9(2046).jpg,4,cercospora,0,0,,train
jmuben/00025.jpg,jmuben,train-0.parquet#147:9(322).jpg,4,cercospora,0,0,,train
jmuben/00027.jpg,jmuben,train-0.parquet#150:9(3207).jpg,4,cercospora,0,0,,train
jmuben/00028.jpg,jmuben,train-0.parquet#156:9(3657).jpg,4,cercospora,0,0,,train
jmuben/00029.jpg,jmuben,train-0.parquet#163:7(199).jpg,4,cercospora,0,0,,train
jmuben/00030.jpg,jmuben,train-0.parquet#165:9(2800).jpg,4,cercospora,0,0,,train
jmuben/00031.jpg,jmuben,train-0.parquet#169:8(267).jpg,4,cercospora,0,0,,train
jmuben/00033.jpg,jmuben,train-0.parquet#178:8(549).jpg,4,cercospora,0,0,,train
jmuben/00035.jpg,jmuben,train-0.parquet#192:9(3483).jpg,4,cercospora,0,0,,train
jmuben/00039.jpg,jmuben,train-0.parquet#219:6(121).jpg,4,cercospora,0,0,,train
jmuben/00041.jpg,jmuben,train-0.parquet#231:7(434).jpg,4,cercospora,0,0,,train
jmuben/00042.jpg,jmuben,train-0.parquet#232:9(660).jpg,4,cercospora,0,0,,train
jmuben/00043.jpg,jmuben,train-0.parquet#233:4(578).jpg,4,cercospora,0,0,,train
jmuben/00044.jpg,jmuben,train-0.parquet#251:4(1076).jpg,4,cercospora,0,0,,train
jmuben/00046.jpg,jmuben,train-0.parquet#285:9(3694).jpg,4,cercospora,0,0,,train
jmuben/00047.jpg,jmuben,train-0.parquet#289:9(1646).jpg,4,cercospora,0,0,,train
jmuben/00049.jpg,jmuben,train-0.parquet#317:9(1168).jpg,4,cercospora,0,0,,train
jmuben/00050.jpg,jmuben,train-0.parquet#322:4(387).jpg,4,cercospora,0,0,,train
jmuben/00051.jpg,jmuben,train-0.parquet#324:9(565).jpg,4,cercospora,0,0,,train
jmuben/00052.jpg,jmuben,train-0.parquet#330:6(731).jpg,4,cercospora,0,0,,train
jmuben/00054.jpg,jmuben,train-0.parquet#341:9(1754).jpg,4,cercospora,0,0,,train
jmuben/00055.jpg,jmuben,train-0.parquet#350:6(97).jpg,4,cercospora,0,0,,train
jmuben/00056.jpg,jmuben,train-0.parquet#352:9(2197).jpg,4,cercospora,0,0,,train
jmuben/00057.jpg,jmuben,train-0.parquet#354:4(45).jpg,4,cercospora,0,0,,train
jmuben/00058.jpg,jmuben,train-0.parquet#355:8(359).jpg,4,cercospora,0,0,,train
jmuben/00059.jpg,jmuben,train-0.parquet#361:8(66).jpg,4,cercospora,0,0,,train
jmuben/00060.jpg,jmuben,train-0.parquet#366:4(684).jpg,4,cercospora,0,0,,train
jmuben/00061.jpg,jmuben,train-0.parquet#372:7(662).jpg,4,cercospora,0,0,,train
jmuben/00062.jpg,jmuben,train-0.parquet#384:8(123).jpg,4,cercospora,0,0,,train
jmuben/00063.jpg,jmuben,train-0.parquet#392:7(377).jpg,4,cercospora,0,0,,train
jmuben/00065.jpg,jmuben,train-0.parquet#411:9(1607).jpg,4,cercospora,0,0,,train
jmuben/00066.jpg,jmuben,train-0.parquet#416:9(3790).jpg,4,cercospora,0,0,,train
jmuben/00067.jpg,jmuben,train-0.parquet#419:7(818).jpg,4,cercospora,0,0,,train
jmuben/00068.jpg,jmuben,train-0.parquet#428:9(3817).jpg,4,cercospora,0,0,,train
jmuben/00069.jpg,jmuben,train-0.parquet#429:4(1060).jpg,4,cercospora,0,0,,train
jmuben/00070.jpg,jmuben,train-0.parquet#433:9(1083).jpg,4,cercospora,0,0,,train
jmuben/00071.jpg,jmuben,train-0.parquet#436:9(1579).jpg,4,cercospora,0,0,,train
jmuben/00072.jpg,jmuben,train-0.parquet#462:9(1345).jpg,4,cercospora,0,0,,train
jmuben/00073.jpg,jmuben,train-0.parquet#476:9(2586).jpg,4,cercospora,0,0,,train
jmuben/00074.jpg,jmuben,train-0.parquet#487:9(1627).jpg,4,cercospora,0,0,,train
jmuben/00075.jpg,jmuben,train-0.parquet#492:4(974).jpg,4,cercospora,0,0,,train
jmuben/00076.jpg,jmuben,train-0.parquet#500:9(380).jpg,4,cercospora,0,0,,train
jmuben/00077.jpg,jmuben,train-0.parquet#502:7(584).jpg,4,cercospora,0,0,,train
jmuben/00078.jpg,jmuben,train-0.parquet#513:9(103).jpg,4,cercospora,0,0,,train
jmuben/00079.jpg,jmuben,train-0.parquet#518:9(553).jpg,4,cercospora,0,0,,train
jmuben/00080.jpg,jmuben,train-0.parquet#519:7(63).jpg,4,cercospora,0,0,,train
jmuben/00081.jpg,jmuben,train-0.parquet#535:8(416).jpg,4,cercospora,0,0,,train
jmuben/00082.jpg,jmuben,train-0.parquet#541:8(338).jpg,4,cercospora,0,0,,train
jmuben/00083.jpg,jmuben,train-0.parquet#557:9(3708).jpg,4,cercospora,0,0,,train
jmuben/00084.jpg,jmuben,train-0.parquet#559:6(880).jpg,4,cercospora,0,0,,train
jmuben/00085.jpg,jmuben,train-0.parquet#582:4(1105).jpg,4,cercospora,0,0,,train
jmuben/00086.jpg,jmuben,train-0.parquet#585:8(441).jpg,4,cercospora,0,0,,train
jmuben/00088.jpg,jmuben,train-0.parquet#621:9(1689).jpg,4,cercospora,0,0,,train
jmuben/00089.jpg,jmuben,train-0.parquet#623:4(173).jpg,4,cercospora,0,0,,train
jmuben/00090.jpg,jmuben,train-0.parquet#624:9(791).jpg,4,cercospora,0,0,,train
jmuben/00092.jpg,jmuben,train-0.parquet#633:9(2226).jpg,4,cercospora,0,0,,train
jmuben/00093.jpg,jmuben,train-0.parquet#643:9(3122).jpg,4,cercospora,0,0,,train
jmuben/00094.jpg,jmuben,train-0.parquet#652:6(253).jpg,4,cercospora,0,0,,train
jmuben/00096.jpg,jmuben,train-0.parquet#665:8(46).jpg,4,cercospora,0,0,,train
jmuben/00097.jpg,jmuben,train-0.parquet#676:9(396).jpg,4,cercospora,0,0,,train
jmuben/00099.jpg,jmuben,train-0.parquet#684:9(3460).jpg,4,cercospora,0,0,,train
jmuben/00100.jpg,jmuben,train-0.parquet#696:6(341).jpg,4,cercospora,0,0,,train
jmuben/00101.jpg,jmuben,train-0.parquet#697:8(115).jpg,4,cercospora,0,0,,train
jmuben/00102.jpg,jmuben,train-0.parquet#703:9(953).jpg,4,cercospora,0,0,,train
jmuben/00104.jpg,jmuben,train-0.parquet#712:7(204).jpg,4,cercospora,0,0,,train
jmuben/00105.jpg,jmuben,train-0.parquet#715:9(3175).jpg,4,cercospora,0,0,,train
jmuben/00106.jpg,jmuben,train-0.parquet#719:9(3698).jpg,4,cercospora,0,0,,train
jmuben/00107.jpg,jmuben,train-0.parquet#722:9(2820).jpg,4,cercospora,0,0,,train
jmuben/00108.jpg,jmuben,train-0.parquet#728:7(910).jpg,4,cercospora,0,0,,train
jmuben/00109.jpg,jmuben,train-0.parquet#739:8(752).jpg,4,cercospora,0,0,,train
jmuben/00110.jpg,jmuben,train-0.parquet#742:7(156).jpg,4,cercospora,0,0,,train
jmuben/00113.jpg,jmuben,train-0.parquet#762:7(785).jpg,4,cercospora,0,0,,train
jmuben/00114.jpg,jmuben,train-0.parquet#765:4(626).jpg,4,cercospora,0,0,,train
jmuben/00116.jpg,jmuben,train-0.parquet#779:8(210).jpg,4,cercospora,0,0,,train
jmuben/00117.jpg,jmuben,train-0.parquet#783:4(558).jpg,4,cercospora,0,0,,train
jmuben/00118.jpg,jmuben,train-0.parquet#792:9(3620).jpg,4,cercospora,0,0,,train
jmuben/00120.jpg,jmuben,train-0.parquet#795:7(551).jpg,4,cercospora,0,0,,train
jmuben/00123.jpg,jmuben,train-0.parquet#810:9(3159).jpg,4,cercospora,0,0,,train
jmuben/00124.jpg,jmuben,train-0.parquet#812:4(364).jpg,4,cercospora,0,0,,train
jmuben/00125.jpg,jmuben,train-0.parquet#813:9(586).jpg,4,cercospora,0,0,,train
jmuben/00126.jpg,jmuben,train-0.parquet#819:7(678).jpg,4,cercospora,0,0,,train
jmuben/00128.jpg,jmuben,train-0.parquet#844:9(206).jpg,4,cercospora,0,0,,train
jmuben/00129.jpg,jmuben,train-0.parquet#847:7(402).jpg,4,cercospora,0,0,,train
jmuben/00131.jpg,jmuben,train-0.parquet#860:8(343).jpg,4,cercospora,0,0,,train
jmuben/00132.jpg,jmuben,train-0.parquet#869:6(814).jpg,4,cercospora,0,0,,train
jmuben/00133.jpg,jmuben,train-0.parquet#870:9(713).jpg,4,cercospora,0,0,,train
jmuben/00135.jpg,jmuben,train-0.parquet#883:9(590).jpg,4,cercospora,0,0,,train
jmuben/00136.jpg,jmuben,train-0.parquet#898:7(906).jpg,4,cercospora,0,0,,train
jmuben/00137.jpg,jmuben,train-0.parquet#903:9(2836).jpg,4,cercospora,0,0,,train
jmuben/00138.jpg,jmuben,train-0.parquet#904:9(3724).jpg,4,cercospora,0,0,,train
jmuben/00139.jpg,jmuben,train-0.parquet#906:9(251).jpg,4,cercospora,0,0,,train
jmuben/00140.jpg,jmuben,train-0.parquet#907:9(3374).jpg,4,cercospora,0,0,,train
jmuben/00141.jpg,jmuben,train-0.parquet#910:4(149).jpg,4,cercospora,0,0,,train
jmuben/00142.jpg,jmuben,train-0.parquet#922:9(2420).jpg,4,cercospora,0,0,,train
jmuben/00144.jpg,jmuben,train-0.parquet#928:4(325).jpg,4,cercospora,0,0,,train
jmuben/00145.jpg,jmuben,train-0.parquet#930:9(3118).jpg,4,cercospora,0,0,,train
jmuben/00148.jpg,jmuben,train-0.parquet#960:7(286).jpg,4,cercospora,0,0,,train
jmuben/00149.jpg,jmuben,train-0.parquet#963:9(1124).jpg,4,cercospora,0,0,,train
jmuben/00153.jpg,jmuben,train-0.parquet#982:8(179).jpg,4,cercospora,0,0,,train
jmuben/00155.jpg,jmuben,train-0.parquet#1005:9(2837).jpg,4,cercospora,0,0,,train
jmuben/00156.jpg,jmuben,train-0.parquet#1010:9(1348).jpg,4,cercospora,0,0,,train
jmuben/00158.jpg,jmuben,train-0.parquet#1017:9(3230).jpg,4,cercospora,0,0,,train
jmuben/00163.jpg,jmuben,train-0.parquet#1066:6(63).jpg,4,cercospora,0,0,,train
jmuben/00164.jpg,jmuben,train-0.parquet#1069:8(342).jpg,4,cercospora,0,0,,train
jmuben/00165.jpg,jmuben,train-0.parquet#1072:6(546).jpg,4,cercospora,0,0,,train
jmuben/00167.jpg,jmuben,train-0.parquet#1095:8(587).jpg,4,cercospora,0,0,,train
jmuben/00168.jpg,jmuben,train-0.parquet#1096:4(8).jpg,4,cercospora,0,0,,train
jmuben/00169.jpg,jmuben,train-0.parquet#1097:9(2319).jpg,4,cercospora,0,0,,train
jmuben/00170.jpg,jmuben,train-0.parquet#1099:6(383).jpg,4,cercospora,0,0,,train
jmuben/00172.jpg,jmuben,train-0.parquet#1112:9(568).jpg,4,cercospora,0,0,,train
jmuben/00173.jpg,jmuben,train-0.parquet#1120:7(415).jpg,4,cercospora,0,0,,train
jmuben/00174.jpg,jmuben,train-0.parquet#1134:9(704).jpg,4,cercospora,0,0,,train
jmuben/00176.jpg,jmuben,train-0.parquet#1144:9(2460).jpg,4,cercospora,0,0,,train
jmuben/00177.jpg,jmuben,train-0.parquet#1145:8(354).jpg,4,cercospora,0,0,,train
jmuben/00178.jpg,jmuben,train-0.parquet#1157:4(298).jpg,4,cercospora,0,0,,train
jmuben/00179.jpg,jmuben,train-0.parquet#1163:9(1132).jpg,4,cercospora,0,0,,train
jmuben/00181.jpg,jmuben,train-0.parquet#1170:9(11).jpg,4,cercospora,0,0,,train
jmuben/00182.jpg,jmuben,train-0.parquet#1177:9(246).jpg,4,cercospora,0,0,,train
jmuben/00183.jpg,jmuben,train-0.parquet#1178:9(3699).jpg,4,cercospora,0,0,,train
jmuben/00184.jpg,jmuben,train-0.parquet#1183:9(2572).jpg,4,cercospora,0,0,,train
jmuben/00185.jpg,jmuben,train-0.parquet#1191:6(22).jpg,4,cercospora,0,0,,train
jmuben/00188.jpg,jmuben,train-0.parquet#1217:9(2270).jpg,4,cercospora,0,0,,train
jmuben/00192.jpg,jmuben,train-0.parquet#1230:9(401).jpg,4,cercospora,0,0,,train
jmuben/00193.jpg,jmuben,train-0.parquet#1238:9(3174).jpg,4,cercospora,0,0,,train
jmuben/00195.jpg,jmuben,train-0.parquet#1247:9(682).jpg,4,cercospora,0,0,,train
jmuben/00196.jpg,jmuben,train-0.parquet#1255:9(1325).jpg,4,cercospora,0,0,,train
jmuben/00198.jpg,jmuben,train-0.parquet#1270:6(317).jpg,4,cercospora,0,0,,train
jmuben/00199.jpg,jmuben,train-0.parquet#1271:4(1112).jpg,4,cercospora,0,0,,train
jmuben/00203.jpg,jmuben,train-0.parquet#1309:4(33).jpg,4,cercospora,0,0,,train
jmuben/00204.jpg,jmuben,train-0.parquet#1329:9(155).jpg,4,cercospora,0,0,,train
jmuben/00208.jpg,jmuben,train-0.parquet#1352:4(308).jpg,4,cercospora,0,0,,train
jmuben/00209.jpg,jmuben,train-0.parquet#1354:9(1108).jpg,4,cercospora,0,0,,train
jmuben/00210.jpg,jmuben,train-0.parquet#1356:4(25).jpg,4,cercospora,0,0,,train
jmuben/00211.jpg,jmuben,train-0.parquet#1361:4(888).jpg,4,cercospora,0,0,,train
jmuben/00212.jpg,jmuben,train-0.parquet#1364:9(339).jpg,4,cercospora,0,0,,train
jmuben/00213.jpg,jmuben,train-0.parquet#1375:9(1734).jpg,4,cercospora,0,0,,train
jmuben/00214.jpg,jmuben,train-0.parquet#1384:7(881).jpg,4,cercospora,0,0,,train
jmuben/00215.jpg,jmuben,train-0.parquet#1386:6(182).jpg,4,cercospora,0,0,,train
jmuben/00217.jpg,jmuben,train-0.parquet#1399:7(62).jpg,4,cercospora,0,0,,train
jmuben/00218.jpg,jmuben,train-0.parquet#1401:9(552).jpg,4,cercospora,0,0,,train
jmuben/00220.jpg,jmuben,train-0.parquet#1411:9(2773).jpg,4,cercospora,0,0,,train
jmuben/00221.jpg,jmuben,train-0.parquet#1413:9(2289).jpg,4,cercospora,0,0,,train
jmuben/00222.jpg,jmuben,train-0.parquet#1414:9(944).jpg,4,cercospora,0,0,,train
jmuben/00223.jpg,jmuben,train-0.parquet#1416:9(2323).jpg,4,cercospora,0,0,,train
jmuben/00224.jpg,jmuben,train-0.parquet#1417:6(643).jpg,4,cercospora,0,0,,train
jmuben/00227.jpg,jmuben,train-0.parquet#1435:9(381).jpg,4,cercospora,0,0,,train
jmuben/00228.jpg,jmuben,train-0.parquet#1436:9(1333).jpg,4,cercospora,0,0,,train
jmuben/00231.jpg,jmuben,train-0.parquet#1446:7(458).jpg,4,cercospora,0,0,,train
jmuben/00233.jpg,jmuben,train-0.parquet#1464:9(899).jpg,4,cercospora,0,0,,train
jmuben/00234.jpg,jmuben,train-0.parquet#1466:8(460).jpg,4,cercospora,0,0,,train
jmuben/00235.jpg,jmuben,train-0.parquet#1473:9(1082).jpg,4,cercospora,0,0,,train
jmuben/00236.jpg,jmuben,train-0.parquet#1478:4(778).jpg,4,cercospora,0,0,,train
jmuben/00237.jpg,jmuben,train-0.parquet#1481:7(264).jpg,4,cercospora,0,0,,train
jmuben/00238.jpg,jmuben,train-0.parquet#1483:9(1128).jpg,4,cercospora,0,0,,train
jmuben/00239.jpg,jmuben,train-0.parquet#1493:4(797).jpg,4,cercospora,0,0,,train
jmuben/00240.jpg,jmuben,train-0.parquet#1494:7(321).jpg,4,cercospora,0,0,,train
jmuben/00242.jpg,jmuben,train-0.parquet#1509:9(1313).jpg,4,cercospora,0,0,,train
jmuben/00243.jpg,jmuben,train-0.parquet#1512:9(1606).jpg,4,cercospora,0,0,,train
jmuben/00244.jpg,jmuben,train-0.parquet#1533:9(964).jpg,4,cercospora,0,0,,train
jmuben/00247.jpg,jmuben,train-0.parquet#1554:7(726).jpg,4,cercospora,0,0,,train
jmuben/00248.jpg,jmuben,train-0.parquet#1561:4(555).jpg,4,cercospora,0,0,,train
jmuben/00249.jpg,jmuben,train-0.parquet#1563:9(3768).jpg,4,cercospora,0,0,,train
jmuben/00250.jpg,jmuben,train-0.parquet#1574:4(44).jpg,4,cercospora,0,0,,train
jmuben/00251.jpg,jmuben,train-0.parquet#1575:6(79).jpg,4,cercospora,0,0,,train
jmuben/00254.jpg,jmuben,train-0.parquet#1620:6(360).jpg,4,cercospora,0,0,,train
jmuben/00256.jpg,jmuben,train-0.parquet#1633:9(3380).jpg,4,cercospora,0,0,,train
jmuben/00257.jpg,jmuben,train-0.parquet#1647:7(622).jpg,4,cercospora,0,0,,train
jmuben/00258.jpg,jmuben,train-0.parquet#1650:9(3800).jpg,4,cercospora,0,0,,train
jmuben/00259.jpg,jmuben,train-0.parquet#1677:9(499).jpg,4,cercospora,0,0,,train
jmuben/00260.jpg,jmuben,train-0.parquet#1692:8(724).jpg,4,cercospora,0,0,,train
jmuben/00261.jpg,jmuben,train-0.parquet#1713:9(2856).jpg,4,cercospora,0,0,,train
jmuben/00263.jpg,jmuben,train-0.parquet#1717:9(3314).jpg,4,cercospora,0,0,,train
jmuben/00264.jpg,jmuben,train-0.parquet#1718:4(129).jpg,4,cercospora,0,0,,train
jmuben/00265.jpg,jmuben,train-0.parquet#1727:7(78).jpg,4,cercospora,0,0,,train
jmuben/00266.jpg,jmuben,train-0.parquet#1730:9(1450).jpg,4,cercospora,0,0,,train
jmuben/00267.jpg,jmuben,train-0.parquet#1745:9(89).jpg,4,cercospora,0,0,,train
jmuben/00268.jpg,jmuben,train-0.parquet#1748:7(874).jpg,4,cercospora,0,0,,train
jmuben/00270.jpg,jmuben,train-0.parquet#1771:4(484).jpg,4,cercospora,0,0,,train
jmuben/00271.jpg,jmuben,train-0.parquet#1781:6(462).jpg,4,cercospora,0,0,,train
jmuben/00272.jpg,jmuben,train-0.parquet#1782:8(636).jpg,4,cercospora,0,0,,train
jmuben/00273.jpg,jmuben,train-0.parquet#1783:9(2102).jpg,4,cercospora,0,0,,train
jmuben/00274.jpg,jmuben,train-0.parquet#1789:9(3590).jpg,4,cercospora,0,0,,train
jmuben/00275.jpg,jmuben,train-0.parquet#1791:9(1954).jpg,4,cercospora,0,0,,train
jmuben/00277.jpg,jmuben,train-0.parquet#1796:9(3085).jpg,4,cercospora,0,0,,train
jmuben/00278.jpg,jmuben,train-0.parquet#1801:9(1112).jpg,4,cercospora,0,0,,train
jmuben/00280.jpg,jmuben,train-0.parquet#1812:9(2051).jpg,4,cercospora,0,0,,train
jmuben/00281.jpg,jmuben,train-0.parquet#1818:8(335).jpg,4,cercospora,0,0,,train
jmuben/00284.jpg,jmuben,train-0.parquet#1837:4(168).jpg,4,cercospora,0,0,,train
jmuben/00285.jpg,jmuben,train-0.parquet#1857:4(304).jpg,4,cercospora,0,0,,train
jmuben/00286.jpg,jmuben,train-0.parquet#1865:6(248).jpg,4,cercospora,0,0,,train
jmuben/00289.jpg,jmuben,train-0.parquet#1892:9(3302).jpg,4,cercospora,0,0,,train
jmuben/00290.jpg,jmuben,train-0.parquet#1899:9(2513).jpg,4,cercospora,0,0,,train
jmuben/00291.jpg,jmuben,train-0.parquet#1914:9(948).jpg,4,cercospora,0,0,,train
jmuben/00292.jpg,jmuben,train-0.parquet#1918:4(703).jpg,4,cercospora,0,0,,train
jmuben/00294.jpg,jmuben,train-0.parquet#1926:6(48).jpg,4,cercospora,0,0,,train
jmuben/00296.jpg,jmuben,train-0.parquet#1939:9(3759).jpg,4,cercospora,0,0,,train
jmuben/00298.jpg,jmuben,train-0.parquet#1944:9(3309).jpg,4,cercospora,0,0,,train
jmuben/00299.jpg,jmuben,train-0.parquet#1946:6(428).jpg,4,cercospora,0,0,,train
jmuben/00300.jpg,jmuben,train-0.parquet#1947:8(386).jpg,4,cercospora,0,0,,train
jmuben/00302.jpg,jmuben,train-0.parquet#1951:8(806).jpg,4,cercospora,0,0,,train
jmuben/00304.jpg,jmuben,train-0.parquet#1963:6(701).jpg,4,cercospora,0,0,,train
jmuben/00305.jpg,jmuben,train-0.parquet#1979:9(410).jpg,4,cercospora,0,0,,train
jmuben/00306.jpg,jmuben,train-0.parquet#1981:9(1508).jpg,4,cercospora,0,0,,train
jmuben/00307.jpg,jmuben,train-0.parquet#1983:7(490).jpg,4,cercospora,0,0,,train
jmuben/00308.jpg,jmuben,train-0.parquet#1984:9(1226).jpg,4,cercospora,0,0,,train
jmuben/00309.jpg,jmuben,train-0.parquet#1985:6(869).jpg,4,cercospora,0,0,,train
jmuben/00310.jpg,jmuben,train-0.parquet#1989:9(1676).jpg,4,cercospora,0,0,,train
jmuben/00311.jpg,jmuben,train-0.parquet#1991:4(22).jpg,4,cercospora,0,0,,train
jmuben/00312.jpg,jmuben,train-0.parquet#2008:9(2236).jpg,4,cercospora,0,0,,train
jmuben/00313.jpg,jmuben,train-0.parquet#2013:9(1949).jpg,4,cercospora,0,0,,train
jmuben/00314.jpg,jmuben,train-0.parquet#2015:7(756).jpg,4,cercospora,0,0,,train
jmuben/00316.jpg,jmuben,train-0.parquet#2026:9(3098).jpg,4,cercospora,0,0,,train
jmuben/00318.jpg,jmuben,train-0.parquet#2034:9(2723).jpg,4,cercospora,0,0,,train
jmuben/00319.jpg,jmuben,train-0.parquet#2036:9(3831).jpg,4,cercospora,0,0,,train
jmuben/00320.jpg,jmuben,train-0.parquet#2040:8(282).jpg,4,cercospora,0,0,,train
jmuben/00321.jpg,jmuben,train-0.parquet#2041:8(778).jpg,4,cercospora,0,0,,train
jmuben/00323.jpg,jmuben,train-0.parquet#2047:9(1660).jpg,4,cercospora,0,0,,train
jmuben/00324.jpg,jmuben,train-0.parquet#2064:9(2109).jpg,4,cercospora,0,0,,train
jmuben/00325.jpg,jmuben,train-0.parquet#2071:9(3061).jpg,4,cercospora,0,0,,train
jmuben/00326.jpg,jmuben,train-0.parquet#2097:9(1119).jpg,4,cercospora,0,0,,train
jmuben/00327.jpg,jmuben,train-0.parquet#2098:9(3124).jpg,4,cercospora,0,0,,train
jmuben/00328.jpg,jmuben,train-0.parquet#2105:9(1267).jpg,4,cercospora,0,0,,train
jmuben/00329.jpg,jmuben,train-0.parquet#2110:4(437).jpg,4,cercospora,0,0,,train
jmuben/00331.jpg,jmuben,train-0.parquet#2123:4(572).jpg,4,cercospora,0,0,,train
jmuben/00332.jpg,jmuben,train-0.parquet#2125:6(717).jpg,4,cercospora,0,0,,train
jmuben/00333.jpg,jmuben,train-0.parquet#2126:8(543).jpg,4,cercospora,0,0,,train
jmuben/00334.jpg,jmuben,train-0.parquet#2128:9(1908).jpg,4,cercospora,0,0,,train
jmuben/00335.jpg,jmuben,train-0.parquet#2134:7(717).jpg,4,cercospora,0,0,,train
jmuben/00336.jpg,jmuben,train-0.parquet#2136:7(347).jpg,4,cercospora,0,0,,train
jmuben/00338.jpg,jmuben,train-0.parquet#2160:6(445).jpg,4,cercospora,0,0,,train
jmuben/00339.jpg,jmuben,train-0.parquet#2161:9(2125).jpg,4,cercospora,0,0,,train
jmuben/00340.jpg,jmuben,train-0.parquet#2175:9(304).jpg,4,cercospora,0,0,,train
jmuben/00341.jpg,jmuben,train-0.parquet#2176:9(3671).jpg,4,cercospora,0,0,,train
jmuben/00342.jpg,jmuben,train-0.parquet#2177:9(2963).jpg,4,cercospora,0,0,,train
jmuben/00344.jpg,jmuben,train-0.parquet#2196:4(335).jpg,4,cercospora,0,0,,train
jmuben/00346.jpg,jmuben,train-0.parquet#2202:8(187).jpg,4,cercospora,0,0,,train
jmuben/00347.jpg,jmuben,train-0.parquet#2203:9(1836).jpg,4,cercospora,0,0,,train
jmuben/00349.jpg,jmuben,train-0.parquet#2253:6(804).jpg,4,cercospora,0,0,,train
jmuben/00350.jpg,jmuben,train-0.parquet#2257:9(1861).jpg,4,cercospora,0,0,,train
jmuben/00351.jpg,jmuben,train-0.parquet#2259:4(698).jpg,4,cercospora,0,0,,train
jmuben/00352.jpg,jmuben,train-0.parquet#2265:7(384).jpg,4,cercospora,0,0,,train
jmuben/00353.jpg,jmuben,train-0.parquet#2266:4(732).jpg,4,cercospora,0,0,,train
jmuben/00354.jpg,jmuben,train-0.parquet#2291:9(1748).jpg,4,cercospora,0,0,,train
jmuben/00355.jpg,jmuben,train-0.parquet#2292:9(3775).jpg,4,cercospora,0,0,,train
jmuben/00356.jpg,jmuben,train-0.parquet#2296:7(111).jpg,4,cercospora,0,0,,train
jmuben/00357.jpg,jmuben,train-0.parquet#2302:6(111).jpg,4,cercospora,0,0,,train
jmuben/00358.jpg,jmuben,train-0.parquet#2304:9(2471).jpg,4,cercospora,0,0,,train
jmuben/00359.jpg,jmuben,train-0.parquet#2321:6(668).jpg,4,cercospora,0,0,,train
jmuben/00360.jpg,jmuben,train-0.parquet#2325:9(2758).jpg,4,cercospora,0,0,,train
jmuben/00361.jpg,jmuben,train-0.parquet#2330:9(57).jpg,4,cercospora,0,0,,train
jmuben/00362.jpg,jmuben,train-0.parquet#2362:9(2426).jpg,4,cercospora,0,0,,train
jmuben/00363.jpg,jmuben,train-0.parquet#2372:9(3237).jpg,4,cercospora,0,0,,train
jmuben/00365.jpg,jmuben,train-0.parquet#2374:6(795).jpg,4,cercospora,0,0,,train
jmuben/00366.jpg,jmuben,train-0.parquet#2376:9(1820).jpg,4,cercospora,0,0,,train
jmuben/00367.jpg,jmuben,train-0.parquet#2379:7(795).jpg,4,cercospora,0,0,,train
jmuben/00368.jpg,jmuben,train-0.parquet#2388:9(1573).jpg,4,cercospora,0,0,,train
jmuben/00369.jpg,jmuben,train-0.parquet#2400:9(77).jpg,4,cercospora,0,0,,train
jmuben/00370.jpg,jmuben,train-0.parquet#2409:9(109).jpg,4,cercospora,0,0,,train
jmuben/00371.jpg,jmuben,train-0.parquet#2419:7(86).jpg,4,cercospora,0,0,,train
jmuben/00373.jpg,jmuben,train-0.parquet#2431:9(365).jpg,4,cercospora,0,0,,train
jmuben/00375.jpg,jmuben,train-0.parquet#2434:9(2902).jpg,4,cercospora,0,0,,train
jmuben/00376.jpg,jmuben,train-0.parquet#2438:9(2451).jpg,4,cercospora,0,0,,train
jmuben/00377.jpg,jmuben,train-0.parquet#2439:6(131).jpg,4,cercospora,0,0,,train
jmuben/00380.jpg,jmuben,train-0.parquet#2451:6(424).jpg,4,cercospora,0,0,,train
jmuben/00381.jpg,jmuben,train-0.parquet#2454:9(220).jpg,4,cercospora,0,0,,train
jmuben/00382.jpg,jmuben,train-0.parquet#2467:9(3581).jpg,4,cercospora,0,0,,train
jmuben/00383.jpg,jmuben,train-0.parquet#2471:9(2390).jpg,4,cercospora,0,0,,train
jmuben/00386.jpg,jmuben,train-0.parquet#2502:9(3217).jpg,4,cercospora,0,0,,train
jmuben/00388.jpg,jmuben,train-0.parquet#2505:9(3702).jpg,4,cercospora,0,0,,train
jmuben/00389.jpg,jmuben,train-0.parquet#2508:9(627).jpg,4,cercospora,0,0,,train
jmuben/00390.jpg,jmuben,train-0.parquet#2514:9(2113).jpg,4,cercospora,0,0,,train
jmuben/00393.jpg,jmuben,train-0.parquet#2539:7(609).jpg,4,cercospora,0,0,,train
jmuben/00394.jpg,jmuben,train-0.parquet#2550:9(2739).jpg,4,cercospora,0,0,,train
jmuben/00395.jpg,jmuben,train-0.parquet#2567:8(774).jpg,4,cercospora,0,0,,train
jmuben/00396.jpg,jmuben,train-0.parquet#2574:8(631).jpg,4,cercospora,0,0,,train
jmuben/00398.jpg,jmuben,train-0.parquet#2576:9(1683).jpg,4,cercospora,0,0,,train
jmuben/00399.jpg,jmuben,train-0.parquet#2578:4(483).jpg,4,cercospora,0,0,,train
jmuben/00404.jpg,jmuben,train-0.parquet#2601:9(1142).jpg,4,cercospora,0,0,,train
jmuben/00405.jpg,jmuben,train-0.parquet#2603:9(1512).jpg,4,cercospora,0,0,,train
jmuben/00408.jpg,jmuben,train-0.parquet#2633:6(432).jpg,4,cercospora,0,0,,train
jmuben/00409.jpg,jmuben,train-0.parquet#2638:8(236).jpg,4,cercospora,0,0,,train
jmuben/00410.jpg,jmuben,train-0.parquet#2639:9(2502).jpg,4,cercospora,0,0,,train
jmuben/00411.jpg,jmuben,train-0.parquet#2650:9(2345).jpg,4,cercospora,0,0,,train
jmuben/00412.jpg,jmuben,train-0.parquet#2652:9(7).jpg,4,cercospora,0,0,,train
jmuben/00413.jpg,jmuben,train-0.parquet#2658:9(1093).jpg,4,cercospora,0,0,,train
jmuben/00415.jpg,jmuben,train-0.parquet#2663:9(3554).jpg,4,cercospora,0,0,,train
jmuben/00416.jpg,jmuben,train-0.parquet#2668:9(164).jpg,4,cercospora,0,0,,train
jmuben/00417.jpg,jmuben,train-0.parquet#2683:9(3738).jpg,4,cercospora,0,0,,train
jmuben/00420.jpg,jmuben,train-0.parquet#2711:9(426).jpg,4,cercospora,0,0,,train
jmuben/00422.jpg,jmuben,train-0.parquet#2714:7(222).jpg,4,cercospora,0,0,,train
jmuben/00423.jpg,jmuben,train-0.parquet#2722:9(2742).jpg,4,cercospora,0,0,,train
jmuben/00424.jpg,jmuben,train-0.parquet#2731:8(133).jpg,4,cercospora,0,0,,train
jmuben/00425.jpg,jmuben,train-0.parquet#2734:7(53).jpg,4,cercospora,0,0,,train
jmuben/00426.jpg,jmuben,train-0.parquet#2736:4(381).jpg,4,cercospora,0,0,,train
jmuben/00427.jpg,jmuben,train-0.parquet#2740:7(367).jpg,4,cercospora,0,0,,train
jmuben/00428.jpg,jmuben,train-0.parquet#2741:9(133).jpg,4,cercospora,0,0,,train
jmuben/00429.jpg,jmuben,train-0.parquet#2742:8(830).jpg,4,cercospora,0,0,,train
jmuben/00430.jpg,jmuben,train-0.parquet#2746:6(91).jpg,4,cercospora,0,0,,train
jmuben/00431.jpg,jmuben,train-0.parquet#2757:9(1617).jpg,4,cercospora,0,0,,train
jmuben/00432.jpg,jmuben,train-0.parquet#2759:4(417).jpg,4,cercospora,0,0,,train
jmuben/00433.jpg,jmuben,train-0.parquet#2761:9(2191).jpg,4,cercospora,0,0,,train
jmuben/00434.jpg,jmuben,train-0.parquet#2767:9(2304).jpg,4,cercospora,0,0,,train
jmuben/00435.jpg,jmuben,train-0.parquet#2768:8(430).jpg,4,cercospora,0,0,,train
jmuben/00436.jpg,jmuben,train-0.parquet#2770:4(682).jpg,4,cercospora,0,0,,train
jmuben/00438.jpg,jmuben,train-0.parquet#2774:9(3145).jpg,4,cercospora,0,0,,train
jmuben/00439.jpg,jmuben,train-0.parquet#2783:8(3).jpg,4,cercospora,0,0,,train
jmuben/00440.jpg,jmuben,train-0.parquet#2791:7(45).jpg,4,cercospora,0,0,,train
jmuben/00442.jpg,jmuben,train-0.parquet#2799:9(1894).jpg,4,cercospora,0,0,,train
jmuben/00443.jpg,jmuben,train-0.parquet#2824:9(349).jpg,4,cercospora,0,0,,train
jmuben/00444.jpg,jmuben,train-0.parquet#2826:9(1251).jpg,4,cercospora,0,0,,train
jmuben/00445.jpg,jmuben,train-0.parquet#2828:9(467).jpg,4,cercospora,0,0,,train
jmuben/00446.jpg,jmuben,train-0.parquet#2831:9(1085).jpg,4,cercospora,0,0,,train
jmuben/00447.jpg,jmuben,train-0.parquet#2837:8(467).jpg,4,cercospora,0,0,,train
jmuben/00448.jpg,jmuben,train-0.parquet#2840:6(263).jpg,4,cercospora,0,0,,train
jmuben/00449.jpg,jmuben,train-0.parquet#2844:9(934).jpg,4,cercospora,0,0,,train
jmuben/00450.jpg,jmuben,train-0.parquet#2845:6(799).jpg,4,cercospora,0,0,,train
jmuben/00451.jpg,jmuben,train-0.parquet#2847:9(2216).jpg,4,cercospora,0,0,,train
jmuben/00453.jpg,jmuben,train-0.parquet#2857:7(776).jpg,4,cercospora,0,0,,train
jmuben/00454.jpg,jmuben,train-0.parquet#2858:9(522).jpg,4,cercospora,0,0,,train
jmuben/00456.jpg,jmuben,train-0.parquet#2864:9(1590).jpg,4,cercospora,0,0,,train
jmuben/00457.jpg,jmuben,train-0.parquet#2865:9(3057).jpg,4,cercospora,0,0,,train
jmuben/00458.jpg,jmuben,train-0.parquet#2867:9(488).jpg,4,cercospora,0,0,,train
jmuben/00460.jpg,jmuben,train-0.parquet#2878:9(2979).jpg,4,cercospora,0,0,,train
jmuben/00461.jpg,jmuben,train-0.parquet#2888:4(142).jpg,4,cercospora,0,0,,train
jmuben/00462.jpg,jmuben,train-0.parquet#2890:9(1207).jpg,4,cercospora,0,0,,train
jmuben/00464.jpg,jmuben,train-0.parquet#2898:7(848).jpg,4,cercospora,0,0,,train
jmuben/00465.jpg,jmuben,train-0.parquet#2900:9(3543).jpg,4,cercospora,0,0,,train
jmuben/00467.jpg,jmuben,train-0.parquet#2935:4(791).jpg,4,cercospora,0,0,,train
jmuben/00468.jpg,jmuben,train-0.parquet#2947:9(3328).jpg,4,cercospora,0,0,,train
jmuben/00470.jpg,jmuben,train-0.parquet#2951:6(409).jpg,4,cercospora,0,0,,train
jmuben/00471.jpg,jmuben,train-0.parquet#2954:4(816).jpg,4,cercospora,0,0,,train
jmuben/00473.jpg,jmuben,train-0.parquet#2972:8(431).jpg,4,cercospora,0,0,,train
jmuben/00475.jpg,jmuben,train-0.parquet#2982:9(431).jpg,4,cercospora,0,0,,train
jmuben/00477.jpg,jmuben,train-0.parquet#2989:7(370).jpg,4,cercospora,0,0,,train
jmuben/00478.jpg,jmuben,train-0.parquet#2997:9(2610).jpg,4,cercospora,0,0,,train
jmuben/00479.jpg,jmuben,train-0.parquet#3002:6(720).jpg,4,cercospora,0,0,,train
jmuben/00481.jpg,jmuben,train-0.parquet#3012:9(1753).jpg,4,cercospora,0,0,,train
jmuben/00482.jpg,jmuben,train-0.parquet#3019:9(1616).jpg,4,cercospora,0,0,,train
jmuben/00483.jpg,jmuben,train-0.parquet#3026:7(673).jpg,4,cercospora,0,0,,train
jmuben/00485.jpg,jmuben,train-0.parquet#3034:9(2313).jpg,4,cercospora,0,0,,train
jmuben/00486.jpg,jmuben,train-0.parquet#3040:9(974).jpg,4,cercospora,0,0,,train
jmuben/00487.jpg,jmuben,train-0.parquet#3042:9(2256).jpg,4,cercospora,0,0,,train
jmuben/00490.jpg,jmuben,train-0.parquet#3058:8(831).jpg,4,cercospora,0,0,,train
jmuben/00491.jpg,jmuben,train-0.parquet#3059:9(3017).jpg,4,cercospora,0,0,,train
jmuben/00493.jpg,jmuben,train-0.parquet#3072:9(2082).jpg,4,cercospora,0,0,,train
jmuben/00494.jpg,jmuben,train-0.parquet#3080:9(759).jpg,4,cercospora,0,0,,train
jmuben/00495.jpg,jmuben,train-0.parquet#3082:9(1641).jpg,4,cercospora,0,0,,train
jmuben/00497.jpg,jmuben,train-0.parquet#3111:9(3040).jpg,4,cercospora,0,0,,train
jmuben/00498.jpg,jmuben,train-0.parquet#3115:9(1587).jpg,4,cercospora,0,0,,train
jmuben/00499.jpg,jmuben,train-0.parquet#3119:6(331).jpg,4,cercospora,0,0,,train
jmuben/00500.jpg,jmuben,train-0.parquet#3123:9(866).jpg,4,cercospora,0,0,,train
jmuben/00501.jpg,jmuben,train-0.parquet#3128:6(576).jpg,4,cercospora,0,0,,train
jmuben/00504.jpg,jmuben,train-0.parquet#3145:9(3257).jpg,4,cercospora,0,0,,train
jmuben/00505.jpg,jmuben,train-0.parquet#3147:9(3742).jpg,4,cercospora,0,0,,train
jmuben/00506.jpg,jmuben,train-0.parquet#3151:9(1285).jpg,4,cercospora,0,0,,train
jmuben/00507.jpg,jmuben,train-0.parquet#3160:4(986).jpg,4,cercospora,0,0,,train
jmuben/00512.jpg,jmuben,train-0.parquet#3190:7(521).jpg,4,cercospora,0,0,,train
jmuben/00513.jpg,jmuben,train-0.parquet#3206:9(2104).jpg,4,cercospora,0,0,,train
jmuben/00514.jpg,jmuben,train-0.parquet#3211:9(3345).jpg,4,cercospora,0,0,,train
jmuben/00516.jpg,jmuben,train-0.parquet#3215:9(630).jpg,4,cercospora,0,0,,train
jmuben/00518.jpg,jmuben,train-0.parquet#3230:9(149).jpg,4,cercospora,0,0,,train
jmuben/00519.jpg,jmuben,train-0.parquet#3231:4(251).jpg,4,cercospora,0,0,,train
jmuben/00521.jpg,jmuben,train-0.parquet#3239:9(1114).jpg,4,cercospora,0,0,,train
jmuben/00522.jpg,jmuben,train-0.parquet#3252:8(763).jpg,4,cercospora,0,0,,train
jmuben/00523.jpg,jmuben,train-0.parquet#3253:6(12).jpg,4,cercospora,0,0,,train
jmuben/00525.jpg,jmuben,train-0.parquet#3264:9(2954).jpg,4,cercospora,0,0,,train
jmuben/00526.jpg,jmuben,train-0.parquet#3269:6(864).jpg,4,cercospora,0,0,,train
jmuben/00527.jpg,jmuben,train-0.parquet#3270:7(188).jpg,4,cercospora,0,0,,train
jmuben/00528.jpg,jmuben,train-0.parquet#3293:9(1944).jpg,4,cercospora,0,0,,train
jmuben/00529.jpg,jmuben,train-0.parquet#3295:9(21).jpg,4,cercospora,0,0,,train
jmuben/00530.jpg,jmuben,train-0.parquet#3309:7(130).jpg,4,cercospora,0,0,,train
jmuben/00531.jpg,jmuben,train-0.parquet#3311:9(3611).jpg,4,cercospora,0,0,,train
jmuben/00532.jpg,jmuben,train-0.parquet#3320:8(734).jpg,4,cercospora,0,0,,train
jmuben/00533.jpg,jmuben,train-0.parquet#3327:9(2145).jpg,4,cercospora,0,0,,train
jmuben/00534.jpg,jmuben,train-0.parquet#3336:7(425).jpg,4,cercospora,0,0,,train
jmuben/00535.jpg,jmuben,train-0.parquet#3344:8(108).jpg,4,cercospora,0,0,,train
jmuben/00536.jpg,jmuben,train-0.parquet#3359:9(1155).jpg,4,cercospora,0,0,,train
jmuben/00538.jpg,jmuben,train-0.parquet#3362:7(219).jpg,4,cercospora,0,0,,train
jmuben/00539.jpg,jmuben,train-0.parquet#3363:9(3492).jpg,4,cercospora,0,0,,train
jmuben/00541.jpg,jmuben,train-0.parquet#3367:9(2779).jpg,4,cercospora,0,0,,train
jmuben/00542.jpg,jmuben,train-0.parquet#3382:8(893).jpg,4,cercospora,0,0,,train
jmuben/00543.jpg,jmuben,train-0.parquet#3386:9(1067).jpg,4,cercospora,0,0,,train
jmuben/00544.jpg,jmuben,train-0.parquet#3388:4(267).jpg,4,cercospora,0,0,,train
jmuben/00545.jpg,jmuben,train-0.parquet#3400:9(3373).jpg,4,cercospora,0,0,,train
jmuben/00547.jpg,jmuben,train-0.parquet#3418:6(147).jpg,4,cercospora,0,0,,train
jmuben/00548.jpg,jmuben,train-0.parquet#3424:7(147).jpg,4,cercospora,0,0,,train
jmuben/00549.jpg,jmuben,train-0.parquet#3433:9(1175).jpg,4,cercospora,0,0,,train
jmuben/00551.jpg,jmuben,train-0.parquet#3449:6(686).jpg,4,cercospora,0,0,,train
jmuben/00552.jpg,jmuben,train-0.parquet#3450:8(128).jpg,4,cercospora,0,0,,train
jmuben/00553.jpg,jmuben,train-0.parquet#3453:7(48).jpg,4,cercospora,0,0,,train
jmuben/00554.jpg,jmuben,train-0.parquet#3460:8(201).jpg,4,cercospora,0,0,,train
jmuben/00555.jpg,jmuben,train-0.parquet#3463:8(651).jpg,4,cercospora,0,0,,train
jmuben/00557.jpg,jmuben,train-0.parquet#3479:9(344).jpg,4,cercospora,0,0,,train
jmuben/00558.jpg,jmuben,train-0.parquet#3493:6(540).jpg,4,cercospora,0,0,,train
jmuben/00559.jpg,jmuben,train-0.parquet#3499:4(699).jpg,4,cercospora,0,0,,train
jmuben/00560.jpg,jmuben,train-0.parquet#3501:9(581).jpg,4,cercospora,0,0,,train
jmuben/00561.jpg,jmuben,train-0.parquet#3503:7(385).jpg,4,cercospora,0,0,,train
jmuben/00566.jpg,jmuben,train-0.parquet#3564:6(297).jpg,4,cercospora,0,0,,train
jmuben/00567.jpg,jmuben,train-0.parquet#3571:8(169).jpg,4,cercospora,0,0,,train
jmuben/00568.jpg,jmuben,train-0.parquet#3578:9(493).jpg,4,cercospora,0,0,,train
jmuben/00570.jpg,jmuben,train-0.parquet#3581:9(2574).jpg,4,cercospora,0,0,,train
jmuben/00572.jpg,jmuben,train-0.parquet#3599:9(305).jpg,4,cercospora,0,0,,train
jmuben/00573.jpg,jmuben,train-0.parquet#3605:6(151).jpg,4,cercospora,0,0,,train
jmuben/00574.jpg,jmuben,train-0.parquet#3608:4(19).jpg,4,cercospora,0,0,,train
jmuben/00575.jpg,jmuben,train-0.parquet#3612:9(2061).jpg,4,cercospora,0,0,,train
jmuben/00576.jpg,jmuben,train-0.parquet#3614:8(542).jpg,4,cercospora,0,0,,train
jmuben/00578.jpg,jmuben,train-0.parquet#3653:4(62).jpg,4,cercospora,0,0,,train
jmuben/00580.jpg,jmuben,train-0.parquet#3659:7(595).jpg,4,cercospora,0,0,,train
jmuben/00581.jpg,jmuben,train-0.parquet#3666:9(3060).jpg,4,cercospora,0,0,,train
jmuben/00582.jpg,jmuben,train-0.parquet#3667:9(145).jpg,4,cercospora,0,0,,train
jmuben/00583.jpg,jmuben,train-0.parquet#3669:9(3430).jpg,4,cercospora,0,0,,train
jmuben/00584.jpg,jmuben,train-0.parquet#3672:7(25).jpg,4,cercospora,0,0,,train
jmuben/00585.jpg,jmuben,train-0.parquet#3674:6(311).jpg,4,cercospora,0,0,,train
jmuben/00587.jpg,jmuben,train-0.parquet#3677:9(846).jpg,4,cercospora,0,0,,train
jmuben/00588.jpg,jmuben,train-0.parquet#3684:9(2734).jpg,4,cercospora,0,0,,train
jmuben/00589.jpg,jmuben,train-0.parquet#3693:4(318).jpg,4,cercospora,0,0,,train
jmuben/00590.jpg,jmuben,train-0.parquet#3695:7(604).jpg,4,cercospora,0,0,,train
jmuben/00591.jpg,jmuben,train-0.parquet#3718:7(468).jpg,4,cercospora,0,0,,train
jmuben/00593.jpg,jmuben,train-0.parquet#3740:7(757).jpg,4,cercospora,0,0,,train
jmuben/00594.jpg,jmuben,train-0.parquet#3743:9(153).jpg,4,cercospora,0,0,,train
jmuben/00595.jpg,jmuben,train-0.parquet#3747:9(3563).jpg,4,cercospora,0,0,,train
jmuben/00596.jpg,jmuben,train-0.parquet#3755:8(446).jpg,4,cercospora,0,0,,train
jmuben/00597.jpg,jmuben,train-0.parquet#3758:4(1047).jpg,4,cercospora,0,0,,train
jmuben/00598.jpg,jmuben,train-0.parquet#3766:9(2958).jpg,4,cercospora,0,0,,train
jmuben/00599.jpg,jmuben,train-0.parquet#3768:4(477).jpg,4,cercospora,0,0,,train
jmuben/00601.jpg,jmuben,train-0.parquet#3773:6(491).jpg,4,cercospora,0,0,,train
jmuben/00602.jpg,jmuben,train-0.parquet#3789:9(104).jpg,4,cercospora,0,0,,train
jmuben/00603.jpg,jmuben,train-0.parquet#3791:7(64).jpg,4,cercospora,0,0,,train
jmuben/00604.jpg,jmuben,train-0.parquet#3801:9(942).jpg,4,cercospora,0,0,,train
jmuben/00605.jpg,jmuben,train-0.parquet#3811:9(1159).jpg,4,cercospora,0,0,,train
jmuben/00607.jpg,jmuben,train-0.parquet#3814:7(645).jpg,4,cercospora,0,0,,train
jmuben/00609.jpg,jmuben,train-0.parquet#3817:9(1509).jpg,4,cercospora,0,0,,train
jmuben/00611.jpg,jmuben,train-0.parquet#3853:6(282).jpg,4,cercospora,0,0,,train
jmuben/00613.jpg,jmuben,train-0.parquet#3855:9(3059).jpg,4,cercospora,0,0,,train
jmuben/00614.jpg,jmuben,train-0.parquet#3867:9(469).jpg,4,cercospora,0,0,,train
jmuben/00615.jpg,jmuben,train-0.parquet#3870:9(193).jpg,4,cercospora,0,0,,train
jmuben/00616.jpg,jmuben,train-0.parquet#3873:9(1822).jpg,4,cercospora,0,0,,train
jmuben/00617.jpg,jmuben,train-0.parquet#3875:9(1988).jpg,4,cercospora,0,0,,train
jmuben/00618.jpg,jmuben,train-0.parquet#3878:9(890).jpg,4,cercospora,0,0,,train
jmuben/00619.jpg,jmuben,train-0.parquet#3879:7(514).jpg,4,cercospora,0,0,,train
jmuben/00620.jpg,jmuben,train-0.parquet#3886:7(144).jpg,4,cercospora,0,0,,train
jmuben/00621.jpg,jmuben,train-0.parquet#3893:6(31).jpg,4,cercospora,0,0,,train
jmuben/00622.jpg,jmuben,train-0.parquet#3895:6(144).jpg,4,cercospora,0,0,,train
jmuben/00626.jpg,jmuben,train-0.parquet#3905:9(2832).jpg,4,cercospora,0,0,,train
jmuben/00628.jpg,jmuben,train-0.parquet#3916:9(1033).jpg,4,cercospora,0,0,,train
jmuben/00629.jpg,jmuben,train-0.parquet#3917:4(233).jpg,4,cercospora,0,0,,train
jmuben/00630.jpg,jmuben,train-0.parquet#3920:9(982).jpg,4,cercospora,0,0,,train
jmuben/00631.jpg,jmuben,train-0.parquet#3938:7(810).jpg,4,cercospora,0,0,,train
jmuben/00633.jpg,jmuben,train-0.parquet#3941:8(717).jpg,4,cercospora,0,0,,train
jmuben/00634.jpg,jmuben,train-0.parquet#3944:9(3262).jpg,4,cercospora,0,0,,train
jmuben/00635.jpg,jmuben,train-0.parquet#3956:8(97).jpg,4,cercospora,0,0,,train
jmuben/00636.jpg,jmuben,train-0.parquet#3957:9(652).jpg,4,cercospora,0,0,,train
jmuben/00637.jpg,jmuben,train-0.parquet#3958:9(3777).jpg,4,cercospora,0,0,,train
jmuben/00643.jpg,jmuben,train-0.parquet#3981:9(3448).jpg,4,cercospora,0,0,,train
jmuben/00644.jpg,jmuben,train-0.parquet#3983:7(739).jpg,4,cercospora,0,0,,train
jmuben/00649.jpg,jmuben,train-0.parquet#4009:8(701).jpg,4,cercospora,0,0,,train
jmuben/00650.jpg,jmuben,train-0.parquet#4015:8(644).jpg,4,cercospora,0,0,,train
jmuben/00652.jpg,jmuben,train-0.parquet#4025:9(644).jpg,4,cercospora,0,0,,train
jmuben/00653.jpg,jmuben,train-0.parquet#4028:9(214).jpg,4,cercospora,0,0,,train
jmuben/00654.jpg,jmuben,train-0.parquet#4031:9(1422).jpg,4,cercospora,0,0,,train
jmuben/00655.jpg,jmuben,train-0.parquet#4037:8(869).jpg,4,cercospora,0,0,,train
jmuben/00656.jpg,jmuben,train-0.parquet#4039:4(1091).jpg,4,cercospora,0,0,,train
jmuben/00657.jpg,jmuben,train-0.parquet#4044:9(886).jpg,4,cercospora,0,0,,train
jmuben/00660.jpg,jmuben,train-0.parquet#4070:7(152).jpg,4,cercospora,0,0,,train
jmuben/00661.jpg,jmuben,train-0.parquet#4076:9(243).jpg,4,cercospora,0,0,,train
jmuben/00664.jpg,jmuben,train-0.parquet#4104:9(541).jpg,4,cercospora,0,0,,train
jmuben/00665.jpg,jmuben,train-0.parquet#4130:6(596).jpg,4,cercospora,0,0,,train
jmuben/00666.jpg,jmuben,train-0.parquet#4141:9(2019).jpg,4,cercospora,0,0,,train
jmuben/00667.jpg,jmuben,train-0.parquet#4144:9(687).jpg,4,cercospora,0,0,,train
jmuben/00668.jpg,jmuben,train-0.parquet#4146:9(3258).jpg,4,cercospora,0,0,,train
jmuben/00670.jpg,jmuben,train-0.parquet#4152:7(257).jpg,4,cercospora,0,0,,train
jmuben/00671.jpg,jmuben,train-0.parquet#4161:9(3825).jpg,4,cercospora,0,0,,train
jmuben/00673.jpg,jmuben,train-0.parquet#4171:9(845).jpg,4,cercospora,0,0,,train
jmuben/00674.jpg,jmuben,train-0.parquet#4175:8(516).jpg,4,cercospora,0,0,,train
jmuben/00675.jpg,jmuben,train-0.parquet#4176:9(38).jpg,4,cercospora,0,0,,train
jmuben/00676.jpg,jmuben,train-0.parquet#4183:9(516).jpg,4,cercospora,0,0,,train
jmuben/00677.jpg,jmuben,train-0.parquet#4186:7(892).jpg,4,cercospora,0,0,,train
jmuben/00678.jpg,jmuben,train-0.parquet#4190:7(938).jpg,4,cercospora,0,0,,train
jmuben/00679.jpg,jmuben,train-0.parquet#4196:4(177).jpg,4,cercospora,0,0,,train
jmuben/00682.jpg,jmuben,train-0.parquet#4207:8(280).jpg,4,cercospora,0,0,,train
jmuben/00684.jpg,jmuben,train-0.parquet#4215:9(3833).jpg,4,cercospora,0,0,,train
jmuben/00688.jpg,jmuben,train-0.parquet#4241:4(1101).jpg,4,cercospora,0,0,,train
jmuben/00689.jpg,jmuben,train-0.parquet#4247:4(161).jpg,4,cercospora,0,0,,train
jmuben/00690.jpg,jmuben,train-0.parquet#4248:9(783).jpg,4,cercospora,0,0,,train
jmuben/00691.jpg,jmuben,train-0.parquet#4277:7(88).jpg,4,cercospora,0,0,,train
jmuben/00692.jpg,jmuben,train-0.parquet#4286:9(2776).jpg,4,cercospora,0,0,,train
jmuben/00693.jpg,jmuben,train-0.parquet#4289:6(646).jpg,4,cercospora,0,0,,train
jmuben/00694.jpg,jmuben,train-0.parquet#4291:6(353).jpg,4,cercospora,0,0,,train
jmuben/00695.jpg,jmuben,train-0.parquet#4312:9(1766).jpg,4,cercospora,0,0,,train
jmuben/00696.jpg,jmuben,train-0.parquet#4331:6(518).jpg,4,cercospora,0,0,,train
jmuben/00697.jpg,jmuben,train-0.parquet#4342:9(259).jpg,4,cercospora,0,0,,train
jmuben/00700.jpg,jmuben,train-0.parquet#4355:4(638).jpg,4,cercospora,0,0,,train
jmuben/00701.jpg,jmuben,train-0.parquet#4356:9(3405).jpg,4,cercospora,0,0,,train
jmuben/00703.jpg,jmuben,train-0.parquet#4359:7(324).jpg,4,cercospora,0,0,,train
jmuben/00704.jpg,jmuben,train-0.parquet#4377:9(1984).jpg,4,cercospora,0,0,,train
jmuben/00706.jpg,jmuben,train-0.parquet#4394:9(2886).jpg,4,cercospora,0,0,,train
jmuben/00707.jpg,jmuben,train-0.parquet#4397:9(2185).jpg,4,cercospora,0,0,,train
jmuben/00708.jpg,jmuben,train-0.parquet#4408:4(116).jpg,4,cercospora,0,0,,train
jmuben/00711.jpg,jmuben,train-0.parquet#4418:9(1896).jpg,4,cercospora,0,0,,train
jmuben/00712.jpg,jmuben,train-0.parquet#4426:7(47).jpg,4,cercospora,0,0,,train
jmuben/00713.jpg,jmuben,train-0.parquet#4428:4(395).jpg,4,cercospora,0,0,,train
jmuben/00714.jpg,jmuben,train-0.parquet#4432:7(236).jpg,4,cercospora,0,0,,train
jmuben/00715.jpg,jmuben,train-0.parquet#4433:4(680).jpg,4,cercospora,0,0,,train
jmuben/00716.jpg,jmuben,train-0.parquet#4459:7(109).jpg,4,cercospora,0,0,,train
jmuben/00717.jpg,jmuben,train-0.parquet#4468:9(648).jpg,4,cercospora,0,0,,train
jmuben/00718.jpg,jmuben,train-0.parquet#4489:4(229).jpg,4,cercospora,0,0,,train
jmuben/00720.jpg,jmuben,train-0.parquet#4495:9(832).jpg,4,cercospora,0,0,,train
jmuben/00721.jpg,jmuben,train-0.parquet#4498:8(131).jpg,4,cercospora,0,0,,train
jmuben/00722.jpg,jmuben,train-0.parquet#4500:8(424).jpg,4,cercospora,0,0,,train
jmuben/00723.jpg,jmuben,train-0.parquet#4504:9(2740).jpg,4,cercospora,0,0,,train
jmuben/00724.jpg,jmuben,train-0.parquet#4511:4(696).jpg,4,cercospora,0,0,,train
jmuben/00726.jpg,jmuben,train-0.parquet#4518:9(1212).jpg,4,cercospora,0,0,,train
jmuben/00727.jpg,jmuben,train-0.parquet#4520:4(16).jpg,4,cercospora,0,0,,train
jmuben/00728.jpg,jmuben,train-0.parquet#4526:9(1707).jpg,4,cercospora,0,0,,train
jmuben/00730.jpg,jmuben,train-0.parquet#4537:6(762).jpg,4,cercospora,0,0,,train
jmuben/00731.jpg,jmuben,train-0.parquet#4543:8(865).jpg,4,cercospora,0,0,,train
jmuben/00732.jpg,jmuben,train-0.parquet#4547:9(1584).jpg,4,cercospora,0,0,,train
jmuben/00733.jpg,jmuben,train-0.parquet#4549:7(298).jpg,4,cercospora,0,0,,train
jmuben/00735.jpg,jmuben,train-0.parquet#4568:8(189).jpg,4,cercospora,0,0,,train
jmuben/00736.jpg,jmuben,train-0.parquet#4572:6(627).jpg,4,cercospora,0,0,,train
jmuben/00737.jpg,jmuben,train-0.parquet#4579:8(234).jpg,4,cercospora,0,0,,train
jmuben/00738.jpg,jmuben,train-0.parquet#4590:9(3604).jpg,4,cercospora,0,0,,train
jmuben/00739.jpg,jmuben,train-0.parquet#4594:9(371).jpg,4,cercospora,0,0,,train
jmuben/00740.jpg,jmuben,train-0.parquet#4608:9(3487).jpg,4,cercospora,0,0,,train
jmuben/00741.jpg,jmuben,train-0.parquet#4609:4(340).jpg,4,cercospora,0,0,,train
jmuben/00743.jpg,jmuben,train-0.parquet#4628:9(3038).jpg,4,cercospora,0,0,,train
jmuben/00745.jpg,jmuben,train-0.parquet#4637:9(3346).jpg,4,cercospora,0,0,,train
jmuben/00746.jpg,jmuben,train-0.parquet#4640:9(633).jpg,4,cercospora,0,0,,train
jmuben/00750.jpg,jmuben,train-0.parquet#4692:6(471).jpg,4,cercospora,0,0,,train
jmuben/00752.jpg,jmuben,train-0.parquet#4734:9(1551).jpg,4,cercospora,0,0,,train
jmuben/00753.jpg,jmuben,train-0.parquet#4740:9(1947).jpg,4,cercospora,0,0,,train
jmuben/00754.jpg,jmuben,train-0.parquet#4745:9(2238).jpg,4,cercospora,0,0,,train
jmuben/00755.jpg,jmuben,train-0.parquet#4750:7(308).jpg,4,cercospora,0,0,,train
jmuben/00756.jpg,jmuben,train-0.parquet#4770:6(426).jpg,4,cercospora,0,0,,train
jmuben/00757.jpg,jmuben,train-0.parquet#4774:9(2453).jpg,4,cercospora,0,0,,train
jmuben/00759.jpg,jmuben,train-0.parquet#4789:9(737).jpg,4,cercospora,0,0,,train
jmuben/00760.jpg,jmuben,train-0.parquet#4790:7(563).jpg,4,cercospora,0,0,,train
jmuben/00761.jpg,jmuben,train-0.parquet#4792:9(2280).jpg,4,cercospora,0,0,,train
jmuben/00762.jpg,jmuben,train-0.parquet#4808:9(1854).jpg,4,cercospora,0,0,,train
jmuben/00764.jpg,jmuben,train-0.parquet#4812:4(357).jpg,4,cercospora,0,0,,train
jmuben/00765.jpg,jmuben,train-0.parquet#4815:9(3490).jpg,4,cercospora,0,0,,train
jmuben/00767.jpg,jmuben,train-0.parquet#4817:4(642).jpg,4,cercospora,0,0,,train
jmuben/00768.jpg,jmuben,train-0.parquet#4827:9(3306).jpg,4,cercospora,0,0,,train
jmuben/00770.jpg,jmuben,train-0.parquet#4840:9(2147).jpg,4,cercospora,0,0,,train
jmuben/00771.jpg,jmuben,train-0.parquet#4847:9(2002).jpg,4,cercospora,0,0,,train
jmuben/00772.jpg,jmuben,train-0.parquet#4848:6(562).jpg,4,cercospora,0,0,,train
jmuben/00773.jpg,jmuben,train-0.parquet#4858:9(2901).jpg,4,cercospora,0,0,,train
jmuben/00774.jpg,jmuben,train-0.parquet#4862:9(1100).jpg,4,cercospora,0,0,,train
jmuben/00777.jpg,jmuben,train-0.parquet#4888:6(470).jpg,4,cercospora,0,0,,train
jmuben/00780.jpg,jmuben,train-0.parquet#4896:9(2813).jpg,4,cercospora,0,0,,train
jmuben/00781.jpg,jmuben,train-0.parquet#4897:9(624).jpg,4,cercospora,0,0,,train
jmuben/00782.jpg,jmuben,train-0.parquet#4904:9(1696).jpg,4,cercospora,0,0,,train
jmuben/00783.jpg,jmuben,train-0.parquet#4906:7(535).jpg,4,cercospora,0,0,,train
jmuben/00785.jpg,jmuben,train-0.parquet#4917:9(1229).jpg,4,cercospora,0,0,,train
jmuben/00786.jpg,jmuben,train-0.parquet#4921:9(2055).jpg,4,cercospora,0,0,,train
jmuben/00787.jpg,jmuben,train-0.parquet#4927:9(2690).jpg,4,cercospora,0,0,,train
jmuben/00788.jpg,jmuben,train-0.parquet#4937:9(3594).jpg,4,cercospora,0,0,,train
jmuben/00789.jpg,jmuben,train-0.parquet#4938:9(1053).jpg,4,cercospora,0,0,,train
jmuben/00790.jpg,jmuben,train-0.parquet#4939:8(848).jpg,4,cercospora,0,0,,train
jmuben/00793.jpg,jmuben,train-0.parquet#4962:8(632).jpg,4,cercospora,0,0,,train
jmuben/00796.jpg,jmuben,train-0.parquet#4977:7(173).jpg,4,cercospora,0,0,,train
jmuben/00798.jpg,jmuben,train-0.parquet#4988:9(409).jpg,4,cercospora,0,0,,train
jmuben/00799.jpg,jmuben,train-0.parquet#4992:9(1842).jpg,4,cercospora,0,0,,train
jmuben/00801.jpg,jmuben,train-0.parquet#5007:9(1454).jpg,4,cercospora,0,0,,train
jmuben/00802.jpg,jmuben,train-0.parquet#5012:6(431).jpg,4,cercospora,0,0,,train
jmuben/00803.jpg,jmuben,train-0.parquet#5014:4(984).jpg,4,cercospora,0,0,,train
jmuben/00806.jpg,jmuben,train-0.parquet#5025:7(574).jpg,4,cercospora,0,0,,train
jmuben/00807.jpg,jmuben,train-0.parquet#5047:8(167).jpg,4,cercospora,0,0,,train
jmuben/00808.jpg,jmuben,train-0.parquet#5049:9(864).jpg,4,cercospora,0,0,,train
jmuben/00809.jpg,jmuben,train-0.parquet#5060:9(167).jpg,4,cercospora,0,0,,train
jmuben/00811.jpg,jmuben,train-0.parquet#5087:9(1643).jpg,4,cercospora,0,0,,train
jmuben/00812.jpg,jmuben,train-0.parquet#5095:9(2080).jpg,4,cercospora,0,0,,train
jmuben/00813.jpg,jmuben,train-0.parquet#5105:7(50).jpg,4,cercospora,0,0,,train
jmuben/00814.jpg,jmuben,train-0.parquet#5108:4(382).jpg,4,cercospora,0,0,,train
jmuben/00816.jpg,jmuben,train-0.parquet#5112:9(130).jpg,4,cercospora,0,0,,train
jmuben/00818.jpg,jmuben,train-0.parquet#5133:9(976).jpg,4,cercospora,0,0,,train
jmuben/00820.jpg,jmuben,train-0.parquet#5143:4(40).jpg,4,cercospora,0,0,,train
jmuben/00822.jpg,jmuben,train-0.parquet#5154:9(3629).jpg,4,cercospora,0,0,,train
jmuben/00823.jpg,jmuben,train-0.parquet#5156:7(558).jpg,4,cercospora,0,0,,train
jmuben/00824.jpg,jmuben,train-0.parquet#5159:4(101).jpg,4,cercospora,0,0,,train
jmuben/00825.jpg,jmuben,train-0.parquet#5160:9(649).jpg,4,cercospora,0,0,,train
jmuben/00826.jpg,jmuben,train-0.parquet#5166:9(2487).jpg,4,cercospora,0,0,,train
jmuben/00829.jpg,jmuben,train-0.parquet#5189:7(46).jpg,4,cercospora,0,0,,train
jmuben/00830.jpg,jmuben,train-0.parquet#5225:6(958).jpg,4,cercospora,0,0,,train
jmuben/00832.jpg,jmuben,train-0.parquet#5232:4(639).jpg,4,cercospora,0,0,,train
jmuben/00833.jpg,jmuben,train-0.parquet#5239:9(3054).jpg,4,cercospora,0,0,,train
jmuben/00834.jpg,jmuben,train-0.parquet#5250:6(630).jpg,4,cercospora,0,0,,train
jmuben/00836.jpg,jmuben,train-0.parquet#5253:9(3812).jpg,4,cercospora,0,0,,train
jmuben/00837.jpg,jmuben,train-0.parquet#5256:4(1065).jpg,4,cercospora,0,0,,train
jmuben/00838.jpg,jmuben,train-0.parquet#5268:9(2429).jpg,4,cercospora,0,0,,train
jmuben/00839.jpg,jmuben,train-0.parquet#5272:8(22).jpg,4,cercospora,0,0,,train
jmuben/00841.jpg,jmuben,train-0.parquet#5296:9(1767).jpg,4,cercospora,0,0,,train
jmuben/00842.jpg,jmuben,train-0.parquet#5299:7(581).jpg,4,cercospora,0,0,,train
jmuben/00843.jpg,jmuben,train-0.parquet#5303:9(1788).jpg,4,cercospora,0,0,,train
jmuben/00844.jpg,jmuben,train-0.parquet#5312:9(3166).jpg,4,cercospora,0,0,,train
jmuben/00845.jpg,jmuben,train-0.parquet#5316:9(97).jpg,4,cercospora,0,0,,train
jmuben/00846.jpg,jmuben,train-0.parquet#5318:9(1858).jpg,4,cercospora,0,0,,train
jmuben/00847.jpg,jmuben,train-0.parquet#5320:9(2777).jpg,4,cercospora,0,0,,train
jmuben/00848.jpg,jmuben,train-0.parquet#5321:4(1012).jpg,4,cercospora,0,0,,train
jmuben/00849.jpg,jmuben,train-0.parquet#5322:6(647).jpg,4,cercospora,0,0,,train
jmuben/00850.jpg,jmuben,train-0.parquet#5330:8(556).jpg,4,cercospora,0,0,,train
jmuben/00852.jpg,jmuben,train-0.parquet#5347:6(885).jpg,4,cercospora,0,0,,train
jmuben/00855.jpg,jmuben,train-0.parquet#5364:7(493).jpg,4,cercospora,0,0,,train
jmuben/00857.jpg,jmuben,train-0.parquet#5379:4(1045).jpg,4,cercospora,0,0,,train
jmuben/00858.jpg,jmuben,train-0.parquet#5388:7(755).jpg,4,cercospora,0,0,,train
jmuben/00859.jpg,jmuben,train-0.parquet#5391:9(1419).jpg,4,cercospora,0,0,,train
jmuben/00861.jpg,jmuben,train-0.parquet#5401:9(2235).jpg,4,cercospora,0,0,,train
jmuben/00862.jpg,jmuben,train-0.parquet#5408:6(190).jpg,4,cercospora,0,0,,train
jmuben/00864.jpg,jmuben,train-0.parquet#5429:4(37).jpg,4,cercospora,0,0,,train
jmuben/00865.jpg,jmuben,train-0.parquet#5435:7(606).jpg,4,cercospora,0,0,,train
jmuben/00866.jpg,jmuben,train-0.parquet#5444:9(2366).jpg,4,cercospora,0,0,,train
jmuben/00867.jpg,jmuben,train-0.parquet#5456:9(2223).jpg,4,cercospora,0,0,,train
jmuben/00868.jpg,jmuben,train-0.parquet#5457:9(3062).jpg,4,cercospora,0,0,,train
jmuben/00869.jpg,jmuben,train-0.parquet#5465:7(743).jpg,4,cercospora,0,0,,train
jmuben/00873.jpg,jmuben,train-0.parquet#5479:8(669).jpg,4,cercospora,0,0,,train
jmuben/00874.jpg,jmuben,train-0.parquet#5486:7(9).jpg,4,cercospora,0,0,,train
jmuben/00875.jpg,jmuben,train-0.parquet#5503:9(81).jpg,4,cercospora,0,0,,train
jmuben/00876.jpg,jmuben,train-0.parquet#5517:4(208).jpg,4,cercospora,0,0,,train
jmuben/00879.jpg,jmuben,train-0.parquet#5545:7(503).jpg,4,cercospora,0,0,,train
jmuben/00881.jpg,jmuben,train-0.parquet#5552:9(2825).jpg,4,cercospora,0,0,,train
jmuben/00884.jpg,jmuben,train-0.parquet#5569:4(1090).jpg,4,cercospora,0,0,,train
jmuben/00885.jpg,jmuben,train-0.parquet#5579:6(780).jpg,4,cercospora,0,0,,train
jmuben/00886.jpg,jmuben,train-0.parquet#5585:7(780).jpg,4,cercospora,0,0,,train
jmuben/00887.jpg,jmuben,train-0.parquet#5587:9(8).jpg,4,cercospora,0,0,,train
jmuben/00889.jpg,jmuben,train-0.parquet#5594:7(104).jpg,4,cercospora,0,0,,train
jmuben/00890.jpg,jmuben,train-0.parquet#5615:7(411).jpg,4,cercospora,0,0,,train
jmuben/00893.jpg,jmuben,train-0.parquet#5637:9(1161).jpg,4,cercospora,0,0,,train
jmuben/00894.jpg,jmuben,train-0.parquet#5641:9(1531).jpg,4,cercospora,0,0,,train
jmuben/00898.jpg,jmuben,train-0.parquet#5666:9(716).jpg,4,cercospora,0,0,,train
jmuben/00899.jpg,jmuben,train-0.parquet#5669:6(954).jpg,4,cercospora,0,0,,train
jmuben/00900.jpg,jmuben,train-0.parquet#5679:4(818).jpg,4,cercospora,0,0,,train
jmuben/00901.jpg,jmuben,train-0.parquet#5683:6(88).jpg,4,cercospora,0,0,,train
jmuben/00902.jpg,jmuben,train-0.parquet#5693:6(684).jpg,4,cercospora,0,0,,train
jmuben/00903.jpg,jmuben,train-0.parquet#5702:4(377).jpg,4,cercospora,0,0,,train
jmuben/00904.jpg,jmuben,train-0.parquet#5710:4(459).jpg,4,cercospora,0,0,,train
jmuben/00905.jpg,jmuben,train-0.parquet#5723:8(311).jpg,4,cercospora,0,0,,train
jmuben/00906.jpg,jmuben,train-0.parquet#5732:9(604).jpg,4,cercospora,0,0,,train
jmuben/00907.jpg,jmuben,train-0.parquet#5739:6(329).jpg,4,cercospora,0,0,,train
jmuben/00908.jpg,jmuben,train-0.parquet#5747:9(487).jpg,4,cercospora,0,0,,train
jmuben/00909.jpg,jmuben,train-0.parquet#5761:9(192).jpg,4,cercospora,0,0,,train
jmuben/00910.jpg,jmuben,train-0.parquet#5783:9(3680).jpg,4,cercospora,0,0,,train
jmuben/00911.jpg,jmuben,train-0.parquet#5798:7(16).jpg,4,cercospora,0,0,,train
jmuben/00912.jpg,jmuben,train-0.parquet#5801:8(875).jpg,4,cercospora,0,0,,train
jmuben/00914.jpg,jmuben,train-0.parquet#5819:6(637).jpg,4,cercospora,0,0,,train
jmuben/00916.jpg,jmuben,train-0.parquet#5823:9(1828).jpg,4,cercospora,0,0,,train
jmuben/00917.jpg,jmuben,train-0.parquet#5828:9(2029).jpg,4,cercospora,0,0,,train
jmuben/00918.jpg,jmuben,train-0.parquet#5833:9(3638).jpg,4,cercospora,0,0,,train
jmuben/00920.jpg,jmuben,train-0.parquet#5838:9(1255).jpg,4,cercospora,0,0,,train
jmuben/00921.jpg,jmuben,train-0.parquet#5848:4(110).jpg,4,cercospora,0,0,,train
jmuben/00922.jpg,jmuben,train-0.parquet#5849:9(2496).jpg,4,cercospora,0,0,,train
jmuben/00923.jpg,jmuben,train-0.parquet#5859:9(1039).jpg,4,cercospora,0,0,,train
jmuben/00924.jpg,jmuben,train-0.parquet#5861:7(41).jpg,4,cercospora,0,0,,train
jmuben/00925.jpg,jmuben,train-0.parquet#5870:8(121).jpg,4,cercospora,0,0,,train
jmuben/00926.jpg,jmuben,train-0.parquet#5873:9(988).jpg,4,cercospora,0,0,,train
jmuben/00927.jpg,jmuben,train-0.parquet#5877:4(1035).jpg,4,cercospora,0,0,,train
jmuben/00930.jpg,jmuben,train-0.parquet#5893:8(64).jpg,4,cercospora,0,0,,train
jmuben/00932.jpg,jmuben,train-0.parquet#5908:9(1756).jpg,4,cercospora,0,0,,train
jmuben/00933.jpg,jmuben,train-0.parquet#5913:9(49).jpg,4,cercospora,0,0,,train
jmuben/00934.jpg,jmuben,train-0.parquet#5930:9(137).jpg,4,cercospora,0,0,,train
jmuben/00936.jpg,jmuben,train-0.parquet#5935:7(226).jpg,4,cercospora,0,0,,train
jmuben/00937.jpg,jmuben,train-0.parquet#5949:9(2068).jpg,4,cercospora,0,0,,train
jmuben/00940.jpg,jmuben,train-0.parquet#5967:9(1701).jpg,4,cercospora,0,0,,train
jmuben/00941.jpg,jmuben,train-0.parquet#5971:4(151).jpg,4,cercospora,0,0,,train
jmuben/00942.jpg,jmuben,train-0.parquet#5975:8(249).jpg,4,cercospora,0,0,,train
jmuben/00944.jpg,jmuben,train-0.parquet#6001:9(926).jpg,4,cercospora,0,0,,train
jmuben/00946.jpg,jmuben,train-0.parquet#6005:9(1994).jpg,4,cercospora,0,0,,train
jmuben/00947.jpg,jmuben,train-0.parquet#6006:9(3100).jpg,4,cercospora,0,0,,train
jmuben/00948.jpg,jmuben,train-0.parquet#6013:4(297).jpg,4,cercospora,0,0,,train
jmuben/00949.jpg,jmuben,train-0.parquet#6019:9(3747).jpg,4,cercospora,0,0,,train
jmuben/00950.jpg,jmuben,train-0.parquet#6026:9(2156).jpg,4,cercospora,0,0,,train
jmuben/00953.jpg,jmuben,train-0.parquet#6061:8(818).jpg,4,cercospora,0,0,,train
jmuben/00956.jpg,jmuben,train-0.parquet#6078:9(265).jpg,4,cercospora,0,0,,train
jmuben/00958.jpg,jmuben,train-0.parquet#6092:4(192).jpg,4,cercospora,0,0,,train
jmuben/00959.jpg,jmuben,train-0.parquet#6118:9(2228).jpg,4,cercospora,0,0,,train
jmuben/00961.jpg,jmuben,train-0.parquet#6128:9(3069).jpg,4,cercospora,0,0,,train
jmuben/00963.jpg,jmuben,train-0.parquet#6149:9(2547).jpg,4,cercospora,0,0,,train
jmuben/00964.jpg,jmuben,train-0.parquet#6154:9(2402).jpg,4,cercospora,0,0,,train
jmuben/00965.jpg,jmuben,train-0.parquet#6156:6(162).jpg,4,cercospora,0,0,,train
jmuben/00966.jpg,jmuben,train-0.parquet#6164:9(766).jpg,4,cercospora,0,0,,train
jmuben/00967.jpg,jmuben,train-0.parquet#6171:9(1804).jpg,4,cercospora,0,0,,train
jmuben/00968.jpg,jmuben,train-0.parquet#6173:9(2681).jpg,4,cercospora,0,0,,train
jmuben/00969.jpg,jmuben,train-0.parquet#6182:4(242).jpg,4,cercospora,0,0,,train
jmuben/00970.jpg,jmuben,train-0.parquet#6184:4(612).jpg,4,cercospora,0,0,,train
jmuben/00971.jpg,jmuben,train-0.parquet#6185:9(859).jpg,4,cercospora,0,0,,train
jmuben/00973.jpg,jmuben,train-0.parquet#6202:7(420).jpg,4,cercospora,0,0,,train
jmuben/00974.jpg,jmuben,train-0.parquet#6203:9(1783).jpg,4,cercospora,0,0,,train
jmuben/00979.jpg,jmuben,train-0.parquet#6222:6(565).jpg,4,cercospora,0,0,,train
jmuben/00980.jpg,jmuben,train-0.parquet#6231:8(418).jpg,4,cercospora,0,0,,train
jmuben/00984.jpg,jmuben,train-0.parquet#6257:7(284).jpg,4,cercospora,0,0,,train
jmuben/00986.jpg,jmuben,train-0.parquet#6261:9(1961).jpg,4,cercospora,0,0,,train
jmuben/00988.jpg,jmuben,train-0.parquet#6268:8(195).jpg,4,cercospora,0,0,,train
jmuben/00990.jpg,jmuben,train-0.parquet#6281:6(142).jpg,4,cercospora,0,0,,train
jmuben/00991.jpg,jmuben,train-0.parquet#6284:7(841).jpg,4,cercospora,0,0,,train
jmuben/00992.jpg,jmuben,train-0.parquet#6289:7(512).jpg,4,cercospora,0,0,,train
jmuben/00993.jpg,jmuben,train-0.parquet#6292:9(3233).jpg,4,cercospora,0,0,,train
jmuben/00994.jpg,jmuben,train-0.parquet#6295:7(457).jpg,4,cercospora,0,0,,train
jmuben/00996.jpg,jmuben,train-0.parquet#6312:9(1936).jpg,4,cercospora,0,0,,train
jmuben/00997.jpg,jmuben,train-0.parquet#6313:6(379).jpg,4,cercospora,0,0,,train
jmuben/00998.jpg,jmuben,train-0.parquet#6326:7(396).jpg,4,cercospora,0,0,,train
jmuben/00999.jpg,jmuben,train-0.parquet#6352:9(2025).jpg,4,cercospora,0,0,,train
jmuben/01000.jpg,jmuben,train-0.parquet#6358:6(400).jpg,4,cercospora,0,0,,train
jmuben/01001.jpg,jmuben,train-0.parquet#6363:9(204).jpg,4,cercospora,0,0,,train
jmuben/01003.jpg,jmuben,train-0.parquet#6367:7(400).jpg,4,cercospora,0,0,,train
jmuben/01004.jpg,jmuben,train-0.parquet#6397:6(76).jpg,4,cercospora,0,0,,train
jmuben/01005.jpg,jmuben,train-0.parquet#6403:9(3272).jpg,4,cercospora,0,0,,train
jmuben/01006.jpg,jmuben,train-0.parquet#6404:6(800).jpg,4,cercospora,0,0,,train
jmuben/01007.jpg,jmuben,train-0.parquet#6410:7(416).jpg,4,cercospora,0,0,,train
jmuben/01009.jpg,jmuben,train-0.parquet#6427:6(768).jpg,4,cercospora,0,0,,train
jmuben/01011.jpg,jmuben,train-0.parquet#6432:9(1977).jpg,4,cercospora,0,0,,train
jmuben/01013.jpg,jmuben,train-0.parquet#6438:7(768).jpg,4,cercospora,0,0,,train
jmuben/01014.jpg,jmuben,train-0.parquet#6448:7(787).jpg,4,cercospora,0,0,,train
jmuben/01015.jpg,jmuben,train-0.parquet#6451:8(183).jpg,4,cercospora,0,0,,train
jmuben/01018.jpg,jmuben,train-0.parquet#6485:9(245).jpg,4,cercospora,0,0,,train
jmuben/01019.jpg,jmuben,train-0.parquet#6493:9(3527).jpg,4,cercospora,0,0,,train
jmuben/01022.jpg,jmuben,train-0.parquet#6500:6(656).jpg,4,cercospora,0,0,,train
jmuben/01023.jpg,jmuben,train-0.parquet#6503:9(2766).jpg,4,cercospora,0,0,,train
jmuben/01024.jpg,jmuben,train-0.parquet#6523:7(343).jpg,4,cercospora,0,0,,train
jmuben/01026.jpg,jmuben,train-0.parquet#6540:9(1263).jpg,4,cercospora,0,0,,train
jmuben/01027.jpg,jmuben,train-0.parquet#6549:9(906).jpg,4,cercospora,0,0,,train
jmuben/01031.jpg,jmuben,train-0.parquet#6585:9(1371).jpg,4,cercospora,0,0,,train
jmuben/01032.jpg,jmuben,train-0.parquet#6590:8(269).jpg,4,cercospora,0,0,,train
jmuben/01033.jpg,jmuben,train-0.parquet#6595:9(2418).jpg,4,cercospora,0,0,,train
jmuben/01034.jpg,jmuben,train-0.parquet#6598:4(464).jpg,4,cercospora,0,0,,train
jmuben/01036.jpg,jmuben,train-0.parquet#6609:7(617).jpg,4,cercospora,0,0,,train
jmuben/01037.jpg,jmuben,train-0.parquet#6613:9(3136).jpg,4,cercospora,0,0,,train
jmuben/01039.jpg,jmuben,train-0.parquet#6629:6(302).jpg,4,cercospora,0,0,,train
jmuben/01040.jpg,jmuben,train-0.parquet#6635:7(752).jpg,4,cercospora,0,0,,train
jmuben/01041.jpg,jmuben,train-0.parquet#6646:6(928).jpg,4,cercospora,0,0,,train
jmuben/01042.jpg,jmuben,train-0.parquet#6668:9(90).jpg,4,cercospora,0,0,,train
jmuben/01043.jpg,jmuben,train-0.parquet#6669:9(947).jpg,4,cercospora,0,0,,train
jmuben/01045.jpg,jmuben,train-0.parquet#6671:8(414).jpg,4,cercospora,0,0,,train
jmuben/01047.jpg,jmuben,train-0.parquet#6678:9(414).jpg,4,cercospora,0,0,,train
jmuben/01049.jpg,jmuben,train-0.parquet#6682:8(802).jpg,4,cercospora,0,0,,train
jmuben/01050.jpg,jmuben,train-0.parquet#6684:9(1019).jpg,4,cercospora,0,0,,train
jmuben/01052.jpg,jmuben,train-0.parquet#6698:9(1760).jpg,4,cercospora,0,0,,train
jmuben/01053.jpg,jmuben,train-0.parquet#6716:4(71).jpg,4,cercospora,0,0,,train
jmuben/01054.jpg,jmuben,train-0.parquet#6725:7(139).jpg,4,cercospora,0,0,,train
jmuben/01055.jpg,jmuben,train-0.parquet#6737:6(587).jpg,4,cercospora,0,0,,train
jmuben/01057.jpg,jmuben,train-0.parquet#6753:9(1274).jpg,4,cercospora,0,0,,train
jmuben/01058.jpg,jmuben,train-0.parquet#6758:9(91).jpg,4,cercospora,0,0,,train
jmuben/01061.jpg,jmuben,train-0.parquet#6767:7(641).jpg,4,cercospora,0,0,,train
jmuben/01062.jpg,jmuben,train-0.parquet#6769:7(354).jpg,4,cercospora,0,0,,train
jmuben/01065.jpg,jmuben,train-0.parquet#6774:4(218).jpg,4,cercospora,0,0,,train
jmuben/01066.jpg,jmuben,train-0.parquet#6775:9(550).jpg,4,cercospora,0,0,,train
jmuben/01067.jpg,jmuben,train-0.parquet#6778:9(1448).jpg,4,cercospora,0,0,,train
jmuben/01069.jpg,jmuben,train-0.parquet#6785:6(704).jpg,4,cercospora,0,0,,train
jmuben/01072.jpg,jmuben,train-0.parquet#6826:6(753).jpg,4,cercospora,0,0,,train
jmuben/01073.jpg,jmuben,train-0.parquet#6850:9(792).jpg,4,cercospora,0,0,,train
jmuben/01074.jpg,jmuben,train-0.parquet#6858:8(287).jpg,4,cercospora,0,0,,train
jmuben/01075.jpg,jmuben,train-0.parquet#6861:4(31).jpg,4,cercospora,0,0,,train
jmuben/01079.jpg,jmuben,train-0.parquet#6910:8(395).jpg,4,cercospora,0,0,,train
jmuben/01081.jpg,jmuben,train-0.parquet#6925:4(66).jpg,4,cercospora,0,0,,train
jmuben/01083.jpg,jmuben,train-0.parquet#6939:4(1002).jpg,4,cercospora,0,0,,train
jmuben/01085.jpg,jmuben,train-0.parquet#6961:7(155).jpg,4,cercospora,0,0,,train
jmuben/01089.jpg,jmuben,train-0.parquet#6981:9(2570).jpg,4,cercospora,0,0,,train
jmuben/01090.jpg,jmuben,train-0.parquet#6982:7(913).jpg,4,cercospora,0,0,,train
jmuben/01091.jpg,jmuben,train-0.parquet#6991:9(3731).jpg,4,cercospora,0,0,,train
jmuben/01092.jpg,jmuben,train-0.parquet#6993:9(614).jpg,4,cercospora,0,0,,train
jmuben/01093.jpg,jmuben,train-0.parquet#6998:6(293).jpg,4,cercospora,0,0,,train
jmuben/01094.jpg,jmuben,train-0.parquet#7000:9(2659).jpg,4,cercospora,0,0,,train
jmuben/01097.jpg,jmuben,train-0.parquet#7021:8(182).jpg,4,cercospora,0,0,,train
jmuben/01098.jpg,jmuben,train-0.parquet#7031:6(102).jpg,4,cercospora,0,0,,train
jmuben/01100.jpg,jmuben,train-0.parquet#7049:8(86).jpg,4,cercospora,0,0,,train
jmuben/01101.jpg,jmuben,train-0.parquet#7058:8(643).jpg,4,cercospora,0,0,,train
jmuben/01102.jpg,jmuben,train-0.parquet#7070:9(839).jpg,4,cercospora,0,0,,train
jmuben/01103.jpg,jmuben,train-0.parquet#7071:6(694).jpg,4,cercospora,0,0,,train
jmuben/01107.jpg,jmuben,train-0.parquet#7133:9(439).jpg,4,cercospora,0,0,,train
jmuben/01108.jpg,jmuben,train-0.parquet#7145:9(2073).jpg,4,cercospora,0,0,,train
jmuben/01110.jpg,jmuben,train-0.parquet#7161:8(28).jpg,4,cercospora,0,0,,train
jmuben/01111.jpg,jmuben,train-0.parquet#7166:9(3727).jpg,4,cercospora,0,0,,train
jmuben/01112.jpg,jmuben,train-0.parquet#7167:9(2835).jpg,4,cercospora,0,0,,train
jmuben/01114.jpg,jmuben,train-0.parquet#7173:9(2136).jpg,4,cercospora,0,0,,train
jmuben/01115.jpg,jmuben,train-0.parquet#7174:7(905).jpg,4,cercospora,0,0,,train
jmuben/01116.jpg,jmuben,train-0.parquet#7175:8(252).jpg,4,cercospora,0,0,,train
jmuben/01117.jpg,jmuben,train-0.parquet#7177:9(1599).jpg,4,cercospora,0,0,,train
jmuben/01118.jpg,jmuben,train-0.parquet#7179:4(263).jpg,4,cercospora,0,0,,train
jmuben/01119.jpg,jmuben,train-0.parquet#7184:4(633).jpg,4,cercospora,0,0,,train
jmuben/01120.jpg,jmuben,train-0.parquet#7188:9(1960).jpg,4,cercospora,0,0,,train
jmuben/01121.jpg,jmuben,train-0.parquet#7193:6(790).jpg,4,cercospora,0,0,,train
jmuben/01122.jpg,jmuben,train-0.parquet#7194:9(897).jpg,4,cercospora,0,0,,train
jmuben/01125.jpg,jmuben,train-0.parquet#7248:9(1278).jpg,4,cercospora,0,0,,train
jmuben/01127.jpg,jmuben,train-0.parquet#7259:6(134).jpg,4,cercospora,0,0,,train
jmuben/01131.jpg,jmuben,train-0.parquet#7296:7(925).jpg,4,cercospora,0,0,,train
jmuben/01132.jpg,jmuben,train-0.parquet#7300:6(533).jpg,4,cercospora,0,0,,train
jmuben/01133.jpg,jmuben,train-0.parquet#7302:9(2053).jpg,4,cercospora,0,0,,train
jmuben/01135.jpg,jmuben,train-0.parquet#7310:9(3642).jpg,4,cercospora,0,0,,train
jmuben/01136.jpg,jmuben,train-0.parquet#7312:4(185).jpg,4,cercospora,0,0,,train
jmuben/01137.jpg,jmuben,train-0.parquet#7313:9(767).jpg,4,cercospora,0,0,,train
jmuben/01138.jpg,jmuben,train-0.parquet#7320:9(337).jpg,4,cercospora,0,0,,train
jmuben/01140.jpg,jmuben,train-0.parquet#7325:9(1110).jpg,4,cercospora,0,0,,train
jmuben/01141.jpg,jmuben,train-0.parquet#7327:9(2696).jpg,4,cercospora,0,0,,train
jmuben/01146.jpg,jmuben,train-0.parquet#7359:9(2803).jpg,4,cercospora,0,0,,train
jmuben/01147.jpg,jmuben,train-0.parquet#7361:6(899).jpg,4,cercospora,0,0,,train
jmuben/01148.jpg,jmuben,train-0.parquet#7366:9(3204).jpg,4,cercospora,0,0,,train
jmuben/01150.jpg,jmuben,train-0.parquet#7369:9(1393).jpg,4,cercospora,0,0,,train
jmuben/01152.jpg,jmuben,train-0.parquet#7381:4(890).jpg,4,cercospora,0,0,,train
jmuben/01153.jpg,jmuben,train-0.parquet#7387:9(1147).jpg,4,cercospora,0,0,,train
jmuben/01155.jpg,jmuben,train-0.parquet#7396:9(3195).jpg,4,cercospora,0,0,,train
jmuben/01156.jpg,jmuben,train-0.parquet#7397:9(1452).jpg,4,cercospora,0,0,,train
jmuben/01157.jpg,jmuben,train-0.parquet#7406:9(2854).jpg,4,cercospora,0,0,,train
jmuben/01158.jpg,jmuben,train-0.parquet#7415:9(2157).jpg,4,cercospora,0,0,,train
jmuben/01159.jpg,jmuben,train-0.parquet#7426:7(821).jpg,4,cercospora,0,0,,train
jmuben/01160.jpg,jmuben,train-0.parquet#7429:7(572).jpg,4,cercospora,0,0,,train
jmuben/01161.jpg,jmuben,train-0.parquet#7432:9(3253).jpg,4,cercospora,0,0,,train
jmuben/01162.jpg,jmuben,train-0.parquet#7436:7(122).jpg,4,cercospora,0,0,,train
jmuben/01163.jpg,jmuben,train-0.parquet#7442:9(1079).jpg,4,cercospora,0,0,,train
jmuben/01164.jpg,jmuben,train-0.parquet#7457:6(765).jpg,4,cercospora,0,0,,train
jmuben/01165.jpg,jmuben,train-0.parquet#7460:9(2710).jpg,4,cercospora,0,0,,train
jmuben/01166.jpg,jmuben,train-0.parquet#7468:9(3101).jpg,4,cercospora,0,0,,train
jmuben/01168.jpg,jmuben,train-0.parquet#7487:9(3382).jpg,4,cercospora,0,0,,train
jmuben/01169.jpg,jmuben,train-0.parquet#7498:9(1350).jpg,4,cercospora,0,0,,train
jmuben/01172.jpg,jmuben,train-0.parquet#7518:4(384).jpg,4,cercospora,0,0,,train
jmuben/01176.jpg,jmuben,train-0.parquet#7550:4(804).jpg,4,cercospora,0,0,,train
jmuben/01177.jpg,jmuben,train-0.parquet#7555:6(948).jpg,4,cercospora,0,0,,train
jmuben/01178.jpg,jmuben,train-0.parquet#7561:7(374).jpg,4,cercospora,0,0,,train
jmuben/01185.jpg,jmuben,train-0.parquet#7582:9(2244).jpg,4,cercospora,0,0,,train
jmuben/01186.jpg,jmuben,train-0.parquet#7589:8(435).jpg,4,cercospora,0,0,,train
jmuben/01187.jpg,jmuben,train-0.parquet#7599:6(548).jpg,4,cercospora,0,0,,train
jmuben/01190.jpg,jmuben,train-0.parquet#7619:9(1311).jpg,4,cercospora,0,0,,train
jmuben/01191.jpg,jmuben,train-0.parquet#7623:4(812).jpg,4,cercospora,0,0,,train
jmuben/01192.jpg,jmuben,train-0.parquet#7633:9(874).jpg,4,cercospora,0,0,,train
jmuben/01193.jpg,jmuben,train-0.parquet#7636:7(773).jpg,4,cercospora,0,0,,train
jmuben/01194.jpg,jmuben,train-0.parquet#7658:9(2356).jpg,4,cercospora,0,0,,train
jmuben/01195.jpg,jmuben,train-0.parquet#7659:9(931).jpg,4,cercospora,0,0,,train
jmuben/01200.jpg,jmuben,train-0.parquet#14266:1(4650).jpg,0,healthy,1,0,,train
jmuben/01201.jpg,jmuben,train-0.parquet#14275:10(7859).jpg,0,healthy,1,0,,train
jmuben/01204.jpg,jmuben,train-0.parquet#14306:10(4799).jpg,0,healthy,1,0,,train
jmuben/01205.jpg,jmuben,train-0.parquet#14321:10(5188).jpg,0,healthy,1,0,,train
jmuben/01207.jpg,jmuben,train-0.parquet#14354:10(6874).jpg,0,healthy,1,0,,train
jmuben/01208.jpg,jmuben,train-0.parquet#14359:10(7336).jpg,0,healthy,1,0,,train
jmuben/01209.jpg,jmuben,train-0.parquet#14368:2(2552).jpg,0,healthy,1,0,,train
jmuben/01212.jpg,jmuben,train-0.parquet#14504:2(2913).jpg,0,healthy,1,0,,train
jmuben/01213.jpg,jmuben,train-0.parquet#14510:10(6120).jpg,0,healthy,1,0,,train
jmuben/01214.jpg,jmuben,train-0.parquet#14524:2(4081).jpg,0,healthy,1,0,,train
jmuben/01216.jpg,jmuben,train-0.parquet#14541:1(1686).jpg,0,healthy,1,0,,train
jmuben/01217.jpg,jmuben,train-0.parquet#14569:2(3181).jpg,0,healthy,1,0,,train
jmuben/01218.jpg,jmuben,train-0.parquet#14582:1(50).jpg,0,healthy,1,0,,train
jmuben/01219.jpg,jmuben,train-0.parquet#7682:6(2015).jpg,5,phoma,4,0,,train
jmuben/01220.jpg,jmuben,train-0.parquet#7683:2(816).jpg,5,phoma,4,0,,train
jmuben/01224.jpg,jmuben,train-0.parquet#7694:1(11).jpg,5,phoma,4,0,,train
jmuben/01225.jpg,jmuben,train-0.parquet#7703:3(1270).jpg,5,phoma,4,0,,train
jmuben/01227.jpg,jmuben,train-0.parquet#7712:6(137).jpg,5,phoma,4,0,,train
jmuben/01229.jpg,jmuben,train-0.parquet#7724:6(2296).jpg,5,phoma,4,0,,train
jmuben/01231.jpg,jmuben,train-0.parquet#7738:2(142).jpg,5,phoma,4,0,,train
jmuben/01232.jpg,jmuben,train-0.parquet#7742:2(512).jpg,5,phoma,4,0,,train
jmuben/01234.jpg,jmuben,train-0.parquet#7749:2(904).jpg,5,phoma,4,0,,train
jmuben/01236.jpg,jmuben,train-0.parquet#7755:3(1227).jpg,5,phoma,4,0,,train
jmuben/01237.jpg,jmuben,train-0.parquet#7758:3(904).jpg,5,phoma,4,0,,train
jmuben/01238.jpg,jmuben,train-0.parquet#7760:2(457).jpg,5,phoma,4,0,,train
jmuben/01239.jpg,jmuben,train-0.parquet#7764:4(186).jpg,5,phoma,4,0,,train
jmuben/01240.jpg,jmuben,train-0.parquet#7766:6(2384).jpg,5,phoma,4,0,,train
jmuben/01242.jpg,jmuben,train-0.parquet#7769:2(284).jpg,5,phoma,4,0,,train
jmuben/01243.jpg,jmuben,train-0.parquet#7772:6(160).jpg,5,phoma,4,0,,train
jmuben/01245.jpg,jmuben,train-0.parquet#7781:1(327).jpg,5,phoma,4,0,,train
jmuben/01246.jpg,jmuben,train-0.parquet#7784:6(2691).jpg,5,phoma,4,0,,train
jmuben/01247.jpg,jmuben,train-0.parquet#7790:6(2054).jpg,5,phoma,4,0,,train
jmuben/01248.jpg,jmuben,train-0.parquet#7798:6(3645).jpg,5,phoma,4,0,,train
jmuben/01250.jpg,jmuben,train-0.parquet#7812:4(743).jpg,5,phoma,4,0,,train
jmuben/01252.jpg,jmuben,train-0.parquet#7824:4(893).jpg,5,phoma,4,0,,train
jmuben/01253.jpg,jmuben,train-0.parquet#7828:6(1947).jpg,5,phoma,4,0,,train
jmuben/01254.jpg,jmuben,train-0.parquet#7829:6(2668).jpg,5,phoma,4,0,,train
jmuben/01255.jpg,jmuben,train-0.parquet#7831:6(2392).jpg,5,phoma,4,0,,train
jmuben/01256.jpg,jmuben,train-0.parquet#7835:6(930).jpg,5,phoma,4,0,,train
jmuben/01260.jpg,jmuben,train-0.parquet#7841:1(331).jpg,5,phoma,4,0,,train
jmuben/01261.jpg,jmuben,train-0.parquet#7842:6(463).jpg,5,phoma,4,0,,train
jmuben/01263.jpg,jmuben,train-0.parquet#7855:2(553).jpg,5,phoma,4,0,,train
jmuben/01264.jpg,jmuben,train-0.parquet#7864:6(2146).jpg,5,phoma,4,0,,train
jmuben/01265.jpg,jmuben,train-0.parquet#7865:3(1266).jpg,5,phoma,4,0,,train
jmuben/01266.jpg,jmuben,train-0.parquet#7869:6(658).jpg,5,phoma,4,0,,train
jmuben/01269.jpg,jmuben,train-0.parquet#7907:6(1341).jpg,5,phoma,4,0,,train
jmuben/01270.jpg,jmuben,train-0.parquet#7908:1(171).jpg,5,phoma,4,0,,train
jmuben/01274.jpg,jmuben,train-0.parquet#7931:6(3110).jpg,5,phoma,4,0,,train
jmuben/01275.jpg,jmuben,train-0.parquet#7933:4(850).jpg,5,phoma,4,0,,train
jmuben/01277.jpg,jmuben,train-0.parquet#7967:4(692).jpg,5,phoma,4,0,,train
jmuben/01278.jpg,jmuben,train-0.parquet#7968:4(368).jpg,5,phoma,4,0,,train
jmuben/01279.jpg,jmuben,train-0.parquet#7974:1(433).jpg,5,phoma,4,0,,train
jmuben/01280.jpg,jmuben,train-0.parquet#7975:1(599).jpg,5,phoma,4,0,,train
jmuben/01281.jpg,jmuben,train-0.parquet#7982:6(2306).jpg,5,phoma,4,0,,train
jmuben/01282.jpg,jmuben,train-0.parquet#7986:4(807).jpg,5,phoma,4,0,,train
jmuben/01283.jpg,jmuben,train-0.parquet#7987:6(3147).jpg,5,phoma,4,0,,train
jmuben/01284.jpg,jmuben,train-0.parquet#7989:6(418).jpg,5,phoma,4,0,,train
jmuben/01285.jpg,jmuben,train-0.parquet#7994:4(45).jpg,5,phoma,4,0,,train
jmuben/01286.jpg,jmuben,train-0.parquet#7999:6(1195).jpg,5,phoma,4,0,,train
jmuben/01287.jpg,jmuben,train-0.parquet#8005:1(833).jpg,5,phoma,4,0,,train
jmuben/01288.jpg,jmuben,train-0.parquet#8013:6(1750).jpg,5,phoma,4,0,,train
jmuben/01289.jpg,jmuben,train-0.parquet#8022:6(3628).jpg,5,phoma,4,0,,train
jmuben/01290.jpg,jmuben,train-0.parquet#8025:6(727).jpg,5,phoma,4,0,,train
jmuben/01291.jpg,jmuben,train-0.parquet#8029:4(391).jpg,5,phoma,4,0,,train
jmuben/01293.jpg,jmuben,train-0.parquet#8049:3(1525).jpg,5,phoma,4,0,,train
jmuben/01294.jpg,jmuben,train-0.parquet#8069:4(283).jpg,5,phoma,4,0,,train
jmuben/01295.jpg,jmuben,train-0.parquet#8076:6(770).jpg,5,phoma,4,0,,train
jmuben/01296.jpg,jmuben,train-0.parquet#8078:1(472).jpg,5,phoma,4,0,,train
jmuben/01297.jpg,jmuben,train-0.parquet#8079:6(1642).jpg,5,phoma,4,0,,train
jmuben/01298.jpg,jmuben,train-0.parquet#8083:4(145).jpg,5,phoma,4,0,,train
jmuben/01299.jpg,jmuben,train-0.parquet#8085:2(95).jpg,5,phoma,4,0,,train
jmuben/01301.jpg,jmuben,train-0.parquet#8087:4(515).jpg,5,phoma,4,0,,train
jmuben/01303.jpg,jmuben,train-0.parquet#8100:2(302).jpg,5,phoma,4,0,,train
jmuben/01305.jpg,jmuben,train-0.parquet#8115:6(2625).jpg,5,phoma,4,0,,train
jmuben/01306.jpg,jmuben,train-0.parquet#8120:6(3464).jpg,5,phoma,4,0,,train
jmuben/01307.jpg,jmuben,train-0.parquet#8122:2(375).jpg,5,phoma,4,0,,train
jmuben/01308.jpg,jmuben,train-0.parquet#8123:3(1155).jpg,5,phoma,4,0,,train
jmuben/01310.jpg,jmuben,train-0.parquet#8135:3(1010).jpg,5,phoma,4,0,,train
jmuben/01312.jpg,jmuben,train-0.parquet#8146:3(1293).jpg,5,phoma,4,0,,train
jmuben/01313.jpg,jmuben,train-0.parquet#8151:2(549).jpg,5,phoma,4,0,,train
jmuben/01314.jpg,jmuben,train-0.parquet#8153:6(2019).jpg,5,phoma,4,0,,train
jmuben/01315.jpg,jmuben,train-0.parquet#8157:6(1320).jpg,5,phoma,4,0,,train
jmuben/01316.jpg,jmuben,train-0.parquet#8158:6(1770).jpg,5,phoma,4,0,,train
jmuben/01318.jpg,jmuben,train-0.parquet#8161:6(496).jpg,5,phoma,4,0,,train
jmuben/01319.jpg,jmuben,train-0.parquet#8165:3(1102).jpg,5,phoma,4,0,,train
jmuben/01320.jpg,jmuben,train-0.parquet#8166:6(3599).jpg,5,phoma,4,0,,train
jmuben/01321.jpg,jmuben,train-0.parquet#8173:6(2222).jpg,5,phoma,4,0,,train
jmuben/01324.jpg,jmuben,train-0.parquet#8202:6(245).jpg,5,phoma,4,0,,train
jmuben/01325.jpg,jmuben,train-0.parquet#8210:2(764).jpg,5,phoma,4,0,,train
jmuben/01326.jpg,jmuben,train-0.parquet#8212:6(3425).jpg,5,phoma,4,0,,train
jmuben/01328.jpg,jmuben,train-0.parquet#8225:1(297).jpg,5,phoma,4,0,,train
jmuben/01331.jpg,jmuben,train-0.parquet#8248:6(2058).jpg,5,phoma,4,0,,train
jmuben/01333.jpg,jmuben,train-0.parquet#8262:6(3472).jpg,5,phoma,4,0,,train
jmuben/01335.jpg,jmuben,train-0.parquet#8269:6(2263).jpg,5,phoma,4,0,,train
jmuben/01338.jpg,jmuben,train-0.parquet#8287:3(1285).jpg,5,phoma,4,0,,train
jmuben/01339.jpg,jmuben,train-0.parquet#8295:6(1336).jpg,5,phoma,4,0,,train
jmuben/01340.jpg,jmuben,train-0.parquet#8298:4(718).jpg,5,phoma,4,0,,train
jmuben/01341.jpg,jmuben,train-0.parquet#8300:4(348).jpg,5,phoma,4,0,,train
jmuben/01342.jpg,jmuben,train-0.parquet#8309:6(3059).jpg,5,phoma,4,0,,train
jmuben/01344.jpg,jmuben,train-0.parquet#8323:6(2648).jpg,5,phoma,4,0,,train
jmuben/01345.jpg,jmuben,train-0.parquet#8328:3(1641).jpg,5,phoma,4,0,,train
jmuben/01346.jpg,jmuben,train-0.parquet#8330:6(785).jpg,5,phoma,4,0,,train
jmuben/01348.jpg,jmuben,train-0.parquet#8345:3(1704).jpg,5,phoma,4,0,,train
jmuben/01349.jpg,jmuben,train-0.parquet#8351:6(2977).jpg,5,phoma,4,0,,train
jmuben/01351.jpg,jmuben,train-0.parquet#8360:6(1176).jpg,5,phoma,4,0,,train
jmuben/01352.jpg,jmuben,train-0.parquet#8367:6(802).jpg,5,phoma,4,0,,train
jmuben/01353.jpg,jmuben,train-0.parquet#8370:6(1463).jpg,5,phoma,4,0,,train
jmuben/01354.jpg,jmuben,train-0.parquet#8373:1(203).jpg,5,phoma,4,0,,train
jmuben/01356.jpg,jmuben,train-0.parquet#8378:6(2166).jpg,5,phoma,4,0,,train
jmuben/01357.jpg,jmuben,train-0.parquet#8382:6(3327).jpg,5,phoma,4,0,,train
jmuben/01358.jpg,jmuben,train-0.parquet#8395:6(3632).jpg,5,phoma,4,0,,train
jmuben/01360.jpg,jmuben,train-0.parquet#8400:4(221).jpg,5,phoma,4,0,,train
jmuben/01361.jpg,jmuben,train-0.parquet#8402:6(2023).jpg,5,phoma,4,0,,train
jmuben/01362.jpg,jmuben,train-0.parquet#8411:1(215).jpg,5,phoma,4,0,,train
jmuben/01363.jpg,jmuben,train-0.parquet#8415:3(1483).jpg,5,phoma,4,0,,train
jmuben/01364.jpg,jmuben,train-0.parquet#8416:6(117).jpg,5,phoma,4,0,,train
jmuben/01366.jpg,jmuben,train-0.parquet#8419:6(1475).jpg,5,phoma,4,0,,train
jmuben/01367.jpg,jmuben,train-0.parquet#8420:6(3448).jpg,5,phoma,4,0,,train
jmuben/01368.jpg,jmuben,train-0.parquet#8421:3(1529).jpg,5,phoma,4,0,,train
jmuben/01369.jpg,jmuben,train-0.parquet#8423:2(709).jpg,5,phoma,4,0,,train
jmuben/01370.jpg,jmuben,train-0.parquet#8431:3(973).jpg,5,phoma,4,0,,train
jmuben/01371.jpg,jmuben,train-0.parquet#8436:6(2520).jpg,5,phoma,4,0,,train
jmuben/01376.jpg,jmuben,train-0.parquet#8462:4(149).jpg,5,phoma,4,0,,train
jmuben/01379.jpg,jmuben,train-0.parquet#8482:2(477).jpg,5,phoma,4,0,,train
jmuben/01381.jpg,jmuben,train-0.parquet#8485:6(3223).jpg,5,phoma,4,0,,train
jmuben/01383.jpg,jmuben,train-0.parquet#8495:6(3389).jpg,5,phoma,4,0,,train
jmuben/01384.jpg,jmuben,train-0.parquet#8501:4(630).jpg,5,phoma,4,0,,train
jmuben/01385.jpg,jmuben,train-0.parquet#8503:2(925).jpg,5,phoma,4,0,,train
jmuben/01386.jpg,jmuben,train-0.parquet#8510:1(490).jpg,5,phoma,4,0,,train
jmuben/01387.jpg,jmuben,train-0.parquet#8513:3(1656).jpg,5,phoma,4,0,,train
jmuben/01390.jpg,jmuben,train-0.parquet#8521:6(287).jpg,5,phoma,4,0,,train
jmuben/01392.jpg,jmuben,train-0.parquet#8535:6(454).jpg,5,phoma,4,0,,train
jmuben/01394.jpg,jmuben,train-0.parquet#8541:6(907).jpg,5,phoma,4,0,,train
jmuben/01395.jpg,jmuben,train-0.parquet#8549:6(1073).jpg,5,phoma,4,0,,train
jmuben/01396.jpg,jmuben,train-0.parquet#8556:6(3330).jpg,5,phoma,4,0,,train
jmuben/01397.jpg,jmuben,train-0.parquet#8557:3(972).jpg,5,phoma,4,0,,train
jmuben/01398.jpg,jmuben,train-0.parquet#8578:6(1248).jpg,5,phoma,4,0,,train
jmuben/01400.jpg,jmuben,train-0.parquet#8592:2(358).jpg,5,phoma,4,0,,train
jmuben/01401.jpg,jmuben,train-0.parquet#8598:6(2608).jpg,5,phoma,4,0,,train
jmuben/01402.jpg,jmuben,train-0.parquet#8603:4(365).jpg,5,phoma,4,0,,train
jmuben/01403.jpg,jmuben,train-0.parquet#8607:6(2167).jpg,5,phoma,4,0,,train
jmuben/01404.jpg,jmuben,train-0.parquet#8610:6(3326).jpg,5,phoma,4,0,,train
jmuben/01406.jpg,jmuben,train-0.parquet#8624:6(3633).jpg,5,phoma,4,0,,train
jmuben/01408.jpg,jmuben,train-0.parquet#8636:6(415).jpg,5,phoma,4,0,,train
jmuben/01409.jpg,jmuben,train-0.parquet#8641:6(946).jpg,5,phoma,4,0,,train
jmuben/01410.jpg,jmuben,train-0.parquet#8663:6(2560).jpg,5,phoma,4,0,,train
jmuben/01412.jpg,jmuben,train-0.parquet#8676:6(291).jpg,5,phoma,4,0,,train
jmuben/01414.jpg,jmuben,train-0.parquet#8689:6(442).jpg,5,phoma,4,0,,train
jmuben/01415.jpg,jmuben,train-0.parquet#8690:1(740).jpg,5,phoma,4,0,,train
jmuben/01416.jpg,jmuben,train-0.parquet#8692:1(255).jpg,5,phoma,4,0,,train
jmuben/01418.jpg,jmuben,train-0.parquet#8705:2(749).jpg,5,phoma,4,0,,train
jmuben/01419.jpg,jmuben,train-0.parquet#8712:6(1622).jpg,5,phoma,4,0,,train
jmuben/01420.jpg,jmuben,train-0.parquet#8714:6(1788).jpg,5,phoma,4,0,,train
jmuben/01421.jpg,jmuben,train-0.parquet#8716:6(1272).jpg,5,phoma,4,0,,train
jmuben/01422.jpg,jmuben,train-0.parquet#8718:6(1767).jpg,5,phoma,4,0,,train
jmuben/01423.jpg,jmuben,train-0.parquet#8726:6(3023).jpg,5,phoma,4,0,,train
jmuben/01424.jpg,jmuben,train-0.parquet#8733:2(732).jpg,5,phoma,4,0,,train
jmuben/01425.jpg,jmuben,train-0.parquet#8740:4(430).jpg,5,phoma,4,0,,train
jmuben/01426.jpg,jmuben,train-0.parquet#8742:4(125).jpg,5,phoma,4,0,,train
jmuben/01427.jpg,jmuben,train-0.parquet#8746:6(2327).jpg,5,phoma,4,0,,train
jmuben/01429.jpg,jmuben,train-0.parquet#8748:4(826).jpg,5,phoma,4,0,,train
jmuben/01430.jpg,jmuben,train-0.parquet#8749:3(1007).jpg,5,phoma,4,0,,train
jmuben/01431.jpg,jmuben,train-0.parquet#8762:1(445).jpg,5,phoma,4,0,,train
jmuben/01432.jpg,jmuben,train-0.parquet#8769:6(2059).jpg,5,phoma,4,0,,train
jmuben/01433.jpg,jmuben,train-0.parquet#8770:6(252).jpg,5,phoma,4,0,,train
jmuben/01435.jpg,jmuben,train-0.parquet#8772:6(1360).jpg,5,phoma,4,0,,train
jmuben/01436.jpg,jmuben,train-0.parquet#8777:4(467).jpg,5,phoma,4,0,,train
jmuben/01437.jpg,jmuben,train-0.parquet#8806:4(488).jpg,5,phoma,4,0,,train
jmuben/01438.jpg,jmuben,train-0.parquet#8808:1(900).jpg,5,phoma,4,0,,train
jmuben/01440.jpg,jmuben,train-0.parquet#8821:1(146).jpg,5,phoma,4,0,,train
jmuben/01441.jpg,jmuben,train-0.parquet#8827:6(3062).jpg,5,phoma,4,0,,train
jmuben/01442.jpg,jmuben,train-0.parquet#8831:6(3598).jpg,5,phoma,4,0,,train
jmuben/01444.jpg,jmuben,train-0.parquet#8839:6(2389).jpg,5,phoma,4,0,,train
jmuben/01446.jpg,jmuben,train-0.parquet#8849:6(478).jpg,5,phoma,4,0,,train
jmuben/01447.jpg,jmuben,train-0.parquet#8850:1(280).jpg,5,phoma,4,0,,train
jmuben/01449.jpg,jmuben,train-0.parquet#8856:6(3259).jpg,5,phoma,4,0,,train
jmuben/01450.jpg,jmuben,train-0.parquet#8858:3(1338).jpg,5,phoma,4,0,,train
jmuben/01452.jpg,jmuben,train-0.parquet#8865:3(1768).jpg,5,phoma,4,0,,train
jmuben/01454.jpg,jmuben,train-0.parquet#8876:4(426).jpg,5,phoma,4,0,,train
jmuben/01455.jpg,jmuben,train-0.parquet#8879:6(839).jpg,5,phoma,4,0,,train
jmuben/01456.jpg,jmuben,train-0.parquet#8880:6(2624).jpg,5,phoma,4,0,,train
jmuben/01457.jpg,jmuben,train-0.parquet#8883:2(724).jpg,5,phoma,4,0,,train
jmuben/01458.jpg,jmuben,train-0.parquet#8888:2(374).jpg,5,phoma,4,0,,train
jmuben/01459.jpg,jmuben,train-0.parquet#8894:3(1441).jpg,5,phoma,4,0,,train
jmuben/01460.jpg,jmuben,train-0.parquet#8897:6(585).jpg,5,phoma,4,0,,train
jmuben/01461.jpg,jmuben,train-0.parquet#8900:4(830).jpg,5,phoma,4,0,,train
jmuben/01462.jpg,jmuben,train-0.parquet#8905:4(133).jpg,5,phoma,4,0,,train
jmuben/01464.jpg,jmuben,train-0.parquet#8919:2(616).jpg,5,phoma,4,0,,train
jmuben/01467.jpg,jmuben,train-0.parquet#8928:3(1573).jpg,5,phoma,4,0,,train
jmuben/01468.jpg,jmuben,train-0.parquet#8933:4(451).jpg,5,phoma,4,0,,train
jmuben/01469.jpg,jmuben,train-0.parquet#8946:4(328).jpg,5,phoma,4,0,,train
jmuben/01470.jpg,jmuben,train-0.parquet#8949:4(797).jpg,5,phoma,4,0,,train
jmuben/01471.jpg,jmuben,train-0.parquet#8954:1(473).jpg,5,phoma,4,0,,train
jmuben/01475.jpg,jmuben,train-0.parquet#8971:6(819).jpg,5,phoma,4,0,,train
jmuben/01476.jpg,jmuben,train-0.parquet#8972:6(2604).jpg,5,phoma,4,0,,train
jmuben/01477.jpg,jmuben,train-0.parquet#8989:1(131).jpg,5,phoma,4,0,,train
jmuben/01478.jpg,jmuben,train-0.parquet#9019:6(3146).jpg,5,phoma,4,0,,train
jmuben/01479.jpg,jmuben,train-0.parquet#9025:4(44).jpg,5,phoma,4,0,,train
jmuben/01480.jpg,jmuben,train-0.parquet#9034:6(2612).jpg,5,phoma,4,0,,train
jmuben/01481.jpg,jmuben,train-0.parquet#9041:4(4).jpg,5,phoma,4,0,,train
jmuben/01482.jpg,jmuben,train-0.parquet#9042:3(968).jpg,5,phoma,4,0,,train
jmuben/01486.jpg,jmuben,train-0.parquet#9062:6(3111).jpg,5,phoma,4,0,,train
jmuben/01487.jpg,jmuben,train-0.parquet#9065:3(1070).jpg,5,phoma,4,0,,train
jmuben/01488.jpg,jmuben,train-0.parquet#9091:6(3687).jpg,5,phoma,4,0,,train
jmuben/01491.jpg,jmuben,train-0.parquet#9097:2(196).jpg,5,phoma,4,0,,train
jmuben/01493.jpg,jmuben,train-0.parquet#9117:6(2794).jpg,5,phoma,4,0,,train
jmuben/01494.jpg,jmuben,train-0.parquet#9121:6(1911).jpg,5,phoma,4,0,,train
jmuben/01499.jpg,jmuben,train-0.parquet#9140:6(2281).jpg,5,phoma,4,0,,train
jmuben/01502.jpg,jmuben,train-0.parquet#9157:4(715).jpg,5,phoma,4,0,,train
jmuben/01503.jpg,jmuben,train-0.parquet#9164:6(659).jpg,5,phoma,4,0,,train
jmuben/01504.jpg,jmuben,train-0.parquet#9174:4(892).jpg,5,phoma,4,0,,train
jmuben/01505.jpg,jmuben,train-0.parquet#9178:6(527).jpg,5,phoma,4,0,,train
jmuben/01506.jpg,jmuben,train-0.parquet#9188:4(484).jpg,5,phoma,4,0,,train
jmuben/01507.jpg,jmuben,train-0.parquet#9199:6(2055).jpg,5,phoma,4,0,,train
jmuben/01509.jpg,jmuben,train-0.parquet#9211:6(1229).jpg,5,phoma,4,0,,train
jmuben/01510.jpg,jmuben,train-0.parquet#9217:6(1696).jpg,5,phoma,4,0,,train
jmuben/01511.jpg,jmuben,train-0.parquet#9226:6(2385).jpg,5,phoma,4,0,,train
jmuben/01512.jpg,jmuben,train-0.parquet#9231:1(799).jpg,5,phoma,4,0,,train
jmuben/01513.jpg,jmuben,train-0.parquet#9234:6(14).jpg,5,phoma,4,0,,train
jmuben/01514.jpg,jmuben,train-0.parquet#9239:6(474).jpg,5,phoma,4,0,,train
jmuben/01515.jpg,jmuben,train-0.parquet#9243:4(538).jpg,5,phoma,4,0,,train
jmuben/01516.jpg,jmuben,train-0.parquet#9250:3(1699).jpg,5,phoma,4,0,,train
jmuben/01517.jpg,jmuben,train-0.parquet#9261:6(2043).jpg,5,phoma,4,0,,train
jmuben/01518.jpg,jmuben,train-0.parquet#9267:6(2106).jpg,5,phoma,4,0,,train
jmuben/01519.jpg,jmuben,train-0.parquet#9268:3(1226).jpg,5,phoma,4,0,,train
jmuben/01522.jpg,jmuben,train-0.parquet#9276:6(2805).jpg,5,phoma,4,0,,train
jmuben/01523.jpg,jmuben,train-0.parquet#9282:3(1158).jpg,5,phoma,4,0,,train
jmuben/01524.jpg,jmuben,train-0.parquet#9284:6(1454).jpg,5,phoma,4,0,,train
jmuben/01526.jpg,jmuben,train-0.parquet#9291:6(1907).jpg,5,phoma,4,0,,train
jmuben/01527.jpg,jmuben,train-0.parquet#9292:4(580).jpg,5,phoma,4,0,,train
jmuben/01528.jpg,jmuben,train-0.parquet#9296:6(970).jpg,5,phoma,4,0,,train
jmuben/01530.jpg,jmuben,train-0.parquet#9308:4(646).jpg,5,phoma,4,0,,train
jmuben/01531.jpg,jmuben,train-0.parquet#9321:2(114).jpg,5,phoma,4,0,,train
jmuben/01532.jpg,jmuben,train-0.parquet#9322:6(3255).jpg,5,phoma,4,0,,train
jmuben/01534.jpg,jmuben,train-0.parquet#9339:6(3032).jpg,5,phoma,4,0,,train
jmuben/01535.jpg,jmuben,train-0.parquet#9340:2(689).jpg,5,phoma,4,0,,train
jmuben/01536.jpg,jmuben,train-0.parquet#9341:2(373).jpg,5,phoma,4,0,,train
jmuben/01537.jpg,jmuben,train-0.parquet#9344:6(994).jpg,5,phoma,4,0,,train
jmuben/01538.jpg,jmuben,train-0.parquet#9349:6(2336).jpg,5,phoma,4,0,,train
jmuben/01539.jpg,jmuben,train-0.parquet#9350:4(134).jpg,5,phoma,4,0,,train
jmuben/01541.jpg,jmuben,train-0.parquet#9353:2(666).jpg,5,phoma,4,0,,train
jmuben/01543.jpg,jmuben,train-0.parquet#9356:6(3527).jpg,5,phoma,4,0,,train
jmuben/01546.jpg,jmuben,train-0.parquet#9361:3(1016).jpg,5,phoma,4,0,,train
jmuben/01548.jpg,jmuben,train-0.parquet#9369:6(1633).jpg,5,phoma,4,0,,train
jmuben/01550.jpg,jmuben,train-0.parquet#9381:6(869).jpg,5,phoma,4,0,,train
jmuben/01552.jpg,jmuben,train-0.parquet#9390:4(22).jpg,5,phoma,4,0,,train
jmuben/01553.jpg,jmuben,train-0.parquet#9391:6(1058).jpg,5,phoma,4,0,,train
jmuben/01554.jpg,jmuben,train-0.parquet#9396:6(3435).jpg,5,phoma,4,0,,train
jmuben/01555.jpg,jmuben,train-0.parquet#9401:3(1041).jpg,5,phoma,4,0,,train
jmuben/01556.jpg,jmuben,train-0.parquet#9407:4(499).jpg,5,phoma,4,0,,train
jmuben/01557.jpg,jmuben,train-0.parquet#9411:4(533).jpg,5,phoma,4,0,,train
jmuben/01558.jpg,jmuben,train-0.parquet#9412:1(454).jpg,5,phoma,4,0,,train
jmuben/01559.jpg,jmuben,train-0.parquet#9418:3(1692).jpg,5,phoma,4,0,,train
jmuben/01560.jpg,jmuben,train-0.parquet#9421:6(2048).jpg,5,phoma,4,0,,train
jmuben/01561.jpg,jmuben,train-0.parquet#9425:6(613).jpg,5,phoma,4,0,,train
jmuben/01562.jpg,jmuben,train-0.parquet#9432:4(899).jpg,5,phoma,4,0,,train
jmuben/01563.jpg,jmuben,train-0.parquet#9437:6(3073).jpg,5,phoma,4,0,,train
jmuben/01564.jpg,jmuben,train-0.parquet#9443:6(2232).jpg,5,phoma,4,0,,train
jmuben/01565.jpg,jmuben,train-0.parquet#9445:6(2662).jpg,5,phoma,4,0,,train
jmuben/01566.jpg,jmuben,train-0.parquet#9447:6(2398).jpg,5,phoma,4,0,,train
jmuben/01568.jpg,jmuben,train-0.parquet#9453:3(1407).jpg,5,phoma,4,0,,train
jmuben/01569.jpg,jmuben,train-0.parquet#9466:6(740).jpg,5,phoma,4,0,,train
jmuben/01571.jpg,jmuben,train-0.parquet#9477:1(507).jpg,5,phoma,4,0,,train
jmuben/01573.jpg,jmuben,train-0.parquet#9483:4(437).jpg,5,phoma,4,0,,train
jmuben/01576.jpg,jmuben,train-0.parquet#9487:2(365).jpg,5,phoma,4,0,,train
jmuben/01578.jpg,jmuben,train-0.parquet#9498:3(1000).jpg,5,phoma,4,0,,train
jmuben/01581.jpg,jmuben,train-0.parquet#9529:6(1127).jpg,5,phoma,4,0,,train
jmuben/01582.jpg,jmuben,train-0.parquet#9538:6(853).jpg,5,phoma,4,0,,train
jmuben/01583.jpg,jmuben,train-0.parquet#9540:2(66).jpg,5,phoma,4,0,,train
jmuben/01584.jpg,jmuben,train-0.parquet#9543:6(25).jpg,5,phoma,4,0,,train
jmuben/01587.jpg,jmuben,train-0.parquet#9557:6(629).jpg,5,phoma,4,0,,train
jmuben/01588.jpg,jmuben,train-0.parquet#9573:3(1352).jpg,5,phoma,4,0,,train
jmuben/01589.jpg,jmuben,train-0.parquet#9577:1(897).jpg,5,phoma,4,0,,train
jmuben/01590.jpg,jmuben,train-0.parquet#9581:6(941).jpg,5,phoma,4,0,,train
jmuben/01592.jpg,jmuben,train-0.parquet#9591:6(557).jpg,5,phoma,4,0,,train
jmuben/01593.jpg,jmuben,train-0.parquet#9598:6(107).jpg,5,phoma,4,0,,train
jmuben/01594.jpg,jmuben,train-0.parquet#9602:6(2619).jpg,5,phoma,4,0,,train
jmuben/01595.jpg,jmuben,train-0.parquet#9603:6(804).jpg,5,phoma,4,0,,train
jmuben/01596.jpg,jmuben,train-0.parquet#9609:3(1610).jpg,5,phoma,4,0,,train
jmuben/01597.jpg,jmuben,train-0.parquet#9619:1(21).jpg,5,phoma,4,0,,train
jmuben/01598.jpg,jmuben,train-0.parquet#9621:1(593).jpg,5,phoma,4,0,,train
jmuben/01599.jpg,jmuben,train-0.parquet#9623:6(691).jpg,5,phoma,4,0,,train
jmuben/01600.jpg,jmuben,train-0.parquet#9625:6(1259).jpg,5,phoma,4,0,,train
jmuben/01601.jpg,jmuben,train-0.parquet#9629:6(3634).jpg,5,phoma,4,0,,train
jmuben/01602.jpg,jmuben,train-0.parquet#9630:6(1609).jpg,5,phoma,4,0,,train
jmuben/01603.jpg,jmuben,train-0.parquet#9645:1(213).jpg,5,phoma,4,0,,train
jmuben/01604.jpg,jmuben,train-0.parquet#9647:6(1023).jpg,5,phoma,4,0,,train
jmuben/01606.jpg,jmuben,train-0.parquet#9657:1(839).jpg,5,phoma,4,0,,train
jmuben/01607.jpg,jmuben,train-0.parquet#9661:6(392).jpg,5,phoma,4,0,,train
jmuben/01608.jpg,jmuben,train-0.parquet#9663:6(238).jpg,5,phoma,4,0,,train
jmuben/01609.jpg,jmuben,train-0.parquet#9664:3(975).jpg,5,phoma,4,0,,train
jmuben/01610.jpg,jmuben,train-0.parquet#9667:6(3622).jpg,5,phoma,4,0,,train
jmuben/01612.jpg,jmuben,train-0.parquet#9681:6(900).jpg,5,phoma,4,0,,train
jmuben/01613.jpg,jmuben,train-0.parquet#9684:1(751).jpg,5,phoma,4,0,,train
jmuben/01614.jpg,jmuben,train-0.parquet#9687:6(1131).jpg,5,phoma,4,0,,train
jmuben/01618.jpg,jmuben,train-0.parquet#9717:2(922).jpg,5,phoma,4,0,,train
jmuben/01620.jpg,jmuben,train-0.parquet#9723:6(2064).jpg,5,phoma,4,0,,train
jmuben/01624.jpg,jmuben,train-0.parquet#9738:6(3602).jpg,5,phoma,4,0,,train
jmuben/01625.jpg,jmuben,train-0.parquet#9742:2(113).jpg,5,phoma,4,0,,train
jmuben/01626.jpg,jmuben,train-0.parquet#9749:4(211).jpg,5,phoma,4,0,,train
jmuben/01628.jpg,jmuben,train-0.parquet#9764:6(131).jpg,5,phoma,4,0,,train
jmuben/01629.jpg,jmuben,train-0.parquet#9765:1(233).jpg,5,phoma,4,0,,train
jmuben/01631.jpg,jmuben,train-0.parquet#9793:3(1364).jpg,5,phoma,4,0,,train
jmuben/01632.jpg,jmuben,train-0.parquet#9796:2(514).jpg,5,phoma,4,0,,train
jmuben/01633.jpg,jmuben,train-0.parquet#9811:4(303).jpg,5,phoma,4,0,,train
jmuben/01634.jpg,jmuben,train-0.parquet#9817:2(778).jpg,5,phoma,4,0,,train
jmuben/01635.jpg,jmuben,train-0.parquet#9821:3(1108).jpg,5,phoma,4,0,,train
jmuben/01636.jpg,jmuben,train-0.parquet#9836:6(2).jpg,5,phoma,4,0,,train
jmuben/01637.jpg,jmuben,train-0.parquet#9837:1(771).jpg,5,phoma,4,0,,train
jmuben/01638.jpg,jmuben,train-0.parquet#9847:3(1688).jpg,5,phoma,4,0,,train
jmuben/01641.jpg,jmuben,train-0.parquet#9857:6(2117).jpg,5,phoma,4,0,,train
jmuben/01642.jpg,jmuben,train-0.parquet#9876:3(1).jpg,5,phoma,4,0,,train
jmuben/01643.jpg,jmuben,train-0.parquet#9879:6(1042).jpg,5,phoma,4,0,,train
jmuben/01644.jpg,jmuben,train-0.parquet#9886:1(337).jpg,5,phoma,4,0,,train
jmuben/01646.jpg,jmuben,train-0.parquet#9889:6(465).jpg,5,phoma,4,0,,train
jmuben/01647.jpg,jmuben,train-0.parquet#9895:6(2681).jpg,5,phoma,4,0,,train
jmuben/01648.jpg,jmuben,train-0.parquet#9910:6(3301).jpg,5,phoma,4,0,,train
jmuben/01650.jpg,jmuben,train-0.parquet#9925:6(3182).jpg,5,phoma,4,0,,train
jmuben/01653.jpg,jmuben,train-0.parquet#9933:6(2269).jpg,5,phoma,4,0,,train
jmuben/01654.jpg,jmuben,train-0.parquet#9936:6(1916).jpg,5,phoma,4,0,,train
jmuben/01655.jpg,jmuben,train-0.parquet#9942:6(1853).jpg,5,phoma,4,0,,train
jmuben/01657.jpg,jmuben,train-0.parquet#9949:6(598).jpg,5,phoma,4,0,,train
jmuben/01658.jpg,jmuben,train-0.parquet#9952:3(938).jpg,5,phoma,4,0,,train
jmuben/01659.jpg,jmuben,train-0.parquet#9957:6(1717).jpg,5,phoma,4,0,,train
jmuben/01660.jpg,jmuben,train-0.parquet#9964:6(2091).jpg,5,phoma,4,0,,train
jmuben/01661.jpg,jmuben,train-0.parquet#9965:2(892).jpg,5,phoma,4,0,,train
jmuben/01662.jpg,jmuben,train-0.parquet#9979:6(2357).jpg,5,phoma,4,0,,train
jmuben/01663.jpg,jmuben,train-0.parquet#9980:4(155).jpg,5,phoma,4,0,,train
jmuben/01665.jpg,jmuben,train-0.parquet#9989:4(856).jpg,5,phoma,4,0,,train
jmuben/01666.jpg,jmuben,train-0.parquet#10000:3(1132).jpg,5,phoma,4,0,,train
jmuben/01667.jpg,jmuben,train-0.parquet#10003:6(2212).jpg,5,phoma,4,0,,train
jmuben/01670.jpg,jmuben,train-0.parquet#10017:2(596).jpg,5,phoma,4,0,,train
jmuben/01672.jpg,jmuben,train-0.parquet#10036:2(200).jpg,5,phoma,4,0,,train
jmuben/01673.jpg,jmuben,train-0.parquet#10039:3(1470).jpg,5,phoma,4,0,,train
jmuben/01676.jpg,jmuben,train-0.parquet#10048:4(417).jpg,5,phoma,4,0,,train
jmuben/01678.jpg,jmuben,train-0.parquet#10061:1(136).jpg,5,phoma,4,0,,train
jmuben/01681.jpg,jmuben,train-0.parquet#10069:4(378).jpg,5,phoma,4,0,,train
jmuben/01682.jpg,jmuben,train-0.parquet#10070:6(2480).jpg,5,phoma,4,0,,train
jmuben/01684.jpg,jmuben,train-0.parquet#10077:6(1243).jpg,5,phoma,4,0,,train
jmuben/01685.jpg,jmuben,train-0.parquet#10082:6(2746).jpg,5,phoma,4,0,,train
jmuben/01686.jpg,jmuben,train-0.parquet#10083:6(1869).jpg,5,phoma,4,0,,train
jmuben/01687.jpg,jmuben,train-0.parquet#10086:3(1466).jpg,5,phoma,4,0,,train
jmuben/01688.jpg,jmuben,train-0.parquet#10103:4(401).jpg,5,phoma,4,0,,train
jmuben/01690.jpg,jmuben,train-0.parquet#10107:1(862).jpg,5,phoma,4,0,,train
jmuben/01691.jpg,jmuben,train-0.parquet#10108:6(633).jpg,5,phoma,4,0,,train
jmuben/01692.jpg,jmuben,train-0.parquet#10127:6(326).jpg,5,phoma,4,0,,train
jmuben/01694.jpg,jmuben,train-0.parquet#10138:6(1097).jpg,5,phoma,4,0,,train
jmuben/01695.jpg,jmuben,train-0.parquet#10149:6(2204).jpg,5,phoma,4,0,,train
jmuben/01697.jpg,jmuben,train-0.parquet#10164:6(3551).jpg,5,phoma,4,0,,train
jmuben/01698.jpg,jmuben,train-0.parquet#10166:3(1430).jpg,5,phoma,4,0,,train
jmuben/01699.jpg,jmuben,train-0.parquet#10177:3(1125).jpg,5,phoma,4,0,,train
jmuben/01700.jpg,jmuben,train-0.parquet#10178:6(1583).jpg,5,phoma,4,0,,train
jmuben/01701.jpg,jmuben,train-0.parquet#10186:6(1429).jpg,5,phoma,4,0,,train
jmuben/01703.jpg,jmuben,train-0.parquet#10191:1(82).jpg,5,phoma,4,0,,train
jmuben/01704.jpg,jmuben,train-0.parquet#10196:6(798).jpg,5,phoma,4,0,,train
jmuben/01705.jpg,jmuben,train-0.parquet#10201:2(539).jpg,5,phoma,4,0,,train
jmuben/01708.jpg,jmuben,train-0.parquet#10213:4(791).jpg,5,phoma,4,0,,train
jmuben/01710.jpg,jmuben,train-0.parquet#10220:6(409).jpg,5,phoma,4,0,,train
jmuben/01714.jpg,jmuben,train-0.parquet#10244:6(235).jpg,5,phoma,4,0,,train
jmuben/01715.jpg,jmuben,train-0.parquet#10252:4(379).jpg,5,phoma,4,0,,train
jmuben/01716.jpg,jmuben,train-0.parquet#10255:6(2194).jpg,5,phoma,4,0,,train
jmuben/01718.jpg,jmuben,train-0.parquet#10265:6(3140).jpg,5,phoma,4,0,,train
jmuben/01719.jpg,jmuben,train-0.parquet#10270:6(3510).jpg,5,phoma,4,0,,train
jmuben/01720.jpg,jmuben,train-0.parquet#10271:3(1471).jpg,5,phoma,4,0,,train
jmuben/01721.jpg,jmuben,train-0.parquet#10272:6(90).jpg,5,phoma,4,0,,train
jmuben/01722.jpg,jmuben,train-0.parquet#10276:4(553).jpg,5,phoma,4,0,,train
jmuben/01724.jpg,jmuben,train-0.parquet#10291:1(658).jpg,5,phoma,4,0,,train
jmuben/01726.jpg,jmuben,train-0.parquet#10300:6(389).jpg,5,phoma,4,0,,train
jmuben/01728.jpg,jmuben,train-0.parquet#10306:6(1604).jpg,5,phoma,4,0,,train
jmuben/01729.jpg,jmuben,train-0.parquet#10315:2(128).jpg,5,phoma,4,0,,train
jmuben/01731.jpg,jmuben,train-0.parquet#10319:6(2182).jpg,5,phoma,4,0,,train
jmuben/01732.jpg,jmuben,train-0.parquet#10324:6(2706).jpg,5,phoma,4,0,,train
jmuben/01733.jpg,jmuben,train-0.parquet#10341:2(313).jpg,5,phoma,4,0,,train
jmuben/01735.jpg,jmuben,train-0.parquet#10350:6(3681).jpg,5,phoma,4,0,,train
jmuben/01736.jpg,jmuben,train-0.parquet#10351:6(2993).jpg,5,phoma,4,0,,train
jmuben/01739.jpg,jmuben,train-0.parquet#10379:2(692).jpg,5,phoma,4,0,,train
jmuben/01740.jpg,jmuben,train-0.parquet#10400:6(1501).jpg,5,phoma,4,0,,train
jmuben/01742.jpg,jmuben,train-0.parquet#10416:6(2907).jpg,5,phoma,4,0,,train
jmuben/01743.jpg,jmuben,train-0.parquet#10425:6(2511).jpg,5,phoma,4,0,,train
jmuben/01744.jpg,jmuben,train-0.parquet#10440:6(1413).jpg,5,phoma,4,0,,train
jmuben/01745.jpg,jmuben,train-0.parquet#10447:4(482).jpg,5,phoma,4,0,,train
jmuben/01746.jpg,jmuben,train-0.parquet#10449:4(178).jpg,5,phoma,4,0,,train
jmuben/01747.jpg,jmuben,train-0.parquet#10451:4(528).jpg,5,phoma,4,0,,train
jmuben/01748.jpg,jmuben,train-0.parquet#10454:2(503).jpg,5,phoma,4,0,,train
jmuben/01749.jpg,jmuben,train-0.parquet#10463:4(601).jpg,5,phoma,4,0,,train
jmuben/01750.jpg,jmuben,train-0.parquet#10464:6(2403).jpg,5,phoma,4,0,,train
jmuben/01752.jpg,jmuben,train-0.parquet#10468:4(314).jpg,5,phoma,4,0,,train
jmuben/01753.jpg,jmuben,train-0.parquet#10470:6(2546).jpg,5,phoma,4,0,,train
jmuben/01755.jpg,jmuben,train-0.parquet#10473:3(1666).jpg,5,phoma,4,0,,train
jmuben/01756.jpg,jmuben,train-0.parquet#10478:6(3357).jpg,5,phoma,4,0,,train
jmuben/01757.jpg,jmuben,train-0.parquet#10482:1(635).jpg,5,phoma,4,0,,train
jmuben/01760.jpg,jmuben,train-0.parquet#10494:6(2679).jpg,5,phoma,4,0,,train
jmuben/01761.jpg,jmuben,train-0.parquet#10495:6(1956).jpg,5,phoma,4,0,,train
jmuben/01762.jpg,jmuben,train-0.parquet#10497:6(864).jpg,5,phoma,4,0,,train
jmuben/01763.jpg,jmuben,train-0.parquet#10498:6(2696).jpg,5,phoma,4,0,,train
jmuben/01765.jpg,jmuben,train-0.parquet#10502:6(472).jpg,5,phoma,4,0,,train
jmuben/01767.jpg,jmuben,train-0.parquet#10512:6(2045).jpg,5,phoma,4,0,,train
jmuben/01768.jpg,jmuben,train-0.parquet#10514:2(145).jpg,5,phoma,4,0,,train
jmuben/01769.jpg,jmuben,train-0.parquet#10517:6(1393).jpg,5,phoma,4,0,,train
jmuben/01772.jpg,jmuben,train-0.parquet#10554:1(727).jpg,5,phoma,4,0,,train
jmuben/01774.jpg,jmuben,train-0.parquet#10566:6(3253).jpg,5,phoma,4,0,,train
jmuben/01775.jpg,jmuben,train-0.parquet#10570:2(112).jpg,5,phoma,4,0,,train
jmuben/01779.jpg,jmuben,train-0.parquet#10588:3(1200).jpg,5,phoma,4,0,,train
jmuben/01780.jpg,jmuben,train-0.parquet#10590:1(496).jpg,5,phoma,4,0,,train
jmuben/01781.jpg,jmuben,train-0.parquet#10595:4(322).jpg,5,phoma,4,0,,train
jmuben/01786.jpg,jmuben,train-0.parquet#10618:6(1833).jpg,5,phoma,4,0,,train
jmuben/01787.jpg,jmuben,train-0.parquet#10621:1(750).jpg,5,phoma,4,0,,train
jmuben/01788.jpg,jmuben,train-0.parquet#10624:1(300).jpg,5,phoma,4,0,,train
jmuben/01789.jpg,jmuben,train-0.parquet#10627:6(3418).jpg,5,phoma,4,0,,train
jmuben/01790.jpg,jmuben,train-0.parquet#10628:2(759).jpg,5,phoma,4,0,,train
jmuben/01791.jpg,jmuben,train-0.parquet#10636:6(147).jpg,5,phoma,4,0,,train
jmuben/01792.jpg,jmuben,train-0.parquet#10640:6(1976).jpg,5,phoma,4,0,,train
jmuben/01793.jpg,jmuben,train-0.parquet#10643:6(2177).jpg,5,phoma,4,0,,train
jmuben/01794.jpg,jmuben,train-0.parquet#10646:6(2527).jpg,5,phoma,4,0,,train
jmuben/01795.jpg,jmuben,train-0.parquet#10647:3(1607).jpg,5,phoma,4,0,,train
jmuben/01796.jpg,jmuben,train-0.parquet#10678:4(549).jpg,5,phoma,4,0,,train
jmuben/01797.jpg,jmuben,train-0.parquet#10680:6(1921).jpg,5,phoma,4,0,,train
jmuben/01800.jpg,jmuben,train-0.parquet#10707:6(1258).jpg,5,phoma,4,0,,train
jmuben/01801.jpg,jmuben,train-0.parquet#10713:6(2927).jpg,5,phoma,4,0,,train
jmuben/01802.jpg,jmuben,train-0.parquet#10722:6(1171).jpg,5,phoma,4,0,,train
jmuben/01803.jpg,jmuben,train-0.parquet#10723:6(3459).jpg,5,phoma,4,0,,train
jmuben/01804.jpg,jmuben,train-0.parquet#10727:2(718).jpg,5,phoma,4,0,,train
jmuben/01805.jpg,jmuben,train-0.parquet#10738:6(805).jpg,5,phoma,4,0,,train
jmuben/01807.jpg,jmuben,train-0.parquet#10750:6(3377).jpg,5,phoma,4,0,,train
jmuben/01808.jpg,jmuben,train-0.parquet#10761:6(2073).jpg,5,phoma,4,0,,train
jmuben/01809.jpg,jmuben,train-0.parquet#10768:3(1580).jpg,5,phoma,4,0,,train
jmuben/01810.jpg,jmuben,train-0.parquet#10777:6(852).jpg,5,phoma,4,0,,train
jmuben/01812.jpg,jmuben,train-0.parquet#10779:2(67).jpg,5,phoma,4,0,,train
jmuben/01813.jpg,jmuben,train-0.parquet#10781:6(151).jpg,5,phoma,4,0,,train
jmuben/01815.jpg,jmuben,train-0.parquet#10787:1(603).jpg,5,phoma,4,0,,train
jmuben/01817.jpg,jmuben,train-0.parquet#10800:2(108).jpg,5,phoma,4,0,,train
jmuben/01820.jpg,jmuben,train-0.parquet#10826:6(595).jpg,5,phoma,4,0,,train
jmuben/01822.jpg,jmuben,train-0.parquet#10828:1(697).jpg,5,phoma,4,0,,train
jmuben/01825.jpg,jmuben,train-0.parquet#10839:1(910).jpg,5,phoma,4,0,,train
jmuben/01827.jpg,jmuben,train-0.parquet#10847:3(919).jpg,5,phoma,4,0,,train
jmuben/01830.jpg,jmuben,train-0.parquet#10867:3(1113).jpg,5,phoma,4,0,,train
jmuben/01835.jpg,jmuben,train-0.parquet#10903:6(1370).jpg,5,phoma,4,0,,train
jmuben/01836.jpg,jmuben,train-0.parquet#10914:1(269).jpg,5,phoma,4,0,,train
jmuben/01840.jpg,jmuben,train-0.parquet#10951:4(709).jpg,5,phoma,4,0,,train
jmuben/01842.jpg,jmuben,train-0.parquet#10961:6(2272).jpg,5,phoma,4,0,,train
jmuben/01844.jpg,jmuben,train-0.parquet#10969:6(2767).jpg,5,phoma,4,0,,train
jmuben/01845.jpg,jmuben,train-0.parquet#10974:6(3526).jpg,5,phoma,4,0,,train
jmuben/01848.jpg,jmuben,train-0.parquet#10988:3(1716).jpg,5,phoma,4,0,,train
jmuben/01850.jpg,jmuben,train-0.parquet#11006:2(189).jpg,5,phoma,4,0,,train
jmuben/01851.jpg,jmuben,train-0.parquet#11011:2(72).jpg,5,phoma,4,0,,train
jmuben/01852.jpg,jmuben,train-0.parquet#11012:6(1975).jpg,5,phoma,4,0,,train
jmuben/01853.jpg,jmuben,train-0.parquet#11017:1(616).jpg,5,phoma,4,0,,train
jmuben/01854.jpg,jmuben,train-0.parquet#11021:1(246).jpg,5,phoma,4,0,,train
jmuben/01855.jpg,jmuben,train-0.parquet#11026:3(1595).jpg,5,phoma,4,0,,train
jmuben/01856.jpg,jmuben,train-0.parquet#11031:4(399).jpg,5,phoma,4,0,,train
jmuben/01857.jpg,jmuben,train-0.parquet#11034:6(3620).jpg,5,phoma,4,0,,train
jmuben/01858.jpg,jmuben,train-0.parquet#11044:2(131).jpg,5,phoma,4,0,,train
jmuben/01859.jpg,jmuben,train-0.parquet#11049:6(390).jpg,5,phoma,4,0,,train
jmuben/01860.jpg,jmuben,train-0.parquet#11053:6(3335).jpg,5,phoma,4,0,,train
jmuben/01861.jpg,jmuben,train-0.parquet#11056:6(2174).jpg,5,phoma,4,0,,train
jmuben/01864.jpg,jmuben,train-0.parquet#11081:2(648).jpg,5,phoma,4,0,,train
jmuben/01865.jpg,jmuben,train-0.parquet#11095:4(225).jpg,5,phoma,4,0,,train
jmuben/01866.jpg,jmuben,train-0.parquet#11097:4(675).jpg,5,phoma,4,0,,train
jmuben/01868.jpg,jmuben,train-0.parquet#11108:6(2861).jpg,5,phoma,4,0,,train
jmuben/01870.jpg,jmuben,train-0.parquet#11124:1(712).jpg,5,phoma,4,0,,train
jmuben/01872.jpg,jmuben,train-0.parquet#11138:1(196).jpg,5,phoma,4,0,,train
jmuben/01873.jpg,jmuben,train-0.parquet#11145:3(1645).jpg,5,phoma,4,0,,train
jmuben/01874.jpg,jmuben,train-0.parquet#11155:4(767).jpg,5,phoma,4,0,,train
jmuben/01875.jpg,jmuben,train-0.parquet#11159:6(152).jpg,5,phoma,4,0,,train
jmuben/01876.jpg,jmuben,train-0.parquet#11166:6(1430).jpg,5,phoma,4,0,,train
jmuben/01877.jpg,jmuben,train-0.parquet#11172:6(914).jpg,5,phoma,4,0,,train
jmuben/01878.jpg,jmuben,train-0.parquet#11177:3(1583).jpg,5,phoma,4,0,,train
jmuben/01880.jpg,jmuben,train-0.parquet#11199:1(417).jpg,5,phoma,4,0,,train
jmuben/01881.jpg,jmuben,train-0.parquet#11200:3(1281).jpg,5,phoma,4,0,,train
jmuben/01882.jpg,jmuben,train-0.parquet#11204:6(1277).jpg,5,phoma,4,0,,train
jmuben/01884.jpg,jmuben,train-0.parquet#11218:2(388).jpg,5,phoma,4,0,,train
jmuben/01886.jpg,jmuben,train-0.parquet#11230:6(3476).jpg,5,phoma,4,0,,train
jmuben/01887.jpg,jmuben,train-0.parquet#11242:3(1239).jpg,5,phoma,4,0,,train
jmuben/01888.jpg,jmuben,train-0.parquet#11245:6(1735).jpg,5,phoma,4,0,,train
jmuben/01889.jpg,jmuben,train-0.parquet#11247:2(449).jpg,5,phoma,4,0,,train
jmuben/01891.jpg,jmuben,train-0.parquet#11258:6(191).jpg,5,phoma,4,0,,train
jmuben/01892.jpg,jmuben,train-0.parquet#11274:4(462).jpg,5,phoma,4,0,,train
jmuben/01894.jpg,jmuben,train-0.parquet#11283:6(484).jpg,5,phoma,4,0,,train
jmuben/01895.jpg,jmuben,train-0.parquet#11284:2(330).jpg,5,phoma,4,0,,train
jmuben/01896.jpg,jmuben,train-0.parquet#11287:6(1723).jpg,5,phoma,4,0,,train
jmuben/01897.jpg,jmuben,train-0.parquet#11290:6(1689).jpg,5,phoma,4,0,,train
jmuben/01898.jpg,jmuben,train-0.parquet#11294:1(840).jpg,5,phoma,4,0,,train
jmuben/01900.jpg,jmuben,train-0.parquet#11315:6(187).jpg,5,phoma,4,0,,train
jmuben/01901.jpg,jmuben,train-0.parquet#11318:2(633).jpg,5,phoma,4,0,,train
jmuben/01902.jpg,jmuben,train-0.parquet#11325:4(20).jpg,5,phoma,4,0,,train
jmuben/01905.jpg,jmuben,train-0.parquet#11337:3(1782).jpg,5,phoma,4,0,,train
jmuben/01906.jpg,jmuben,train-0.parquet#11338:6(3319).jpg,5,phoma,4,0,,train
jmuben/01907.jpg,jmuben,train-0.parquet#11341:3(1278).jpg,5,phoma,4,0,,train
jmuben/01908.jpg,jmuben,train-0.parquet#11346:3(1628).jpg,5,phoma,4,0,,train
jmuben/01909.jpg,jmuben,train-0.parquet#11354:1(728).jpg,5,phoma,4,0,,train
jmuben/01910.jpg,jmuben,train-0.parquet#11368:4(136).jpg,5,phoma,4,0,,train
jmuben/01912.jpg,jmuben,train-0.parquet#11386:6(518).jpg,5,phoma,4,0,,train
jmuben/01913.jpg,jmuben,train-0.parquet#11406:3(1433).jpg,5,phoma,4,0,,train
jmuben/01915.jpg,jmuben,train-0.parquet#11414:6(1646).jpg,5,phoma,4,0,,train
jmuben/01917.jpg,jmuben,train-0.parquet#11418:6(1216).jpg,5,phoma,4,0,,train
jmuben/01919.jpg,jmuben,train-0.parquet#11440:6(3440).jpg,5,phoma,4,0,,train
jmuben/01920.jpg,jmuben,train-0.parquet#11444:6(3010).jpg,5,phoma,4,0,,train
jmuben/01921.jpg,jmuben,train-0.parquet#11447:3(1464).jpg,5,phoma,4,0,,train
jmuben/01922.jpg,jmuben,train-0.parquet#11450:1(708).jpg,5,phoma,4,0,,train
jmuben/01923.jpg,jmuben,train-0.parquet#11451:6(3505).jpg,5,phoma,4,0,,train
jmuben/01924.jpg,jmuben,train-0.parquet#11452:6(1538).jpg,5,phoma,4,0,,train
jmuben/01926.jpg,jmuben,train-0.parquet#11457:1(358).jpg,5,phoma,4,0,,train
jmuben/01928.jpg,jmuben,train-0.parquet#11461:6(2314).jpg,5,phoma,4,0,,train
jmuben/01929.jpg,jmuben,train-0.parquet#11476:1(837).jpg,5,phoma,4,0,,train
jmuben/01930.jpg,jmuben,train-0.parquet#11504:4(550).jpg,5,phoma,4,0,,train
jmuben/01931.jpg,jmuben,train-0.parquet#11506:4(803).jpg,5,phoma,4,0,,train
jmuben/01934.jpg,jmuben,train-0.parquet#11522:6(735).jpg,5,phoma,4,0,,train
jmuben/01935.jpg,jmuben,train-0.parquet#11529:1(572).jpg,5,phoma,4,0,,train
jmuben/01937.jpg,jmuben,train-0.parquet#11535:6(2494).jpg,5,phoma,4,0,,train
jmuben/01939.jpg,jmuben,train-0.parquet#11540:2(68).jpg,5,phoma,4,0,,train
jmuben/01940.jpg,jmuben,train-0.parquet#11552:3(1075).jpg,5,phoma,4,0,,train
jmuben/01941.jpg,jmuben,train-0.parquet#11553:6(1129).jpg,5,phoma,4,0,,train
jmuben/01942.jpg,jmuben,train-0.parquet#11557:6(1980).jpg,5,phoma,4,0,,train
jmuben/01943.jpg,jmuben,train-0.parquet#11560:6(918).jpg,5,phoma,4,0,,train
jmuben/01944.jpg,jmuben,train-0.parquet#11561:2(87).jpg,5,phoma,4,0,,train
jmuben/01945.jpg,jmuben,train-0.parquet#11573:1(876).jpg,5,phoma,4,0,,train
jmuben/01948.jpg,jmuben,train-0.parquet#11578:1(175).jpg,5,phoma,4,0,,train
jmuben/01949.jpg,jmuben,train-0.parquet#11579:6(3378).jpg,5,phoma,4,0,,train
jmuben/01950.jpg,jmuben,train-0.parquet#11582:6(2990).jpg,5,phoma,4,0,,train
jmuben/01952.jpg,jmuben,train-0.parquet#11589:6(627).jpg,5,phoma,4,0,,train
jmuben/01953.jpg,jmuben,train-0.parquet#11590:3(1649).jpg,5,phoma,4,0,,train
jmuben/01955.jpg,jmuben,train-0.parquet#11595:1(732).jpg,5,phoma,4,0,,train
jmuben/01956.jpg,jmuben,train-0.parquet#11600:6(2284).jpg,5,phoma,4,0,,train
jmuben/01957.jpg,jmuben,train-0.parquet#11602:6(2791).jpg,5,phoma,4,0,,train
jmuben/01960.jpg,jmuben,train-0.parquet#11612:1(227).jpg,5,phoma,4,0,,train
jmuben/01961.jpg,jmuben,train-0.parquet#11614:6(1017).jpg,5,phoma,4,0,,train
jmuben/01962.jpg,jmuben,train-0.parquet#11617:4(340).jpg,5,phoma,4,0,,train
jmuben/01964.jpg,jmuben,train-0.parquet#11626:6(1294).jpg,5,phoma,4,0,,train
jmuben/01965.jpg,jmuben,train-0.parquet#11627:3(1632).jpg,5,phoma,4,0,,train
jmuben/01966.jpg,jmuben,train-0.parquet#11628:2(107).jpg,5,phoma,4,0,,train
jmuben/01968.jpg,jmuben,train-0.parquet#11640:4(481).jpg,5,phoma,4,0,,train
jmuben/01969.jpg,jmuben,train-0.parquet#11647:6(3138).jpg,5,phoma,4,0,,train
jmuben/01970.jpg,jmuben,train-0.parquet#11648:3(1059).jpg,5,phoma,4,0,,train
jmuben/01973.jpg,jmuben,train-0.parquet#11658:6(172).jpg,5,phoma,4,0,,train
jmuben/01975.jpg,jmuben,train-0.parquet#11662:6(522).jpg,5,phoma,4,0,,train
jmuben/01976.jpg,jmuben,train-0.parquet#11682:2(916).jpg,5,phoma,4,0,,train
jmuben/01977.jpg,jmuben,train-0.parquet#11685:4(602).jpg,5,phoma,4,0,,train
jmuben/01980.jpg,jmuben,train-0.parquet#11705:6(888).jpg,5,phoma,4,0,,train
jmuben/01981.jpg,jmuben,train-0.parquet#11711:6(1955).jpg,5,phoma,4,0,,train
jmuben/01983.jpg,jmuben,train-0.parquet#11717:2(280).jpg,5,phoma,4,0,,train
jmuben/01984.jpg,jmuben,train-0.parquet#11731:6(2800).jpg,5,phoma,4,0,,train
jmuben/01985.jpg,jmuben,train-0.parquet#11733:2(453).jpg,5,phoma,4,0,,train
jmuben/01986.jpg,jmuben,train-0.parquet#11742:4(244).jpg,5,phoma,4,0,,train
jmuben/01988.jpg,jmuben,train-0.parquet#11753:1(374).jpg,5,phoma,4,0,,train
jmuben/01989.jpg,jmuben,train-0.parquet#11755:2(7).jpg,5,phoma,4,0,,train
jmuben/01990.jpg,jmuben,train-0.parquet#11757:6(3483).jpg,5,phoma,4,0,,train
jmuben/01991.jpg,jmuben,train-0.parquet#11761:2(392).jpg,5,phoma,4,0,,train
jmuben/01992.jpg,jmuben,train-0.parquet#11763:6(426).jpg,5,phoma,4,0,,train
jmuben/01993.jpg,jmuben,train-0.parquet#11769:6(3196).jpg,5,phoma,4,0,,train
jmuben/01995.jpg,jmuben,train-0.parquet#11773:6(1902).jpg,5,phoma,4,0,,train
jmuben/01996.jpg,jmuben,train-0.parquet#11778:2(404).jpg,5,phoma,4,0,,train
jmuben/01997.jpg,jmuben,train-0.parquet#11790:4(643).jpg,5,phoma,4,0,,train
jmuben/01998.jpg,jmuben,train-0.parquet#11798:1(15).jpg,5,phoma,4,0,,train
jmuben/01999.jpg,jmuben,train-0.parquet#11801:2(111).jpg,5,phoma,4,0,,train
jmuben/02000.jpg,jmuben,train-0.parquet#11803:3(1625).jpg,5,phoma,4,0,,train
jmuben/02001.jpg,jmuben,train-0.parquet#11807:1(549).jpg,5,phoma,4,0,,train
jmuben/02003.jpg,jmuben,train-0.parquet#11819:4(212).jpg,5,phoma,4,0,,train
jmuben/02004.jpg,jmuben,train-0.parquet#11828:6(1846).jpg,5,phoma,4,0,,train
jmuben/02005.jpg,jmuben,train-0.parquet#11843:6(427).jpg,5,phoma,4,0,,train
jmuben/02006.jpg,jmuben,train-0.parquet#11855:4(584).jpg,5,phoma,4,0,,train
jmuben/02007.jpg,jmuben,train-0.parquet#11864:6(3343).jpg,5,phoma,4,0,,train
jmuben/02010.jpg,jmuben,train-0.parquet#11876:6(2944).jpg,5,phoma,4,0,,train
jmuben/02013.jpg,jmuben,train-0.parquet#11886:2(794).jpg,5,phoma,4,0,,train
jmuben/02014.jpg,jmuben,train-0.parquet#11905:6(3590).jpg,5,phoma,4,0,,train
jmuben/02016.jpg,jmuben,train-0.parquet#11920:6(2544).jpg,5,phoma,4,0,,train
jmuben/02017.jpg,jmuben,train-0.parquet#11924:4(253).jpg,5,phoma,4,0,,train
jmuben/02018.jpg,jmuben,train-0.parquet#11926:6(2952).jpg,5,phoma,4,0,,train
jmuben/02019.jpg,jmuben,train-0.parquet#11927:6(3640).jpg,5,phoma,4,0,,train
jmuben/02020.jpg,jmuben,train-0.parquet#11930:2(501).jpg,5,phoma,4,0,,train
jmuben/02021.jpg,jmuben,train-0.parquet#11934:6(2728).jpg,5,phoma,4,0,,train
jmuben/02022.jpg,jmuben,train-0.parquet#11940:6(1104).jpg,5,phoma,4,0,,train
jmuben/02023.jpg,jmuben,train-0.parquet#11942:2(782).jpg,5,phoma,4,0,,train
jmuben/02024.jpg,jmuben,train-0.parquet#11967:3(1799).jpg,5,phoma,4,0,,train
jmuben/02025.jpg,jmuben,train-0.parquet#11973:6(348).jpg,5,phoma,4,0,,train
jmuben/02026.jpg,jmuben,train-0.parquet#11980:2(556).jpg,5,phoma,4,0,,train
jmuben/02027.jpg,jmuben,train-0.parquet#11982:6(3617).jpg,5,phoma,4,0,,train
jmuben/02029.jpg,jmuben,train-0.parquet#11989:2(385).jpg,5,phoma,4,0,,train
jmuben/02030.jpg,jmuben,train-0.parquet#11992:6(3494).jpg,5,phoma,4,0,,train
jmuben/02031.jpg,jmuben,train-0.parquet#11993:6(1153).jpg,5,phoma,4,0,,train
jmuben/02032.jpg,jmuben,train-0.parquet#11995:6(2285).jpg,5,phoma,4,0,,train
jmuben/02033.jpg,jmuben,train-0.parquet#12006:6(1016).jpg,5,phoma,4,0,,train
jmuben/02034.jpg,jmuben,train-0.parquet#12022:1(877).jpg,5,phoma,4,0,,train
jmuben/02035.jpg,jmuben,train-0.parquet#12024:2(891).jpg,5,phoma,4,0,,train
jmuben/02036.jpg,jmuben,train-0.parquet#12030:3(1218).jpg,5,phoma,4,0,,train
jmuben/02037.jpg,jmuben,train-0.parquet#12033:1(96).jpg,5,phoma,4,0,,train
jmuben/02038.jpg,jmuben,train-0.parquet#12039:2(69).jpg,5,phoma,4,0,,train
jmuben/02039.jpg,jmuben,train-0.parquet#12043:2(741).jpg,5,phoma,4,0,,train
jmuben/02041.jpg,jmuben,train-0.parquet#12055:1(318).jpg,5,phoma,4,0,,train
jmuben/02044.jpg,jmuben,train-0.parquet#12070:1(436).jpg,5,phoma,4,0,,train
jmuben/02045.jpg,jmuben,train-0.parquet#12074:6(364).jpg,5,phoma,4,0,,train
jmuben/02046.jpg,jmuben,train-0.parquet#12078:6(1743).jpg,5,phoma,4,0,,train
jmuben/02047.jpg,jmuben,train-0.parquet#12090:3(1536).jpg,5,phoma,4,0,,train
jmuben/02049.jpg,jmuben,train-0.parquet#12107:3(1189).jpg,5,phoma,4,0,,train
jmuben/02050.jpg,jmuben,train-0.parquet#12111:6(2895).jpg,5,phoma,4,0,,train
jmuben/02052.jpg,jmuben,train-0.parquet#12124:6(2179).jpg,5,phoma,4,0,,train
jmuben/02055.jpg,jmuben,train-0.parquet#12140:2(28).jpg,5,phoma,4,0,,train
jmuben/02056.jpg,jmuben,train-0.parquet#12143:2(700).jpg,5,phoma,4,0,,train
jmuben/02057.jpg,jmuben,train-0.parquet#12145:6(1186).jpg,5,phoma,4,0,,train
jmuben/02058.jpg,jmuben,train-0.parquet#12154:4(814).jpg,5,phoma,4,0,,train
jmuben/02059.jpg,jmuben,train-0.parquet#12161:6(2315).jpg,5,phoma,4,0,,train
jmuben/02060.jpg,jmuben,train-0.parquet#12164:6(2745).jpg,5,phoma,4,0,,train
jmuben/02061.jpg,jmuben,train-0.parquet#12167:4(793).jpg,5,phoma,4,0,,train
jmuben/02062.jpg,jmuben,train-0.parquet#12170:6(1647).jpg,5,phoma,4,0,,train
jmuben/02063.jpg,jmuben,train-0.parquet#12176:6(630).jpg,5,phoma,4,0,,train
jmuben/02064.jpg,jmuben,train-0.parquet#12183:6(2987).jpg,5,phoma,4,0,,train
jmuben/02065.jpg,jmuben,train-0.parquet#12188:6(2084).jpg,5,phoma,4,0,,train
jmuben/02067.jpg,jmuben,train-0.parquet#12192:6(149).jpg,5,phoma,4,0,,train
jmuben/02068.jpg,jmuben,train-0.parquet#12197:3(1577).jpg,5,phoma,4,0,,train
jmuben/02069.jpg,jmuben,train-0.parquet#12200:6(2657).jpg,5,phoma,4,0,,train
jmuben/02070.jpg,jmuben,train-0.parquet#12205:4(140).jpg,5,phoma,4,0,,train
jmuben/02071.jpg,jmuben,train-0.parquet#12209:3(1598).jpg,5,phoma,4,0,,train
jmuben/02074.jpg,jmuben,train-0.parquet#12228:6(1149).jpg,5,phoma,4,0,,train
jmuben/02077.jpg,jmuben,train-0.parquet#12243:3(1500).jpg,5,phoma,4,0,,train
jmuben/02078.jpg,jmuben,train-0.parquet#12246:3(1150).jpg,5,phoma,4,0,,train
jmuben/02080.jpg,jmuben,train-0.parquet#12258:1(18).jpg,5,phoma,4,0,,train
jmuben/02083.jpg,jmuben,train-0.parquet#12281:6(169).jpg,5,phoma,4,0,,train
jmuben/02084.jpg,jmuben,train-0.parquet#12285:4(21).jpg,5,phoma,4,0,,train
jmuben/02085.jpg,jmuben,train-0.parquet#12288:6(3436).jpg,5,phoma,4,0,,train
jmuben/02087.jpg,jmuben,train-0.parquet#12293:6(2227).jpg,5,phoma,4,0,,train
jmuben/02093.jpg,jmuben,train-0.parquet#12322:6(3135).jpg,5,phoma,4,0,,train
jmuben/02096.jpg,jmuben,train-0.parquet#12355:6(313).jpg,5,phoma,4,0,,train
jmuben/02097.jpg,jmuben,train-0.parquet#12358:3(1687).jpg,5,phoma,4,0,,train
jmuben/02098.jpg,jmuben,train-0.parquet#12361:1(441).jpg,5,phoma,4,0,,train
jmuben/02099.jpg,jmuben,train-0.parquet#12366:6(2323).jpg,5,phoma,4,0,,train
jmuben/02100.jpg,jmuben,train-0.parquet#12372:1(695).jpg,5,phoma,4,0,,train
jmuben/02103.jpg,jmuben,train-0.parquet#12386:6(2636).jpg,5,phoma,4,0,,train
jmuben/02105.jpg,jmuben,train-0.parquet#12397:1(800).jpg,5,phoma,4,0,,train
jmuben/02106.jpg,jmuben,train-0.parquet#12412:6(503).jpg,5,phoma,4,0,,train
jmuben/02109.jpg,jmuben,train-0.parquet#12438:6(2421).jpg,5,phoma,4,0,,train
jmuben/02111.jpg,jmuben,train-0.parquet#12440:6(295).jpg,5,phoma,4,0,,train
jmuben/02112.jpg,jmuben,train-0.parquet#12445:3(1351).jpg,5,phoma,4,0,,train
jmuben/02113.jpg,jmuben,train-0.parquet#12453:1(178).jpg,5,phoma,4,0,,train
jmuben/02114.jpg,jmuben,train-0.parquet#12458:4(766).jpg,5,phoma,4,0,,train
jmuben/02115.jpg,jmuben,train-0.parquet#12460:4(336).jpg,5,phoma,4,0,,train
jmuben/02117.jpg,jmuben,train-0.parquet#12463:2(32).jpg,5,phoma,4,0,,train
jmuben/02118.jpg,jmuben,train-0.parquet#12475:6(1173).jpg,5,phoma,4,0,,train
jmuben/02121.jpg,jmuben,train-0.parquet#12482:1(590).jpg,5,phoma,4,0,,train
jmuben/02122.jpg,jmuben,train-0.parquet#12510:3(1486).jpg,5,phoma,4,0,,train
jmuben/02123.jpg,jmuben,train-0.parquet#12527:1(705).jpg,5,phoma,4,0,,train
jmuben/02125.jpg,jmuben,train-0.parquet#12529:6(407).jpg,5,phoma,4,0,,train
jmuben/02126.jpg,jmuben,train-0.parquet#12536:2(833).jpg,5,phoma,4,0,,train
jmuben/02127.jpg,jmuben,train-0.parquet#12545:1(34).jpg,5,phoma,4,0,,train
jmuben/02128.jpg,jmuben,train-0.parquet#12555:6(1309).jpg,5,phoma,4,0,,train
jmuben/02129.jpg,jmuben,train-0.parquet#12557:6(3334).jpg,5,phoma,4,0,,train
jmuben/02130.jpg,jmuben,train-0.parquet#12564:6(1974).jpg,5,phoma,4,0,,train
jmuben/02132.jpg,jmuben,train-0.parquet#12566:3(1828).jpg,5,phoma,4,0,,train
jmuben/02133.jpg,jmuben,train-0.parquet#12572:6(30).jpg,5,phoma,4,0,,train
jmuben/02134.jpg,jmuben,train-0.parquet#12578:6(1562).jpg,5,phoma,4,0,,train
jmuben/02135.jpg,jmuben,train-0.parquet#12583:6(1831).jpg,5,phoma,4,0,,train
jmuben/02136.jpg,jmuben,train-0.parquet#12585:1(63).jpg,5,phoma,4,0,,train
jmuben/02137.jpg,jmuben,train-0.parquet#12608:1(494).jpg,5,phoma,4,0,,train
jmuben/02138.jpg,jmuben,train-0.parquet#12615:3(1823).jpg,5,phoma,4,0,,train
jmuben/02140.jpg,jmuben,train-0.parquet#12630:6(3104).jpg,5,phoma,4,0,,train
jmuben/02141.jpg,jmuben,train-0.parquet#12632:6(1093).jpg,5,phoma,4,0,,train
jmuben/02142.jpg,jmuben,train-0.parquet#12637:4(147).jpg,5,phoma,4,0,,train
jmuben/02143.jpg,jmuben,train-0.parquet#12644:1(470).jpg,5,phoma,4,0,,train
jmuben/02144.jpg,jmuben,train-0.parquet#12647:6(1210).jpg,5,phoma,4,0,,train
jmuben/02145.jpg,jmuben,train-0.parquet#12652:4(794).jpg,5,phoma,4,0,,train
jmuben/02150.jpg,jmuben,train-0.parquet#12662:6(637).jpg,5,phoma,4,0,,train
jmuben/02151.jpg,jmuben,train-0.parquet#12676:2(357).jpg,5,phoma,4,0,,train
jmuben/02152.jpg,jmuben,train-0.parquet#12679:4(405).jpg,5,phoma,4,0,,train
jmuben/02153.jpg,jmuben,train-0.parquet#12681:6(1928).jpg,5,phoma,4,0,,train
jmuben/02154.jpg,jmuben,train-0.parquet#12684:6(2742).jpg,5,phoma,4,0,,train
jmuben/02155.jpg,jmuben,train-0.parquet#12690:6(3153).jpg,5,phoma,4,0,,train
jmuben/02157.jpg,jmuben,train-0.parquet#12711:2(584).jpg,5,phoma,4,0,,train
jmuben/02159.jpg,jmuben,train-0.parquet#12720:6(2611).jpg,5,phoma,4,0,,train
jmuben/02160.jpg,jmuben,train-0.parquet#12733:3(1024).jpg,5,phoma,4,0,,train
jmuben/02161.jpg,jmuben,train-0.parquet#12736:6(1178).jpg,5,phoma,4,0,,train
jmuben/02163.jpg,jmuben,train-0.parquet#12740:6(3515).jpg,5,phoma,4,0,,train
jmuben/02165.jpg,jmuben,train-0.parquet#12751:6(1601).jpg,5,phoma,4,0,,train
jmuben/02166.jpg,jmuben,train-0.parquet#12753:6(363).jpg,5,phoma,4,0,,train
jmuben/02167.jpg,jmuben,train-0.parquet#12757:4(385).jpg,5,phoma,4,0,,train
jmuben/02168.jpg,jmuben,train-0.parquet#12760:4(690).jpg,5,phoma,4,0,,train
jmuben/02173.jpg,jmuben,train-0.parquet#12770:1(124).jpg,5,phoma,4,0,,train
jmuben/02175.jpg,jmuben,train-0.parquet#12779:2(316).jpg,5,phoma,4,0,,train
jmuben/02176.jpg,jmuben,train-0.parquet#12789:6(1986).jpg,5,phoma,4,0,,train
jmuben/02177.jpg,jmuben,train-0.parquet#12791:2(81).jpg,5,phoma,4,0,,train
jmuben/02178.jpg,jmuben,train-0.parquet#12796:3(1423).jpg,5,phoma,4,0,,train
jmuben/02179.jpg,jmuben,train-0.parquet#12806:2(480).jpg,5,phoma,4,0,,train
jmuben/02180.jpg,jmuben,train-0.parquet#12825:1(870).jpg,5,phoma,4,0,,train
jmuben/02181.jpg,jmuben,train-0.parquet#12837:6(436).jpg,5,phoma,4,0,,train
jmuben/02182.jpg,jmuben,train-0.parquet#12845:2(228).jpg,5,phoma,4,0,,train
jmuben/02183.jpg,jmuben,train-0.parquet#12851:2(697).jpg,5,phoma,4,0,,train
jmuben/02184.jpg,jmuben,train-0.parquet#12852:6(1011).jpg,5,phoma,4,0,,train
jmuben/02185.jpg,jmuben,train-0.parquet#12860:6(3305).jpg,5,phoma,4,0,,train
jmuben/02186.jpg,jmuben,train-0.parquet#12861:1(108).jpg,5,phoma,4,0,,train
jmuben/02187.jpg,jmuben,train-0.parquet#12862:2(414).jpg,5,phoma,4,0,,train
jmuben/02188.jpg,jmuben,train-0.parquet#12863:6(1292).jpg,5,phoma,4,0,,train
jmuben/02189.jpg,jmuben,train-0.parquet#12865:6(2847).jpg,5,phoma,4,0,,train
jmuben/02190.jpg,jmuben,train-0.parquet#12895:6(1945).jpg,5,phoma,4,0,,train
jmuben/02192.jpg,jmuben,train-0.parquet#12908:6(524).jpg,5,phoma,4,0,,train
jmuben/02193.jpg,jmuben,train-0.parquet#12909:4(741).jpg,5,phoma,4,0,,train
jmuben/02194.jpg,jmuben,train-0.parquet#12912:3(1399).jpg,5,phoma,4,0,,train
jmuben/02195.jpg,jmuben,train-0.parquet#12928:1(52).jpg,5,phoma,4,0,,train
jmuben/02196.jpg,jmuben,train-0.parquet#12937:6(1816).jpg,5,phoma,4,0,,train
jmuben/02200.jpg,jmuben,train-0.parquet#12953:6(1400).jpg,5,phoma,4,0,,train
jmuben/02202.jpg,jmuben,train-0.parquet#12989:6(3651).jpg,5,phoma,4,0,,train
jmuben/02203.jpg,jmuben,train-0.parquet#13002:2(394).jpg,5,phoma,4,0,,train
jmuben/02204.jpg,jmuben,train-0.parquet#13004:6(1841).jpg,5,phoma,4,0,,train
jmuben/02205.jpg,jmuben,train-0.parquet#13006:4(583).jpg,5,phoma,4,0,,train
jmuben/02207.jpg,jmuben,train-0.parquet#13039:6(2017).jpg,5,phoma,4,0,,train
jmuben/02209.jpg,jmuben,train-0.parquet#13060:6(791).jpg,5,phoma,4,0,,train
jmuben/02210.jpg,jmuben,train-0.parquet#13061:6(1359).jpg,5,phoma,4,0,,train
jmuben/02211.jpg,jmuben,train-0.parquet#13065:2(475).jpg,5,phoma,4,0,,train
jmuben/02212.jpg,jmuben,train-0.parquet#13071:6(512).jpg,5,phoma,4,0,,train
jmuben/02215.jpg,jmuben,train-0.parquet#13087:3(1439).jpg,5,phoma,4,0,,train
jmuben/02217.jpg,jmuben,train-0.parquet#13089:6(3108).jpg,5,phoma,4,0,,train
jmuben/02218.jpg,jmuben,train-0.parquet#13091:1(305).jpg,5,phoma,4,0,,train
jmuben/02219.jpg,jmuben,train-0.parquet#13094:3(1069).jpg,5,phoma,4,0,,train
jmuben/02220.jpg,jmuben,train-0.parquet#13109:6(2037).jpg,5,phoma,4,0,,train
jmuben/02221.jpg,jmuben,train-0.parquet#13125:6(816).jpg,5,phoma,4,0,,train
jmuben/02223.jpg,jmuben,train-0.parquet#13146:4(673).jpg,5,phoma,4,0,,train
jmuben/02224.jpg,jmuben,train-0.parquet#13156:3(988).jpg,5,phoma,4,0,,train
jmuben/02226.jpg,jmuben,train-0.parquet#13160:6(1318).jpg,5,phoma,4,0,,train
jmuben/02227.jpg,jmuben,train-0.parquet#13162:1(128).jpg,5,phoma,4,0,,train
jmuben/02228.jpg,jmuben,train-0.parquet#13167:1(578).jpg,5,phoma,4,0,,train
jmuben/02229.jpg,jmuben,train-0.parquet#13188:6(416).jpg,5,phoma,4,0,,train
jmuben/02231.jpg,jmuben,train-0.parquet#13195:2(208).jpg,5,phoma,4,0,,train
jmuben/02232.jpg,jmuben,train-0.parquet#13199:6(768).jpg,5,phoma,4,0,,train
jmuben/02233.jpg,jmuben,train-0.parquet#13201:6(2975).jpg,5,phoma,4,0,,train
jmuben/02234.jpg,jmuben,train-0.parquet#13206:3(1356).jpg,5,phoma,4,0,,train
jmuben/02236.jpg,jmuben,train-0.parquet#13217:2(199).jpg,5,phoma,4,0,,train
jmuben/02237.jpg,jmuben,train-0.parquet#13224:6(857).jpg,5,phoma,4,0,,train
jmuben/02238.jpg,jmuben,train-0.parquet#13225:2(62).jpg,5,phoma,4,0,,train
jmuben/02240.jpg,jmuben,train-0.parquet#13233:1(313).jpg,5,phoma,4,0,,train
jmuben/02241.jpg,jmuben,train-0.parquet#13238:6(1573).jpg,5,phoma,4,0,,train
jmuben/02243.jpg,jmuben,train-0.parquet#13247:2(418).jpg,5,phoma,4,0,,train
jmuben/02244.jpg,jmuben,train-0.parquet#13252:6(713).jpg,5,phoma,4,0,,train
jmuben/02246.jpg,jmuben,train-0.parquet#13267:3(1454).jpg,5,phoma,4,0,,train
jmuben/02248.jpg,jmuben,train-0.parquet#13277:6(2261).jpg,5,phoma,4,0,,train
jmuben/02251.jpg,jmuben,train-0.parquet#13293:3(1395).jpg,5,phoma,4,0,,train
jmuben/02252.jpg,jmuben,train-0.parquet#13296:1(915).jpg,5,phoma,4,0,,train
jmuben/02256.jpg,jmuben,train-0.parquet#13314:3(1403).jpg,5,phoma,4,0,,train
jmuben/02257.jpg,jmuben,train-0.parquet#13322:1(780).jpg,5,phoma,4,0,,train
jmuben/02258.jpg,jmuben,train-0.parquet#13328:4(464).jpg,5,phoma,4,0,,train
jmuben/02260.jpg,jmuben,train-0.parquet#13346:6(752).jpg,5,phoma,4,0,,train
jmuben/02261.jpg,jmuben,train-0.parquet#13352:1(903).jpg,5,phoma,4,0,,train
jmuben/02262.jpg,jmuben,train-0.parquet#13355:1(329).jpg,5,phoma,4,0,,train
jmuben/02263.jpg,jmuben,train-0.parquet#13358:3(1415).jpg,5,phoma,4,0,,train
jmuben/02264.jpg,jmuben,train-0.parquet#13360:1(283).jpg,5,phoma,4,0,,train
jmuben/02266.jpg,jmuben,train-0.parquet#13377:3(1100).jpg,5,phoma,4,0,,train
jmuben/02268.jpg,jmuben,train-0.parquet#13384:6(1322).jpg,5,phoma,4,0,,train
jmuben/02269.jpg,jmuben,train-0.parquet#13385:1(112).jpg,5,phoma,4,0,,train
jmuben/02271.jpg,jmuben,train-0.parquet#13403:6(2298).jpg,5,phoma,4,0,,train
jmuben/02272.jpg,jmuben,train-0.parquet#13414:4(833).jpg,5,phoma,4,0,,train
jmuben/02274.jpg,jmuben,train-0.parquet#13426:6(2277).jpg,5,phoma,4,0,,train
jmuben/02275.jpg,jmuben,train-0.parquet#13429:6(2627).jpg,5,phoma,4,0,,train
jmuben/02276.jpg,jmuben,train-0.parquet#13436:2(399).jpg,5,phoma,4,0,,train
jmuben/02277.jpg,jmuben,train-0.parquet#13438:6(587).jpg,5,phoma,4,0,,train
jmuben/02278.jpg,jmuben,train-0.parquet#13440:1(685).jpg,5,phoma,4,0,,train
jmuben/02279.jpg,jmuben,train-0.parquet#13443:6(3488).jpg,5,phoma,4,0,,train
jmuben/02280.jpg,jmuben,train-0.parquet#13453:4(70).jpg,5,phoma,4,0,,train
jmuben/02282.jpg,jmuben,train-0.parquet#13455:6(2276).jpg,5,phoma,4,0,,train
jmuben/02283.jpg,jmuben,train-0.parquet#13464:6(1773).jpg,5,phoma,4,0,,train
jmuben/02284.jpg,jmuben,train-0.parquet#13474:6(2919).jpg,5,phoma,4,0,,train
jmuben/02285.jpg,jmuben,train-0.parquet#13476:4(865).jpg,5,phoma,4,0,,train
jmuben/02288.jpg,jmuben,train-0.parquet#13493:4(189).jpg,5,phoma,4,0,,train
jmuben/02289.jpg,jmuben,train-0.parquet#13508:1(514).jpg,5,phoma,4,0,,train
jmuben/02290.jpg,jmuben,train-0.parquet#13529:6(2722).jpg,5,phoma,4,0,,train
jmuben/02292.jpg,jmuben,train-0.parquet#13535:1(294).jpg,5,phoma,4,0,,train
jmuben/02293.jpg,jmuben,train-0.parquet#13539:6(529).jpg,5,phoma,4,0,,train
jmuben/02295.jpg,jmuben,train-0.parquet#13548:6(483).jpg,5,phoma,4,0,,train
jmuben/02297.jpg,jmuben,train-0.parquet#13579:4(89).jpg,5,phoma,4,0,,train
jmuben/02298.jpg,jmuben,train-0.parquet#13587:4(577).jpg,5,phoma,4,0,,train
jmuben/02299.jpg,jmuben,train-0.parquet#13588:6(2325).jpg,5,phoma,4,0,,train
jmuben/02303.jpg,jmuben,train-0.parquet#13604:6(1765).jpg,5,phoma,4,0,,train
jmuben/02305.jpg,jmuben,train-0.parquet#13613:3(1269).jpg,5,phoma,4,0,,train
jmuben/02306.jpg,jmuben,train-0.parquet#13616:6(1620).jpg,5,phoma,4,0,,train
jmuben/02308.jpg,jmuben,train-0.parquet#13626:6(155).jpg,5,phoma,4,0,,train
jmuben/02309.jpg,jmuben,train-0.parquet#13630:6(1122).jpg,5,phoma,4,0,,train
jmuben/02310.jpg,jmuben,train-0.parquet#13639:3(1707).jpg,5,phoma,4,0,,train
jmuben/02311.jpg,jmuben,train-0.parquet#13647:2(177).jpg,5,phoma,4,0,,train
jmuben/02313.jpg,jmuben,train-0.parquet#13653:6(2562).jpg,5,phoma,4,0,,train
jmuben/02314.jpg,jmuben,train-0.parquet#13656:2(198).jpg,5,phoma,4,0,,train
jmuben/02315.jpg,jmuben,train-0.parquet#13664:6(552).jpg,5,phoma,4,0,,train
jmuben/02317.jpg,jmuben,train-0.parquet#13671:2(34).jpg,5,phoma,4,0,,train
jmuben/02318.jpg,jmuben,train-0.parquet#13684:3(1479).jpg,5,phoma,4,0,,train
jmuben/02319.jpg,jmuben,train-0.parquet#13685:6(3148).jpg,5,phoma,4,0,,train
jmuben/02320.jpg,jmuben,train-0.parquet#13693:4(388).jpg,5,phoma,4,0,,train
jmuben/02321.jpg,jmuben,train-0.parquet#13697:6(694).jpg,5,phoma,4,0,,train
jmuben/02322.jpg,jmuben,train-0.parquet#13704:3(989).jpg,5,phoma,4,0,,train
jmuben/02323.jpg,jmuben,train-0.parquet#13720:4(737).jpg,5,phoma,4,0,,train
jmuben/02324.jpg,jmuben,train-0.parquet#13733:1(353).jpg,5,phoma,4,0,,train
jmuben/02325.jpg,jmuben,train-0.parquet#13734:6(1163).jpg,5,phoma,4,0,,train
jmuben/02327.jpg,jmuben,train-0.parquet#13737:3(1195).jpg,5,phoma,4,0,,train
jmuben/02328.jpg,jmuben,train-0.parquet#13741:6(728).jpg,5,phoma,4,0,,train
jmuben/02329.jpg,jmuben,train-0.parquet#13742:3(1746).jpg,5,phoma,4,0,,train
jmuben/02330.jpg,jmuben,train-0.parquet#13749:6(378).jpg,5,phoma,4,0,,train
jmuben/02331.jpg,jmuben,train-0.parquet#13750:3(1316).jpg,5,phoma,4,0,,train
jmuben/02332.jpg,jmuben,train-0.parquet#13751:6(682).jpg,5,phoma,4,0,,train
jmuben/02333.jpg,jmuben,train-0.parquet#13753:6(2036).jpg,5,phoma,4,0,,train
jmuben/02334.jpg,jmuben,train-0.parquet#13756:6(2466).jpg,5,phoma,4,0,,train
jmuben/02335.jpg,jmuben,train-0.parquet#13759:6(2523).jpg,5,phoma,4,0,,train
jmuben/02336.jpg,jmuben,train-0.parquet#13766:3(970).jpg,5,phoma,4,0,,train
jmuben/02337.jpg,jmuben,train-0.parquet#13770:6(513).jpg,5,phoma,4,0,,train
jmuben/02338.jpg,jmuben,train-0.parquet#13772:3(1087).jpg,5,phoma,4,0,,train
jmuben/02339.jpg,jmuben,train-0.parquet#13776:6(1071).jpg,5,phoma,4,0,,train
jmuben/02340.jpg,jmuben,train-0.parquet#13784:6(456).jpg,5,phoma,4,0,,train
jmuben/02341.jpg,jmuben,train-0.parquet#13791:2(248).jpg,5,phoma,4,0,,train
jmuben/02345.jpg,jmuben,train-0.parquet#13809:1(492).jpg,5,phoma,4,0,,train
jmuben/02346.jpg,jmuben,train-0.parquet#13813:6(1358).jpg,5,phoma,4,0,,train
jmuben/02347.jpg,jmuben,train-0.parquet#13814:3(927).jpg,5,phoma,4,0,,train
jmuben/02348.jpg,jmuben,train-0.parquet#13816:2(474).jpg,5,phoma,4,0,,train
jmuben/02349.jpg,jmuben,train-0.parquet#13829:6(1285).jpg,5,phoma,4,0,,train
jmuben/02352.jpg,jmuben,train-0.parquet#13848:6(2446).jpg,5,phoma,4,0,,train
jmuben/02354.jpg,jmuben,train-0.parquet#13864:1(236).jpg,5,phoma,4,0,,train
jmuben/02355.jpg,jmuben,train-0.parquet#13874:3(907).jpg,5,phoma,4,0,,train
jmuben/02357.jpg,jmuben,train-0.parquet#13887:4(243).jpg,5,phoma,4,0,,train
jmuben/02358.jpg,jmuben,train-0.parquet#13888:2(842).jpg,5,phoma,4,0,,train
jmuben/02359.jpg,jmuben,train-0.parquet#13889:6(2041).jpg,5,phoma,4,0,,train
jmuben/02361.jpg,jmuben,train-0.parquet#13900:6(2692).jpg,5,phoma,4,0,,train
jmuben/02362.jpg,jmuben,train-0.parquet#13903:6(925).jpg,5,phoma,4,0,,train
jmuben/02363.jpg,jmuben,train-0.parquet#13916:2(268).jpg,5,phoma,4,0,,train
jmuben/02365.jpg,jmuben,train-0.parquet#13920:6(1401).jpg,5,phoma,4,0,,train
jmuben/02366.jpg,jmuben,train-0.parquet#13925:6(16).jpg,5,phoma,4,0,,train
jmuben/02367.jpg,jmuben,train-0.parquet#13959:2(784).jpg,5,phoma,4,0,,train
jmuben/02368.jpg,jmuben,train-0.parquet#13966:6(1801).jpg,5,phoma,4,0,,train
jmuben/02369.jpg,jmuben,train-0.parquet#13970:6(2391).jpg,5,phoma,4,0,,train
jmuben/02370.jpg,jmuben,train-0.parquet#13990:3(1635).jpg,5,phoma,4,0,,train
jmuben/02371.jpg,jmuben,train-0.parquet#13996:6(2515).jpg,5,phoma,4,0,,train
jmuben/02372.jpg,jmuben,train-0.parquet#14004:6(1786).jpg,5,phoma,4,0,,train
jmuben/02373.jpg,jmuben,train-0.parquet#14005:6(2903).jpg,5,phoma,4,0,,train
jmuben/02374.jpg,jmuben,train-0.parquet#14008:2(550).jpg,5,phoma,4,0,,train
jmuben/02375.jpg,jmuben,train-0.parquet#14019:6(437).jpg,5,phoma,4,0,,train
jmuben/02376.jpg,jmuben,train-0.parquet#14036:2(696).jpg,5,phoma,4,0,,train
jmuben/02378.jpg,jmuben,train-0.parquet#14044:2(878).jpg,5,phoma,4,0,,train
jmuben/02380.jpg,jmuben,train-0.parquet#14053:1(488).jpg,5,phoma,4,0,,train
jmuben/02381.jpg,jmuben,train-0.parquet#14055:6(270).jpg,5,phoma,4,0,,train
jmuben/02384.jpg,jmuben,train-0.parquet#14070:6(159).jpg,5,phoma,4,0,,train
jmuben/02385.jpg,jmuben,train-0.parquet#14085:4(150).jpg,5,phoma,4,0,,train
jmuben/02386.jpg,jmuben,train-0.parquet#14103:4(384).jpg,5,phoma,4,0,,train
jmuben/02387.jpg,jmuben,train-0.parquet#14104:6(2186).jpg,5,phoma,4,0,,train
jmuben/02388.jpg,jmuben,train-0.parquet#14110:6(1745).jpg,5,phoma,4,0,,train
jmuben/02389.jpg,jmuben,train-0.parquet#14116:3(1619).jpg,5,phoma,4,0,,train
jmuben/02390.jpg,jmuben,train-0.parquet#14123:6(2240).jpg,5,phoma,4,0,,train
jmuben/02391.jpg,jmuben,train-0.parquet#14124:2(38).jpg,5,phoma,4,0,,train
jmuben/02393.jpg,jmuben,train-0.parquet#14130:6(1196).jpg,5,phoma,4,0,,train
jmuben/02394.jpg,jmuben,train-0.parquet#14145:6(2755).jpg,5,phoma,4,0,,train
jmuben/02396.jpg,jmuben,train-0.parquet#14150:4(238).jpg,5,phoma,4,0,,train
jmuben/02397.jpg,jmuben,train-0.parquet#14153:6(1246).jpg,5,phoma,4,0,,train
jmuben/02398.jpg,jmuben,train-0.parquet#14155:6(374).jpg,5,phoma,4,0,,train
jmuben/02402.jpg,jmuben,train-0.parquet#14166:1(563).jpg,5,phoma,4,0,,train
jmuben/02403.jpg,jmuben,train-0.parquet#14168:1(830).jpg,5,phoma,4,0,,train
jmuben/02404.jpg,jmuben,train-0.parquet#14173:6(1180).jpg,5,phoma,4,0,,train
jmuben/02405.jpg,jmuben,train-0.parquet#14178:4(404).jpg,5,phoma,4,0,,train
jmuben/02407.jpg,jmuben,train-0.parquet#14198:1(471).jpg,5,phoma,4,0,,train
jmuben/02408.jpg,jmuben,train-0.parquet#14203:6(1211).jpg,5,phoma,4,0,,train
jmuben/02409.jpg,jmuben,train-0.parquet#14208:6(2128).jpg,5,phoma,4,0,,train
jmuben/02410.jpg,jmuben,train-0.parquet#14209:1(867).jpg,5,phoma,4,0,,train
jmuben/02411.jpg,jmuben,train-0.parquet#14210:6(2578).jpg,5,phoma,4,0,,train
jmuben/02415.jpg,jmuben,train-0.parquet#14228:2(79).jpg,5,phoma,4,0,,train
jmuben/02417.jpg,jmuben,train-0.parquet#14239:6(3105).jpg,5,phoma,4,0,,train
jmuben/02418.jpg,jmuben,train-0.parquet#14246:4(146).jpg,5,phoma,4,0,,train
jmuben/02420.jpg,jmuben,train-1.parquet#6:1(3642).jpg,0,healthy,1,0,,train
jmuben/02421.jpg,jmuben,train-1.parquet#21:10(2525).jpg,0,healthy,1,0,,train
jmuben/02422.jpg,jmuben,train-1.parquet#26:10(7377).jpg,0,healthy,1,0,,train
jmuben/02423.jpg,jmuben,train-1.parquet#41:1(2116).jpg,0,healthy,1,0,,train
jmuben/02425.jpg,jmuben,train-1.parquet#74:10(1132).jpg,0,healthy,1,0,,train
jmuben/02427.jpg,jmuben,train-1.parquet#110:10(5464).jpg,0,healthy,1,0,,train
jmuben/02429.jpg,jmuben,train-1.parquet#120:10(9447).jpg,0,healthy,1,0,,train
jmuben/02430.jpg,jmuben,train-1.parquet#121:10(1077).jpg,0,healthy,1,0,,train
jmuben/02431.jpg,jmuben,train-1.parquet#127:2(3139).jpg,0,healthy,1,0,,train
jmuben/02432.jpg,jmuben,train-1.parquet#132:10(1427).jpg,0,healthy,1,0,,train
jmuben/02434.jpg,jmuben,train-1.parquet#179:2(1738).jpg,0,healthy,1,0,,train
jmuben/02435.jpg,jmuben,train-1.parquet#184:10(4449).jpg,0,healthy,1,0,,train
jmuben/02442.jpg,jmuben,train-1.parquet#253:1(3547).jpg,0,healthy,1,0,,train
jmuben/02443.jpg,jmuben,train-1.parquet#256:2(3007).jpg,0,healthy,1,0,,train
jmuben/02444.jpg,jmuben,train-1.parquet#262:1(1595).jpg,0,healthy,1,0,,train
jmuben/02445.jpg,jmuben,train-1.parquet#266:2(3457).jpg,0,healthy,1,0,,train
jmuben/02447.jpg,jmuben,train-1.parquet#273:10(5809).jpg,0,healthy,1,0,,train
jmuben/02448.jpg,jmuben,train-1.parquet#285:1(937).jpg,0,healthy,1,0,,train
jmuben/02449.jpg,jmuben,train-1.parquet#298:2(1893).jpg,0,healthy,1,0,,train
jmuben/02450.jpg,jmuben,train-1.parquet#309:1(4514).jpg,0,healthy,1,0,,train
jmuben/02451.jpg,jmuben,train-1.parquet#323:10(8411).jpg,0,healthy,1,0,,train
jmuben/02452.jpg,jmuben,train-1.parquet#325:10(4961).jpg,0,healthy,1,0,,train
jmuben/02455.jpg,jmuben,train-1.parquet#436:10(7863).jpg,0,healthy,1,0,,train
jmuben/02456.jpg,jmuben,train-1.parquet#452:10(5274).jpg,0,healthy,1,0,,train
jmuben/02457.jpg,jmuben,train-1.parquet#461:2(206).jpg,0,healthy,1,0,,train
jmuben/02459.jpg,jmuben,train-1.parquet#490:2(343).jpg,0,healthy,1,0,,train
jmuben/02462.jpg,jmuben,train-1.parquet#532:1(3156).jpg,0,healthy,1,0,,train
jmuben/02463.jpg,jmuben,train-1.parquet#572:10(1558).jpg,0,healthy,1,0,,train
jmuben/02464.jpg,jmuben,train-1.parquet#589:10(8283).jpg,0,healthy,1,0,,train
jmuben/02465.jpg,jmuben,train-1.parquet#627:2(2591).jpg,0,healthy,1,0,,train
jmuben/02466.jpg,jmuben,train-1.parquet#635:10(1734).jpg,0,healthy,1,0,,train
jmuben/02467.jpg,jmuben,train-1.parquet#659:2(181).jpg,0,healthy,1,0,,train
jmuben/02469.jpg,jmuben,train-1.parquet#706:1(2205).jpg,0,healthy,1,0,,train
jmuben/02470.jpg,jmuben,train-1.parquet#742:10(8057).jpg,0,healthy,1,0,,train
jmuben/02471.jpg,jmuben,train-1.parquet#764:10(6049).jpg,0,healthy,1,0,,train
jmuben/02473.jpg,jmuben,train-1.parquet#770:10(9216).jpg,0,healthy,1,0,,train
jmuben/02475.jpg,jmuben,train-1.parquet#817:10(6878).jpg,0,healthy,1,0,,train
jmuben/02476.jpg,jmuben,train-1.parquet#819:10(396).jpg,0,healthy,1,0,,train
jmuben/02477.jpg,jmuben,train-1.parquet#847:10(8889).jpg,0,healthy,1,0,,train
jmuben/02478.jpg,jmuben,train-1.parquet#865:10(1201).jpg,0,healthy,1,0,,train
jmuben/02479.jpg,jmuben,train-1.parquet#904:1(956).jpg,0,healthy,1,0,,train
jmuben/02480.jpg,jmuben,train-1.parquet#955:2(3573).jpg,0,healthy,1,0,,train
jmuben/02482.jpg,jmuben,train-1.parquet#988:10(7697).jpg,0,healthy,1,0,,train
jmuben/02483.jpg,jmuben,train-1.parquet#1001:10(5215).jpg,0,healthy,1,0,,train
jmuben/02484.jpg,jmuben,train-1.parquet#1035:10(3841).jpg,0,healthy,1,0,,train
jmuben/02485.jpg,jmuben,train-1.parquet#1047:1(1409).jpg,0,healthy,1,0,,train
jmuben/02487.jpg,jmuben,train-1.parquet#1066:10(512).jpg,0,healthy,1,0,,train
jmuben/02489.jpg,jmuben,train-1.parquet#1090:10(5429).jpg,0,healthy,1,0,,train
jmuben/02490.jpg,jmuben,train-1.parquet#1102:10(6993).jpg,0,healthy,1,0,,train
jmuben/02491.jpg,jmuben,train-1.parquet#1149:10(292).jpg,0,healthy,1,0,,train
jmuben/02492.jpg,jmuben,train-1.parquet#1150:1(4534).jpg,0,healthy,1,0,,train
jmuben/02493.jpg,jmuben,train-1.parquet#1156:10(338).jpg,0,healthy,1,0,,train
jmuben/02494.jpg,jmuben,train-1.parquet#1163:10(1240).jpg,0,healthy,1,0,,train
jmuben/02496.jpg,jmuben,train-1.parquet#1252:10(4150).jpg,0,healthy,1,0,,train
jmuben/02499.jpg,jmuben,train-1.parquet#1279:10(8173).jpg,0,healthy,1,0,,train
jmuben/02500.jpg,jmuben,train-1.parquet#1313:10(1647).jpg,0,healthy,1,0,,train
jmuben/02502.jpg,jmuben,train-1.parquet#1361:10(3416).jpg,0,healthy,1,0,,train
jmuben/02503.jpg,jmuben,train-1.parquet#1382:1(805).jpg,0,healthy,1,0,,train
jmuben/02504.jpg,jmuben,train-1.parquet#1398:2(2499).jpg,0,healthy,1,0,,train
jmuben/02505.jpg,jmuben,train-1.parquet#1406:10(314).jpg,0,healthy,1,0,,train
jmuben/02508.jpg,jmuben,train-1.parquet#1470:10(9060).jpg,0,healthy,1,0,,train
jmuben/02509.jpg,jmuben,train-1.parquet#1474:10(4202).jpg,0,healthy,1,0,,train
jmuben/02510.jpg,jmuben,train-1.parquet#1487:2(898).jpg,0,healthy,1,0,,train
jmuben/02511.jpg,jmuben,train-1.parquet#1495:10(8221).jpg,0,healthy,1,0,,train
jmuben/02512.jpg,jmuben,train-1.parquet#1506:10(2769).jpg,0,healthy,1,0,,train
jmuben/02514.jpg,jmuben,train-1.parquet#1514:2(4664).jpg,0,healthy,1,0,,train
jmuben/02515.jpg,jmuben,train-1.parquet#1530:10(6680).jpg,0,healthy,1,0,,train
jmuben/02516.jpg,jmuben,train-1.parquet#1544:1(716).jpg,0,healthy,1,0,,train
jmuben/02517.jpg,jmuben,train-1.parquet#1576:2(37).jpg,0,healthy,1,0,,train
jmuben/02518.jpg,jmuben,train-1.parquet#1582:2(2421).jpg,0,healthy,1,0,,train
jmuben/02520.jpg,jmuben,train-1.parquet#1617:10(8626).jpg,0,healthy,1,0,,train
jmuben/02521.jpg,jmuben,train-1.parquet#1631:10(6268).jpg,0,healthy,1,0,,train
jmuben/02522.jpg,jmuben,train-1.parquet#1635:2(3119).jpg,0,healthy,1,0,,train
jmuben/02524.jpg,jmuben,train-1.parquet#1643:10(5917).jpg,0,healthy,1,0,,train
jmuben/02525.jpg,jmuben,train-1.parquet#1666:2(573).jpg,0,healthy,1,0,,train
jmuben/02526.jpg,jmuben,train-1.parquet#1739:10(1738).jpg,0,healthy,1,0,,train
jmuben/02528.jpg,jmuben,train-1.parquet#1745:10(4869).jpg,0,healthy,1,0,,train
jmuben/02531.jpg,jmuben,train-1.parquet#1863:2(99).jpg,0,healthy,1,0,,train
jmuben/02532.jpg,jmuben,train-1.parquet#1900:10(3928).jpg,0,healthy,1,0,,train
jmuben/02533.jpg,jmuben,train-1.parquet#1948:2(498).jpg,0,healthy,1,0,,train
jmuben/02534.jpg,jmuben,train-1.parquet#1981:1(2209).jpg,0,healthy,1,0,,train
jmuben/02535.jpg,jmuben,train-1.parquet#1992:1(1832).jpg,0,healthy,1,0,,train
jmuben/02537.jpg,jmuben,train-1.parquet#2048:2(4389).jpg,0,healthy,1,0,,train
jmuben/02538.jpg,jmuben,train-1.parquet#2054:1(4626).jpg,0,healthy,1,0,,train
jmuben/02542.jpg,jmuben,train-1.parquet#2142:10(4612).jpg,0,healthy,1,0,,train
jmuben/02543.jpg,jmuben,train-1.parquet#2143:1(1536).jpg,0,healthy,1,0,,train
jmuben/02547.jpg,jmuben,train-1.parquet#2214:2(1076).jpg,0,healthy,1,0,,train
jmuben/02549.jpg,jmuben,train-1.parquet#2244:1(3767).jpg,0,healthy,1,0,,train
jmuben/02551.jpg,jmuben,train-1.parquet#2289:10(1955).jpg,0,healthy,1,0,,train
jmuben/02554.jpg,jmuben,train-1.parquet#2384:1(347).jpg,0,healthy,1,0,,train
jmuben/02555.jpg,jmuben,train-1.parquet#2397:10(5629).jpg,0,healthy,1,0,,train
jmuben/02556.jpg,jmuben,train-1.parquet#2408:10(5296).jpg,0,healthy,1,0,,train
jmuben/02557.jpg,jmuben,train-1.parquet#2438:2(460).jpg,0,healthy,1,0,,train
jmuben/02558.jpg,jmuben,train-1.parquet#2444:1(1127).jpg,0,healthy,1,0,,train
jmuben/02562.jpg,jmuben,train-1.parquet#2474:2(876).jpg,0,healthy,1,0,,train
jmuben/02563.jpg,jmuben,train-1.parquet#2498:10(6681).jpg,0,healthy,1,0,,train
jmuben/02565.jpg,jmuben,train-1.parquet#2531:1(4519).jpg,0,healthy,1,0,,train
jmuben/02566.jpg,jmuben,train-1.parquet#2533:1(740).jpg,0,healthy,1,0,,train
jmuben/02568.jpg,jmuben,train-1.parquet#2635:10(2206).jpg,0,healthy,1,0,,train
jmuben/02572.jpg,jmuben,train-1.parquet#2692:10(7792).jpg,0,healthy,1,0,,train
jmuben/02573.jpg,jmuben,train-1.parquet#2701:10(1216).jpg,0,healthy,1,0,,train
jmuben/02574.jpg,jmuben,train-1.parquet#2716:10(9276).jpg,0,healthy,1,0,,train
jmuben/02576.jpg,jmuben,train-1.parquet#2726:10(6357).jpg,0,healthy,1,0,,train
jmuben/02577.jpg,jmuben,train-1.parquet#2743:2(4649).jpg,0,healthy,1,0,,train
jmuben/02578.jpg,jmuben,train-1.parquet#2763:10(8719).jpg,0,healthy,1,0,,train
jmuben/02579.jpg,jmuben,train-1.parquet#2783:1(4309).jpg,0,healthy,1,0,,train
jmuben/02580.jpg,jmuben,train-1.parquet#2789:2(3163).jpg,0,healthy,1,0,,train
jmuben/02583.jpg,jmuben,train-1.parquet#2836:1(279).jpg,0,healthy,1,0,,train
jmuben/02584.jpg,jmuben,train-1.parquet#2843:10(1611).jpg,0,healthy,1,0,,train
jmuben/02585.jpg,jmuben,train-1.parquet#2863:10(8430).jpg,0,healthy,1,0,,train
jmuben/02588.jpg,jmuben,train-1.parquet#2883:1(3966).jpg,0,healthy,1,0,,train
jmuben/02589.jpg,jmuben,train-1.parquet#2899:1(1058).jpg,0,healthy,1,0,,train
jmuben/02590.jpg,jmuben,train-1.parquet#2914:10(143).jpg,0,healthy,1,0,,train
jmuben/02591.jpg,jmuben,train-1.parquet#2939:10(2617).jpg,0,healthy,1,0,,train
jmuben/02592.jpg,jmuben,train-1.parquet#2980:10(5644).jpg,0,healthy,1,0,,train
jmuben/02593.jpg,jmuben,train-1.parquet#3006:10(285).jpg,0,healthy,1,0,,train
jmuben/02595.jpg,jmuben,train-1.parquet#3037:2(3964).jpg,0,healthy,1,0,,train
jmuben/02596.jpg,jmuben,train-1.parquet#3060:10(7442).jpg,0,healthy,1,0,,train
jmuben/02597.jpg,jmuben,train-1.parquet#3070:1(2336).jpg,0,healthy,1,0,,train
jmuben/02598.jpg,jmuben,train-1.parquet#3071:10(5886).jpg,0,healthy,1,0,,train
jmuben/02599.jpg,jmuben,train-1.parquet#3093:10(8164).jpg,0,healthy,1,0,,train
jmuben/02601.jpg,jmuben,train-1.parquet#3112:2(2949).jpg,0,healthy,1,0,,train
jmuben/02602.jpg,jmuben,train-1.parquet#3118:1(4061).jpg,0,healthy,1,0,,train
jmuben/02603.jpg,jmuben,train-1.parquet#3139:2(661).jpg,0,healthy,1,0,,train
jmuben/02604.jpg,jmuben,train-1.parquet#3174:2(4106).jpg,0,healthy,1,0,,train
jmuben/02605.jpg,jmuben,train-1.parquet#3208:1(4016).jpg,0,healthy,1,0,,train
jmuben/02606.jpg,jmuben,train-1.parquet#3215:10(9352).jpg,0,healthy,1,0,,train
jmuben/02607.jpg,jmuben,train-1.parquet#3226:1(2068).jpg,0,healthy,1,0,,train
jmuben/02608.jpg,jmuben,train-1.parquet#3251:10(499).jpg,0,healthy,1,0,,train
jmuben/02609.jpg,jmuben,train-1.parquet#3255:2(2314).jpg,0,healthy,1,0,,train
jmuben/02610.jpg,jmuben,train-1.parquet#3294:2(3440).jpg,0,healthy,1,0,,train
jmuben/02611.jpg,jmuben,train-1.parquet#3313:1(1756).jpg,0,healthy,1,0,,train
jmuben/02612.jpg,jmuben,train-1.parquet#3319:1(3291).jpg,0,healthy,1,0,,train
jmuben/02613.jpg,jmuben,train-1.parquet#3321:1(4554).jpg,0,healthy,1,0,,train
jmuben/02614.jpg,jmuben,train-1.parquet#3323:10(4022).jpg,0,healthy,1,0,,train
jmuben/02616.jpg,jmuben,train-1.parquet#3352:10(4864).jpg,0,healthy,1,0,,train
jmuben/02618.jpg,jmuben,train-1.parquet#3403:10(6273).jpg,0,healthy,1,0,,train
jmuben/02619.jpg,jmuben,train-1.parquet#3412:10(7931).jpg,0,healthy,1,0,,train
jmuben/02620.jpg,jmuben,train-1.parquet#3417:2(3047).jpg,0,healthy,1,0,,train
jmuben/02621.jpg,jmuben,train-1.parquet#3419:10(6336).jpg,0,healthy,1,0,,train
jmuben/02622.jpg,jmuben,train-1.parquet#3422:10(1109).jpg,0,healthy,1,0,,train
jmuben/02624.jpg,jmuben,train-1.parquet#3432:1(4387).jpg,0,healthy,1,0,,train
jmuben/02626.jpg,jmuben,train-1.parquet#3473:10(8914).jpg,0,healthy,1,0,,train
jmuben/02627.jpg,jmuben,train-1.parquet#3487:2(4517).jpg,0,healthy,1,0,,train
jmuben/02628.jpg,jmuben,train-1.parquet#3498:1(3268).jpg,0,healthy,1,0,,train
jmuben/02629.jpg,jmuben,train-1.parquet#3502:1(2880).jpg,0,healthy,1,0,,train
jmuben/02630.jpg,jmuben,train-1.parquet#3531:2(1579).jpg,0,healthy,1,0,,train
jmuben/02631.jpg,jmuben,train-1.parquet#3532:2(4281).jpg,0,healthy,1,0,,train
jmuben/02632.jpg,jmuben,train-1.parquet#3533:2(3544).jpg,0,healthy,1,0,,train
jmuben/02633.jpg,jmuben,train-1.parquet#3543:2(1129).jpg,0,healthy,1,0,,train
jmuben/02634.jpg,jmuben,train-1.parquet#3546:10(3067).jpg,0,healthy,1,0,,train
jmuben/02635.jpg,jmuben,train-1.parquet#3593:10(7862).jpg,0,healthy,1,0,,train
jmuben/02637.jpg,jmuben,train-1.parquet#3610:10(1631).jpg,0,healthy,1,0,,train
jmuben/02639.jpg,jmuben,train-1.parquet#3637:1(2584).jpg,0,healthy,1,0,,train
jmuben/02640.jpg,jmuben,train-1.parquet#3640:10(2508).jpg,0,healthy,1,0,,train
jmuben/02641.jpg,jmuben,train-1.parquet#3644:10(6818).jpg,0,healthy,1,0,,train
jmuben/02643.jpg,jmuben,train-1.parquet#3673:1(873).jpg,0,healthy,1,0,,train
jmuben/02645.jpg,jmuben,train-1.parquet#3752:10(2334).jpg,0,healthy,1,0,,train
jmuben/02646.jpg,jmuben,train-1.parquet#3787:1(3244).jpg,0,healthy,1,0,,train
jmuben/02647.jpg,jmuben,train-1.parquet#3791:1(3751).jpg,0,healthy,1,0,,train
jmuben/02648.jpg,jmuben,train-1.parquet#3809:10(6025).jpg,0,healthy,1,0,,train
jmuben/02651.jpg,jmuben,train-1.parquet#3830:10(4331).jpg,0,healthy,1,0,,train
jmuben/02652.jpg,jmuben,train-1.parquet#3840:10(1099).jpg,0,healthy,1,0,,train
jmuben/02653.jpg,jmuben,train-1.parquet#3845:10(1563).jpg,0,healthy,1,0,,train
jmuben/02654.jpg,jmuben,train-1.parquet#3846:1(3182).jpg,0,healthy,1,0,,train
jmuben/02655.jpg,jmuben,train-1.parquet#3848:2(4612).jpg,0,healthy,1,0,,train
jmuben/02656.jpg,jmuben,train-1.parquet#3858:2(2396).jpg,0,healthy,1,0,,train
jmuben/02657.jpg,jmuben,train-1.parquet#3890:10(4274).jpg,0,healthy,1,0,,train
jmuben/02659.jpg,jmuben,train-1.parquet#3929:10(3765).jpg,0,healthy,1,0,,train
jmuben/02661.jpg,jmuben,train-1.parquet#3991:2(1914).jpg,0,healthy,1,0,,train
jmuben/02662.jpg,jmuben,train-1.parquet#3996:1(4610).jpg,0,healthy,1,0,,train
jmuben/02663.jpg,jmuben,train-1.parquet#4010:1(3585).jpg,0,healthy,1,0,,train
jmuben/02664.jpg,jmuben,train-1.parquet#4033:10(1021).jpg,0,healthy,1,0,,train
jmuben/02668.jpg,jmuben,train-1.parquet#4087:1(263).jpg,0,healthy,1,0,,train
jmuben/02669.jpg,jmuben,train-1.parquet#4096:10(6434).jpg,0,healthy,1,0,,train
jmuben/02670.jpg,jmuben,train-1.parquet#4116:10(3266).jpg,0,healthy,1,0,,train
jmuben/02672.jpg,jmuben,train-1.parquet#4125:10(5648).jpg,0,healthy,1,0,,train
jmuben/02675.jpg,jmuben,train-1.parquet#4180:1(3985).jpg,0,healthy,1,0,,train
jmuben/02676.jpg,jmuben,train-1.parquet#4190:1(1111).jpg,0,healthy,1,0,,train
jmuben/02677.jpg,jmuben,train-1.parquet#4193:2(1144).jpg,0,healthy,1,0,,train
jmuben/02678.jpg,jmuben,train-1.parquet#4202:1(1541).jpg,0,healthy,1,0,,train
jmuben/02679.jpg,jmuben,train-1.parquet#4227:10(3724).jpg,0,healthy,1,0,,train
jmuben/02680.jpg,jmuben,train-1.parquet#4250:1(2506).jpg,0,healthy,1,0,,train
jmuben/02681.jpg,jmuben,train-1.parquet#4279:1(721).jpg,0,healthy,1,0,,train
jmuben/02682.jpg,jmuben,train-1.parquet#4300:1(3194).jpg,0,healthy,1,0,,train
jmuben/02683.jpg,jmuben,train-1.parquet#4308:1(1453).jpg,0,healthy,1,0,,train
jmuben/02684.jpg,jmuben,train-1.parquet#4321:1(1516).jpg,0,healthy,1,0,,train
jmuben/02685.jpg,jmuben,train-1.parquet#4346:1(1845).jpg,0,healthy,1,0,,train
jmuben/02686.jpg,jmuben,train-1.parquet#4352:2(952).jpg,0,healthy,1,0,,train
jmuben/02687.jpg,jmuben,train-1.parquet#4357:10(4510).jpg,0,healthy,1,0,,train
jmuben/02688.jpg,jmuben,train-1.parquet#4368:10(3685).jpg,0,healthy,1,0,,train
jmuben/02689.jpg,jmuben,train-1.parquet#4420:1(680).jpg,0,healthy,1,0,,train
jmuben/02690.jpg,jmuben,train-1.parquet#4422:1(4123).jpg,0,healthy,1,0,,train
jmuben/02691.jpg,jmuben,train-1.parquet#4437:2(3963).jpg,0,healthy,1,0,,train
jmuben/02693.jpg,jmuben,train-1.parquet#4467:2(3125).jpg,0,healthy,1,0,,train
jmuben/02694.jpg,jmuben,train-1.parquet#4471:10(7916).jpg,0,healthy,1,0,,train
jmuben/02696.jpg,jmuben,train-1.parquet#4490:2(959).jpg,0,healthy,1,0,,train
jmuben/02697.jpg,jmuben,train-1.parquet#4546:2(4121).jpg,0,healthy,1,0,,train
jmuben/02698.jpg,jmuben,train-1.parquet#4548:2(1773).jpg,0,healthy,1,0,,train
jmuben/02699.jpg,jmuben,train-1.parquet#4563:10(4951).jpg,0,healthy,1,0,,train
jmuben/02702.jpg,jmuben,train-1.parquet#4600:1(907).jpg,0,healthy,1,0,,train
jmuben/02703.jpg,jmuben,train-1.parquet#4603:2(3934).jpg,0,healthy,1,0,,train
jmuben/02704.jpg,jmuben,train-1.parquet#4618:10(2610).jpg,0,healthy,1,0,,train
jmuben/02705.jpg,jmuben,train-1.parquet#4645:10(4551).jpg,0,healthy,1,0,,train
jmuben/02706.jpg,jmuben,train-1.parquet#4684:10(8067).jpg,0,healthy,1,0,,train
jmuben/02707.jpg,jmuben,train-1.parquet#4704:2(3758).jpg,0,healthy,1,0,,train
jmuben/02708.jpg,jmuben,train-1.parquet#4736:10(5985).jpg,0,healthy,1,0,,train
jmuben/02711.jpg,jmuben,train-1.parquet#4746:10(447).jpg,0,healthy,1,0,,train
jmuben/02713.jpg,jmuben,train-1.parquet#4763:10(1180).jpg,0,healthy,1,0,,train
jmuben/02714.jpg,jmuben,train-1.parquet#4792:10(6868).jpg,0,healthy,1,0,,train
jmuben/02716.jpg,jmuben,train-1.parquet#4806:2(365).jpg,0,healthy,1,0,,train
jmuben/02719.jpg,jmuben,train-1.parquet#4863:1(415).jpg,0,healthy,1,0,,train
jmuben/02720.jpg,jmuben,train-1.parquet#4897:1(2632).jpg,0,healthy,1,0,,train
jmuben/02721.jpg,jmuben,train-1.parquet#4902:2(2688).jpg,0,healthy,1,0,,train
jmuben/02724.jpg,jmuben,train-1.parquet#4920:2(3563).jpg,0,healthy,1,0,,train
jmuben/02725.jpg,jmuben,train-1.parquet#4934:1(100).jpg,0,healthy,1,0,,train
jmuben/02726.jpg,jmuben,train-1.parquet#4942:1(3371).jpg,0,healthy,1,0,,train
jmuben/02730.jpg,jmuben,train-1.parquet#5012:10(8227).jpg,0,healthy,1,0,,train
jmuben/02732.jpg,jmuben,train-1.parquet#5027:10(4654).jpg,0,healthy,1,0,,train
jmuben/02733.jpg,jmuben,train-1.parquet#5035:2(1525).jpg,0,healthy,1,0,,train
jmuben/02735.jpg,jmuben,train-1.parquet#5076:10(8732).jpg,0,healthy,1,0,,train
jmuben/02736.jpg,jmuben,train-1.parquet#5124:2(3666).jpg,0,healthy,1,0,,train
jmuben/02737.jpg,jmuben,train-1.parquet#5129:1(2921).jpg,0,healthy,1,0,,train
jmuben/02740.jpg,jmuben,train-1.parquet#5172:10(1051).jpg,0,healthy,1,0,,train
jmuben/02742.jpg,jmuben,train-1.parquet#5205:10(8765).jpg,0,healthy,1,0,,train
jmuben/02744.jpg,jmuben,train-1.parquet#5214:1(593).jpg,0,healthy,1,0,,train
jmuben/02745.jpg,jmuben,train-1.parquet#5227:10(6281).jpg,0,healthy,1,0,,train
jmuben/02746.jpg,jmuben,train-1.parquet#5231:1(439).jpg,0,healthy,1,0,,train
jmuben/02747.jpg,jmuben,train-1.parquet#5235:10(5854).jpg,0,healthy,1,0,,train
jmuben/02749.jpg,jmuben,train-1.parquet#5292:10(3703).jpg,0,healthy,1,0,,train
jmuben/02750.jpg,jmuben,train-1.parquet#5296:10(646).jpg,0,healthy,1,0,,train
jmuben/02751.jpg,jmuben,train-1.parquet#5310:2(975).jpg,0,healthy,1,0,,train
jmuben/02752.jpg,jmuben,train-1.parquet#5311:10(7193).jpg,0,healthy,1,0,,train
jmuben/02753.jpg,jmuben,train-1.parquet#5332:10(6782).jpg,0,healthy,1,0,,train
jmuben/02754.jpg,jmuben,train-1.parquet#5340:1(4699).jpg,0,healthy,1,0,,train
jmuben/02755.jpg,jmuben,train-1.parquet#5345:10(4750).jpg,0,healthy,1,0,,train
jmuben/02757.jpg,jmuben,train-1.parquet#5359:2(133).jpg,0,healthy,1,0,,train
jmuben/02759.jpg,jmuben,train-1.parquet#5414:1(614).jpg,0,healthy,1,0,,train
jmuben/02760.jpg,jmuben,train-1.parquet#5421:2(4418).jpg,0,healthy,1,0,,train
jmuben/02761.jpg,jmuben,train-1.parquet#5426:10(2846).jpg,0,healthy,1,0,,train
jmuben/02762.jpg,jmuben,train-1.parquet#5437:10(7347).jpg,0,healthy,1,0,,train
jmuben/02766.jpg,jmuben,train-1.parquet#5501:10(8724).jpg,0,healthy,1,0,,train
jmuben/02767.jpg,jmuben,train-1.parquet#5523:10(9135).jpg,0,healthy,1,0,,train
jmuben/02768.jpg,jmuben,train-1.parquet#5533:10(4770).jpg,0,healthy,1,0,,train
jmuben/02769.jpg,jmuben,train-1.parquet#5550:2(3596).jpg,0,healthy,1,0,,train
jmuben/02770.jpg,jmuben,train-1.parquet#5563:2(810).jpg,0,healthy,1,0,,train
jmuben/02772.jpg,jmuben,train-1.parquet#5568:2(2692).jpg,0,healthy,1,0,,train
jmuben/02774.jpg,jmuben,train-1.parquet#5603:10(6258).jpg,0,healthy,1,0,,train
jmuben/02777.jpg,jmuben,train-1.parquet#5676:10(7275).jpg,0,healthy,1,0,,train
jmuben/02778.jpg,jmuben,train-1.parquet#5697:1(4251).jpg,0,healthy,1,0,,train
jmuben/02780.jpg,jmuben,train-1.parquet#5714:10(4727).jpg,0,healthy,1,0,,train
jmuben/02781.jpg,jmuben,train-1.parquet#5723:2(4341).jpg,0,healthy,1,0,,train
jmuben/02782.jpg,jmuben,train-1.parquet#5725:2(3484).jpg,0,healthy,1,0,,train
jmuben/02783.jpg,jmuben,train-1.parquet#5741:1(3828).jpg,0,healthy,1,0,,train
jmuben/02784.jpg,jmuben,train-1.parquet#5764:10(3774).jpg,0,healthy,1,0,,train
jmuben/02785.jpg,jmuben,train-1.parquet#5765:1(1395).jpg,0,healthy,1,0,,train
jmuben/02786.jpg,jmuben,train-1.parquet#5772:1(264).jpg,0,healthy,1,0,,train
jmuben/02787.jpg,jmuben,train-1.parquet#5779:10(1319).jpg,0,healthy,1,0,,train
jmuben/02789.jpg,jmuben,train-1.parquet#5791:10(4818).jpg,0,healthy,1,0,,train
jmuben/02791.jpg,jmuben,train-1.parquet#5811:1(771).jpg,0,healthy,1,0,,train
jmuben/02792.jpg,jmuben,train-1.parquet#5814:10(6433).jpg,0,healthy,1,0,,train
jmuben/02793.jpg,jmuben,train-1.parquet#5834:10(5823).jpg,0,healthy,1,0,,train
jmuben/02797.jpg,jmuben,train-1.parquet#5885:10(9046).jpg,0,healthy,1,0,,train
jmuben/02799.jpg,jmuben,train-1.parquet#5888:10(1476).jpg,0,healthy,1,0,,train
jmuben/02802.jpg,jmuben,train-1.parquet#5904:2(1155).jpg,0,healthy,1,0,,train
jmuben/02803.jpg,jmuben,train-1.parquet#5924:2(3241).jpg,0,healthy,1,0,,train
jmuben/02804.jpg,jmuben,train-1.parquet#5932:1(1383).jpg,0,healthy,1,0,,train
jmuben/02806.jpg,jmuben,train-1.parquet#5956:1(1696).jpg,0,healthy,1,0,,train
jmuben/02807.jpg,jmuben,train-1.parquet#5957:10(8968).jpg,0,healthy,1,0,,train
jmuben/02808.jpg,jmuben,train-1.parquet#5977:1(2540).jpg,0,healthy,1,0,,train
jmuben/02809.jpg,jmuben,train-1.parquet#6020:10(4273).jpg,0,healthy,1,0,,train
jmuben/02810.jpg,jmuben,train-1.parquet#6021:1(1157).jpg,0,healthy,1,0,,train
jmuben/02811.jpg,jmuben,train-1.parquet#6048:10(1972).jpg,0,healthy,1,0,,train
jmuben/02812.jpg,jmuben,train-1.parquet#6056:1(675).jpg,0,healthy,1,0,,train
jmuben/02814.jpg,jmuben,train-1.parquet#6100:10(7263).jpg,0,healthy,1,0,,train
jmuben/02816.jpg,jmuben,train-1.parquet#6109:1(1291).jpg,0,healthy,1,0,,train
jmuben/02817.jpg,jmuben,train-1.parquet#6169:1(2350).jpg,0,healthy,1,0,,train
jmuben/02819.jpg,jmuben,train-1.parquet#6208:10(467).jpg,0,healthy,1,0,,train
jmuben/02820.jpg,jmuben,train-1.parquet#6214:10(5225).jpg,0,healthy,1,0,,train
jmuben/02821.jpg,jmuben,train-1.parquet#6227:10(2919).jpg,0,healthy,1,0,,train
jmuben/02822.jpg,jmuben,train-1.parquet#6232:1(1710).jpg,0,healthy,1,0,,train
jmuben/02823.jpg,jmuben,train-1.parquet#6234:2(3778).jpg,0,healthy,1,0,,train
jmuben/02824.jpg,jmuben,train-1.parquet#6235:2(1745).jpg,0,healthy,1,0,,train
jmuben/02826.jpg,jmuben,train-1.parquet#6250:10(1289).jpg,0,healthy,1,0,,train
jmuben/02827.jpg,jmuben,train-1.parquet#6260:10(4121).jpg,0,healthy,1,0,,train
jmuben/02829.jpg,jmuben,train-1.parquet#6286:10(7189).jpg,0,healthy,1,0,,train
jmuben/02830.jpg,jmuben,train-1.parquet#6290:2(2702).jpg,0,healthy,1,0,,train
jmuben/02832.jpg,jmuben,train-1.parquet#6307:10(7920).jpg,0,healthy,1,0,,train
jmuben/02833.jpg,jmuben,train-1.parquet#6325:1(3453).jpg,0,healthy,1,0,,train
jmuben/02834.jpg,jmuben,train-1.parquet#6356:1(966).jpg,0,healthy,1,0,,train
jmuben/02835.jpg,jmuben,train-1.parquet#6358:10(7536).jpg,0,healthy,1,0,,train
jmuben/02836.jpg,jmuben,train-1.parquet#6367:10(8913).jpg,0,healthy,1,0,,train
jmuben/02837.jpg,jmuben,train-1.parquet#6387:2(2094).jpg,0,healthy,1,0,,train
jmuben/02838.jpg,jmuben,train-1.parquet#6388:10(8010).jpg,0,healthy,1,0,,train
jmuben/02840.jpg,jmuben,train-1.parquet#6444:10(563).jpg,0,healthy,1,0,,train
jmuben/02843.jpg,jmuben,train-1.parquet#6460:10(3975).jpg,0,healthy,1,0,,train
jmuben/02844.jpg,jmuben,train-1.parquet#6473:10(975).jpg,0,healthy,1,0,,train
jmuben/02845.jpg,jmuben,train-1.parquet#6489:1(1028).jpg,0,healthy,1,0,,train
jmuben/02846.jpg,jmuben,train-1.parquet#6497:10(3099).jpg,0,healthy,1,0,,train
jmuben/02847.jpg,jmuben,train-1.parquet#6521:10(9247).jpg,0,healthy,1,0,,train
jmuben/02848.jpg,jmuben,train-1.parquet#6528:2(216).jpg,0,healthy,1,0,,train
jmuben/02850.jpg,jmuben,train-1.parquet#6582:1(2716).jpg,0,healthy,1,0,,train
jmuben/02852.jpg,jmuben,train-1.parquet#6595:1(4292).jpg,0,healthy,1,0,,train
jmuben/02855.jpg,jmuben,train-1.parquet#6634:1(1585).jpg,0,healthy,1,0,,train
jmuben/02856.jpg,jmuben,train-1.parquet#6697:2(304).jpg,0,healthy,1,0,,train
jmuben/02857.jpg,jmuben,train-1.parquet#6698:1(4011).jpg,0,healthy,1,0,,train
jmuben/02858.jpg,jmuben,train-1.parquet#6743:2(610).jpg,0,healthy,1,0,,train
jmuben/02859.jpg,jmuben,train-1.parquet#6760:10(8545).jpg,0,healthy,1,0,,train
jmuben/02860.jpg,jmuben,train-1.parquet#6763:10(5377).jpg,0,healthy,1,0,,train
jmuben/02861.jpg,jmuben,train-1.parquet#6777:2(4415).jpg,0,healthy,1,0,,train
jmuben/02863.jpg,jmuben,train-1.parquet#6812:10(7960).jpg,0,healthy,1,0,,train
jmuben/02864.jpg,jmuben,train-1.parquet#6826:10(165).jpg,0,healthy,1,0,,train
jmuben/02866.jpg,jmuben,train-1.parquet#6903:1(1300).jpg,0,healthy,1,0,,train
jmuben/02867.jpg,jmuben,train-1.parquet#6916:2(702).jpg,0,healthy,1,0,,train
jmuben/02869.jpg,jmuben,train-1.parquet#6964:10(5459).jpg,0,healthy,1,0,,train
jmuben/02871.jpg,jmuben,train-1.parquet#6998:1(588).jpg,0,healthy,1,0,,train
jmuben/02872.jpg,jmuben,train-1.parquet#7022:2(201).jpg,0,healthy,1,0,,train
jmuben/02873.jpg,jmuben,train-1.parquet#7027:2(1713).jpg,0,healthy,1,0,,train
jmuben/02874.jpg,jmuben,train-1.parquet#7057:1(4051).jpg,0,healthy,1,0,,train
jmuben/02875.jpg,jmuben,train-1.parquet#7062:1(2886).jpg,0,healthy,1,0,,train
jmuben/02877.jpg,jmuben,train-1.parquet#7080:1(658).jpg,0,healthy,1,0,,train
jmuben/02878.jpg,jmuben,train-1.parquet#7081:2(1986).jpg,0,healthy,1,0,,train
jmuben/02879.jpg,jmuben,train-1.parquet#7083:10(2220).jpg,0,healthy,1,0,,train
jmuben/02880.jpg,jmuben,train-1.parquet#7160:10(8338).jpg,0,healthy,1,0,,train
jmuben/02882.jpg,jmuben,train-1.parquet#7162:10(3827).jpg,0,healthy,1,0,,train
jmuben/02883.jpg,jmuben,train-1.parquet#7170:10(8046).jpg,0,healthy,1,0,,train
jmuben/02884.jpg,jmuben,train-1.parquet#7173:10(4966).jpg,0,healthy,1,0,,train
jmuben/02885.jpg,jmuben,train-1.parquet#7191:1(2994).jpg,0,healthy,1,0,,train
jmuben/02886.jpg,jmuben,train-1.parquet#7206:10(1772).jpg,0,healthy,1,0,,train
jmuben/02887.jpg,jmuben,train-1.parquet#7213:1(3239).jpg,0,healthy,1,0,,train
jmuben/02891.jpg,jmuben,train-1.parquet#7261:1(2701).jpg,0,healthy,1,0,,train
jmuben/02894.jpg,jmuben,train-1.parquet#7303:10(3523).jpg,0,healthy,1,0,,train
jmuben/02895.jpg,jmuben,train-1.parquet#7375:10(734).jpg,0,healthy,1,0,,train
jmuben/02897.jpg,jmuben,train-1.parquet#7418:10(9155).jpg,0,healthy,1,0,,train
jmuben/02898.jpg,jmuben,train-1.parquet#7423:1(1443).jpg,0,healthy,1,0,,train
jmuben/02899.jpg,jmuben,train-1.parquet#7449:10(5463).jpg,0,healthy,1,0,,train
jmuben/02900.jpg,jmuben,train-1.parquet#7450:2(942).jpg,0,healthy,1,0,,train
jmuben/02901.jpg,jmuben,train-1.parquet#7472:2(2001).jpg,0,healthy,1,0,,train
jmuben/02902.jpg,jmuben,train-1.parquet#7475:10(3333).jpg,0,healthy,1,0,,train
jmuben/02903.jpg,jmuben,train-1.parquet#7500:10(333).jpg,0,healthy,1,0,,train
jmuben/02904.jpg,jmuben,train-1.parquet#7505:2(1338).jpg,0,healthy,1,0,,train
jmuben/02906.jpg,jmuben,train-1.parquet#7510:1(1697).jpg,0,healthy,1,0,,train
jmuben/02907.jpg,jmuben,train-1.parquet#7514:1(3700).jpg,0,healthy,1,0,,train
jmuben/02908.jpg,jmuben,train-1.parquet#7545:2(4643).jpg,0,healthy,1,0,,train
jmuben/02909.jpg,jmuben,train-1.parquet#7572:10(1861).jpg,0,healthy,1,0,,train
jmuben/02910.jpg,jmuben,train-1.parquet#7573:10(8343).jpg,0,healthy,1,0,,train
jmuben/02911.jpg,jmuben,train-1.parquet#7577:2(2328).jpg,0,healthy,1,0,,train
jmuben/02912.jpg,jmuben,train-1.parquet#7589:10(7409).jpg,0,healthy,1,0,,train
jmuben/02914.jpg,jmuben,train-1.parquet#7622:10(1748).jpg,0,healthy,1,0,,train
jmuben/02917.jpg,jmuben,train-1.parquet#7637:10(3325).jpg,0,healthy,1,0,,train
jmuben/02918.jpg,jmuben,train-1.parquet#7661:2(2502).jpg,0,healthy,1,0,,train
jmuben/02919.jpg,jmuben,train-1.parquet#7668:10(2922).jpg,0,healthy,1,0,,train
jmuben/02921.jpg,jmuben,train-1.parquet#7680:10(3260).jpg,0,healthy,1,0,,train
jmuben/02922.jpg,jmuben,train-1.parquet#7684:1(4483).jpg,0,healthy,1,0,,train
jmuben/02924.jpg,jmuben,train-1.parquet#7697:1(1951).jpg,0,healthy,1,0,,train
jmuben/02927.jpg,jmuben,train-1.parquet#7812:2(3714).jpg,0,healthy,1,0,,train
jmuben/02928.jpg,jmuben,train-1.parquet#7845:10(9143).jpg,0,healthy,1,0,,train
jmuben/02929.jpg,jmuben,train-1.parquet#7868:1(1906).jpg,0,healthy,1,0,,train
jmuben/02930.jpg,jmuben,train-1.parquet#7884:2(954).jpg,0,healthy,1,0,,train
jmuben/02931.jpg,jmuben,train-1.parquet#7903:10(9456).jpg,0,healthy,1,0,,train
jmuben/02932.jpg,jmuben,train-1.parquet#7911:2(1115).jpg,0,healthy,1,0,,train
jmuben/02933.jpg,jmuben,train-1.parquet#7915:10(4213).jpg,0,healthy,1,0,,train
jmuben/02934.jpg,jmuben,train-1.parquet#7916:2(1162).jpg,0,healthy,1,0,,train
jmuben/02935.jpg,jmuben,train-1.parquet#7921:1(4335).jpg,0,healthy,1,0,,train
jmuben/02937.jpg,jmuben,train-1.parquet#7994:1(2127).jpg,0,healthy,1,0,,train
jmuben/02938.jpg,jmuben,train-1.parquet#8000:10(6941).jpg,0,healthy,1,0,,train
jmuben/02939.jpg,jmuben,train-1.parquet#8012:10(4585).jpg,0,healthy,1,0,,train
jmuben/02941.jpg,jmuben,train-1.parquet#8039:10(240).jpg,0,healthy,1,0,,train
jmuben/02942.jpg,jmuben,train-1.parquet#8072:2(974).jpg,0,healthy,1,0,,train
jmuben/02943.jpg,jmuben,train-1.parquet#8081:10(1416).jpg,0,healthy,1,0,,train
jmuben/02944.jpg,jmuben,train-1.parquet#8084:10(5906).jpg,0,healthy,1,0,,train
jmuben/02946.jpg,jmuben,train-1.parquet#8127:10(5140).jpg,0,healthy,1,0,,train
jmuben/02947.jpg,jmuben,train-1.parquet#8136:10(978).jpg,0,healthy,1,0,,train
jmuben/02948.jpg,jmuben,train-1.parquet#8138:10(8322).jpg,0,healthy,1,0,,train
jmuben/02949.jpg,jmuben,train-1.parquet#8140:2(831).jpg,0,healthy,1,0,,train
jmuben/02950.jpg,jmuben,train-1.parquet#8145:10(4028).jpg,0,healthy,1,0,,train
jmuben/02952.jpg,jmuben,train-1.parquet#8151:2(3734).jpg,0,healthy,1,0,,train
jmuben/02953.jpg,jmuben,train-1.parquet#8153:1(2873).jpg,0,healthy,1,0,,train
jmuben/02954.jpg,jmuben,train-1.parquet#8155:10(6445).jpg,0,healthy,1,0,,train
jmuben/02955.jpg,jmuben,train-1.parquet#8163:2(2575).jpg,0,healthy,1,0,,train
jmuben/02956.jpg,jmuben,train-1.parquet#8187:10(4497).jpg,0,healthy,1,0,,train
jmuben/02957.jpg,jmuben,train-1.parquet#8200:1(2936).jpg,0,healthy,1,0,,train
jmuben/02958.jpg,jmuben,train-1.parquet#8212:1(4374).jpg,0,healthy,1,0,,train
jmuben/02959.jpg,jmuben,train-1.parquet#8224:1(4724).jpg,0,healthy,1,0,,train
jmuben/02960.jpg,jmuben,train-1.parquet#8255:1(4231).jpg,0,healthy,1,0,,train
jmuben/02961.jpg,jmuben,train-1.parquet#8264:10(4317).jpg,0,healthy,1,0,,train
jmuben/02962.jpg,jmuben,train-1.parquet#8293:1(4548).jpg,0,healthy,1,0,,train
jmuben/02964.jpg,jmuben,train-1.parquet#8371:10(6392).jpg,0,healthy,1,0,,train
jmuben/02965.jpg,jmuben,train-1.parquet#8381:1(4289).jpg,0,healthy,1,0,,train
jmuben/02966.jpg,jmuben,train-1.parquet#8387:10(1007).jpg,0,healthy,1,0,,train
jmuben/02967.jpg,jmuben,train-1.parquet#8392:1(1121).jpg,0,healthy,1,0,,train
jmuben/02968.jpg,jmuben,train-1.parquet#8402:1(195).jpg,0,healthy,1,0,,train
jmuben/02969.jpg,jmuben,train-1.parquet#8410:2(489).jpg,0,healthy,1,0,,train
jmuben/02971.jpg,jmuben,train-1.parquet#8413:1(1064).jpg,0,healthy,1,0,,train
jmuben/02973.jpg,jmuben,train-1.parquet#8425:10(893).jpg,0,healthy,1,0,,train
jmuben/02975.jpg,jmuben,train-1.parquet#8436:2(870).jpg,0,healthy,1,0,,train
jmuben/02977.jpg,jmuben,train-1.parquet#8513:10(7844).jpg,0,healthy,1,0,,train
jmuben/02980.jpg,jmuben,train-1.parquet#8570:10(6613).jpg,0,healthy,1,0,,train
jmuben/02981.jpg,jmuben,train-1.parquet#8615:2(2959).jpg,0,healthy,1,0,,train
jmuben/02982.jpg,jmuben,train-1.parquet#8620:2(1363).jpg,0,healthy,1,0,,train
jmuben/02985.jpg,jmuben,train-1.parquet#8664:2(3889).jpg,0,healthy,1,0,,train
jmuben/02986.jpg,jmuben,train-1.parquet#8666:10(7110).jpg,0,healthy,1,0,,train
jmuben/02988.jpg,jmuben,train-1.parquet#8725:1(1674).jpg,0,healthy,1,0,,train
jmuben/02989.jpg,jmuben,train-1.parquet#8748:10(8089).jpg,0,healthy,1,0,,train
jmuben/02990.jpg,jmuben,train-1.parquet#8763:10(7393).jpg,0,healthy,1,0,,train
jmuben/02991.jpg,jmuben,train-1.parquet#8769:10(7669).jpg,0,healthy,1,0,,train
jmuben/02994.jpg,jmuben,train-1.parquet#8792:10(2892).jpg,0,healthy,1,0,,train
jmuben/02995.jpg,jmuben,train-1.parquet#8810:2(3036).jpg,0,healthy,1,0,,train
jmuben/02996.jpg,jmuben,train-1.parquet#8823:1(2222).jpg,0,healthy,1,0,,train
jmuben/02997.jpg,jmuben,train-1.parquet#8848:2(3870).jpg,0,healthy,1,0,,train
jmuben/02998.jpg,jmuben,train-1.parquet#8879:10(8565).jpg,0,healthy,1,0,,train
jmuben/02999.jpg,jmuben,train-1.parquet#8881:10(2168).jpg,0,healthy,1,0,,train
jmuben/03000.jpg,jmuben,train-1.parquet#8895:10(4116).jpg,0,healthy,1,0,,train
jmuben/03002.jpg,jmuben,train-1.parquet#8936:2(630).jpg,0,healthy,1,0,,train
jmuben/03003.jpg,jmuben,train-1.parquet#8946:10(2703).jpg,0,healthy,1,0,,train
jmuben/03004.jpg,jmuben,train-1.parquet#8956:2(2220).jpg,0,healthy,1,0,,train
jmuben/03005.jpg,jmuben,train-1.parquet#8965:10(3542).jpg,0,healthy,1,0,,train
jmuben/03006.jpg,jmuben,train-1.parquet#8979:1(3171).jpg,0,healthy,1,0,,train
jmuben/03008.jpg,jmuben,train-1.parquet#8983:10(5880).jpg,0,healthy,1,0,,train
jmuben/03010.jpg,jmuben,train-1.parquet#9000:1(3872).jpg,0,healthy,1,0,,train
jmuben/03011.jpg,jmuben,train-1.parquet#9027:10(3684).jpg,0,healthy,1,0,,train
jmuben/03012.jpg,jmuben,train-1.parquet#9063:2(4527).jpg,0,healthy,1,0,,train
jmuben/03013.jpg,jmuben,train-1.parquet#9064:1(4572).jpg,0,healthy,1,0,,train
jmuben/03015.jpg,jmuben,train-1.parquet#9108:1(4623).jpg,0,healthy,1,0,,train
jmuben/03017.jpg,jmuben,train-1.parquet#9121:1(1972).jpg,0,healthy,1,0,,train
jmuben/03018.jpg,jmuben,train-1.parquet#9143:10(2794).jpg,0,healthy,1,0,,train
jmuben/03020.jpg,jmuben,train-1.parquet#9184:10(2517).jpg,0,healthy,1,0,,train
jmuben/03021.jpg,jmuben,train-1.parquet#9185:2(2937).jpg,0,healthy,1,0,,train
jmuben/03023.jpg,jmuben,train-1.parquet#9205:10(3306).jpg,0,healthy,1,0,,train
jmuben/03024.jpg,jmuben,train-1.parquet#9211:1(3735).jpg,0,healthy,1,0,,train
jmuben/03025.jpg,jmuben,train-1.parquet#9212:1(753).jpg,0,healthy,1,0,,train
jmuben/03026.jpg,jmuben,train-1.parquet#9220:1(3365).jpg,0,healthy,1,0,,train
jmuben/03027.jpg,jmuben,train-1.parquet#9227:2(2171).jpg,0,healthy,1,0,,train
jmuben/03029.jpg,jmuben,train-1.parquet#9245:10(5513).jpg,0,healthy,1,0,,train
jmuben/03030.jpg,jmuben,train-1.parquet#9247:10(8321).jpg,0,healthy,1,0,,train
jmuben/03032.jpg,jmuben,train-1.parquet#9300:10(2239).jpg,0,healthy,1,0,,train
jmuben/03035.jpg,jmuben,train-1.parquet#9362:1(354).jpg,0,healthy,1,0,,train
jmuben/03036.jpg,jmuben,train-1.parquet#9384:2(127).jpg,0,healthy,1,0,,train
jmuben/03037.jpg,jmuben,train-1.parquet#9415:2(2649).jpg,0,healthy,1,0,,train
jmuben/03038.jpg,jmuben,train-1.parquet#9423:2(2219).jpg,0,healthy,1,0,,train
jmuben/03039.jpg,jmuben,train-1.parquet#9432:10(5440).jpg,0,healthy,1,0,,train
jmuben/03040.jpg,jmuben,train-1.parquet#9438:10(8272).jpg,0,healthy,1,0,,train
jmuben/03041.jpg,jmuben,train-1.parquet#9451:2(598).jpg,0,healthy,1,0,,train
jmuben/03042.jpg,jmuben,train-1.parquet#9537:10(890).jpg,0,healthy,1,0,,train
jmuben/03043.jpg,jmuben,train-1.parquet#9547:10(8360).jpg,0,healthy,1,0,,train
jmuben/03044.jpg,jmuben,train-1.parquet#9554:10(1511).jpg,0,healthy,1,0,,train
jmuben/03046.jpg,jmuben,train-1.parquet#9596:10(4206).jpg,0,healthy,1,0,,train
jmuben/03047.jpg,jmuben,train-1.parquet#9674:10(740).jpg,0,healthy,1,0,,train
jmuben/03049.jpg,jmuben,train-1.parquet#9688:10(6610).jpg,0,healthy,1,0,,train
jmuben/03050.jpg,jmuben,train-1.parquet#9692:10(4787).jpg,0,healthy,1,0,,train
jmuben/03051.jpg,jmuben,train-1.parquet#9705:2(2370).jpg,0,healthy,1,0,,train
jmuben/03052.jpg,jmuben,train-1.parquet#9716:10(1993).jpg,0,healthy,1,0,,train
jmuben/03053.jpg,jmuben,train-1.parquet#9767:1(1335).jpg,0,healthy,1,0,,train
jmuben/03054.jpg,jmuben,train-1.parquet#9771:1(4137).jpg,0,healthy,1,0,,train
jmuben/03055.jpg,jmuben,train-1.parquet#9779:10(3384).jpg,0,healthy,1,0,,train
jmuben/03056.jpg,jmuben,train-1.parquet#9804:1(381).jpg,0,healthy,1,0,,train
jmuben/03057.jpg,jmuben,train-1.parquet#9805:1(4422).jpg,0,healthy,1,0,,train
jmuben/03058.jpg,jmuben,train-1.parquet#9838:10(1881).jpg,0,healthy,1,0,,train
jmuben/03061.jpg,jmuben,train-1.parquet#9915:10(4416).jpg,0,healthy,1,0,,train
jmuben/03062.jpg,jmuben,train-1.parquet#9935:10(2468).jpg,0,healthy,1,0,,train
jmuben/03066.jpg,jmuben,train-1.parquet#9995:10(2242).jpg,0,healthy,1,0,,train
jmuben/03067.jpg,jmuben,train-1.parquet#10035:10(3516).jpg,0,healthy,1,0,,train
jmuben/03068.jpg,jmuben,train-1.parquet#10057:2(799).jpg,0,healthy,1,0,,train
jmuben/03070.jpg,jmuben,train-1.parquet#10094:2(4436).jpg,0,healthy,1,0,,train
jmuben/03071.jpg,jmuben,train-1.parquet#10102:1(4199).jpg,0,healthy,1,0,,train
jmuben/03072.jpg,jmuben,train-1.parquet#10113:10(8566).jpg,0,healthy,1,0,,train
jmuben/03073.jpg,jmuben,train-1.parquet#10128:10(2645).jpg,0,healthy,1,0,,train
jmuben/03074.jpg,jmuben,train-1.parquet#10132:10(8248).jpg,0,healthy,1,0,,train
jmuben/03076.jpg,jmuben,train-1.parquet#10163:1(4208).jpg,0,healthy,1,0,,train
jmuben/03077.jpg,jmuben,train-1.parquet#10165:2(3598).jpg,0,healthy,1,0,,train
jmuben/03078.jpg,jmuben,train-1.parquet#10184:10(957).jpg,0,healthy,1,0,,train
jmuben/03079.jpg,jmuben,train-1.parquet#10227:10(2583).jpg,0,healthy,1,0,,train
jmuben/03080.jpg,jmuben,train-1.parquet#10240:10(7294).jpg,0,healthy,1,0,,train
jmuben/03081.jpg,jmuben,train-1.parquet#10248:2(4461).jpg,0,healthy,1,0,,train
jmuben/03082.jpg,jmuben,train-1.parquet#10250:10(1710).jpg,0,healthy,1,0,,train
jmuben/03083.jpg,jmuben,train-1.parquet#10285:10(4565).jpg,0,healthy,1,0,,train
jmuben/03084.jpg,jmuben,train-1.parquet#10301:10(4973).jpg,0,healthy,1,0,,train
jmuben/03085.jpg,jmuben,train-1.parquet#10347:10(5548).jpg,0,healthy,1,0,,train
jmuben/03086.jpg,jmuben,train-1.parquet#10354:2(1478).jpg,0,healthy,1,0,,train
jmuben/03090.jpg,jmuben,train-1.parquet#10438:10(8842).jpg,0,healthy,1,0,,train
jmuben/03091.jpg,jmuben,train-1.parquet#10446:2(4504).jpg,0,healthy,1,0,,train
jmuben/03093.jpg,jmuben,train-1.parquet#10470:10(8454).jpg,0,healthy,1,0,,train
jmuben/03094.jpg,jmuben,train-1.parquet#10485:2(1585).jpg,0,healthy,1,0,,train
jmuben/03095.jpg,jmuben,train-1.parquet#10507:1(1929).jpg,0,healthy,1,0,,train
jmuben/03097.jpg,jmuben,train-1.parquet#10531:2(2346).jpg,0,healthy,1,0,,train
jmuben/03098.jpg,jmuben,train-1.parquet#10551:2(4292).jpg,0,healthy,1,0,,train
jmuben/03100.jpg,jmuben,train-1.parquet#10580:10(9316).jpg,0,healthy,1,0,,train
jmuben/03102.jpg,jmuben,train-1.parquet#10589:10(8157).jpg,0,healthy,1,0,,train
jmuben/03103.jpg,jmuben,train-1.parquet#10597:10(5335).jpg,0,healthy,1,0,,train
jmuben/03105.jpg,jmuben,train-1.parquet#10679:2(4284).jpg,0,healthy,1,0,,train
jmuben/03107.jpg,jmuben,train-1.parquet#10720:1(2978).jpg,0,healthy,1,0,,train
jmuben/03111.jpg,jmuben,train-1.parquet#10801:1(2647).jpg,0,healthy,1,0,,train
jmuben/03114.jpg,jmuben,train-1.parquet#10836:1(3113).jpg,0,healthy,1,0,,train
jmuben/03115.jpg,jmuben,train-1.parquet#10850:1(3543).jpg,0,healthy,1,0,,train
jmuben/03116.jpg,jmuben,train-1.parquet#10854:2(3516).jpg,0,healthy,1,0,,train
jmuben/03117.jpg,jmuben,train-1.parquet#10892:10(8194).jpg,0,healthy,1,0,,train
jmuben/03118.jpg,jmuben,train-1.parquet#10909:10(6866).jpg,0,healthy,1,0,,train
jmuben/03119.jpg,jmuben,train-1.parquet#10910:2(2405).jpg,0,healthy,1,0,,train
jmuben/03122.jpg,jmuben,train-1.parquet#10945:2(941).jpg,0,healthy,1,0,,train
jmuben/03123.jpg,jmuben,train-1.parquet#10958:10(5899).jpg,0,healthy,1,0,,train
jmuben/03124.jpg,jmuben,train-1.parquet#10987:2(557).jpg,0,healthy,1,0,,train
jmuben/03125.jpg,jmuben,train-1.parquet#11008:1(3884).jpg,0,healthy,1,0,,train
jmuben/03127.jpg,jmuben,train-1.parquet#11042:1(3703).jpg,0,healthy,1,0,,train
jmuben/03128.jpg,jmuben,train-1.parquet#11048:10(9228).jpg,0,healthy,1,0,,train
jmuben/03129.jpg,jmuben,train-1.parquet#11072:1(4183).jpg,0,healthy,1,0,,train
jmuben/03131.jpg,jmuben,train-1.parquet#11131:2(1911).jpg,0,healthy,1,0,,train
jmuben/03132.jpg,jmuben,train-1.parquet#11183:1(1378).jpg,0,healthy,1,0,,train
jmuben/03133.jpg,jmuben,train-1.parquet#11186:10(2022).jpg,0,healthy,1,0,,train
jmuben/03136.jpg,jmuben,train-1.parquet#11217:1(3650).jpg,0,healthy,1,0,,train
jmuben/03139.jpg,jmuben,train-1.parquet#11235:10(3326).jpg,0,healthy,1,0,,train
jmuben/03140.jpg,jmuben,train-1.parquet#11274:1(42).jpg,0,healthy,1,0,,train
jmuben/03141.jpg,jmuben,train-1.parquet#11276:1(4253).jpg,0,healthy,1,0,,train
jmuben/03142.jpg,jmuben,train-1.parquet#11315:10(4908).jpg,0,healthy,1,0,,train
jmuben/03144.jpg,jmuben,train-1.parquet#11328:2(4482).jpg,0,healthy,1,0,,train
jmuben/03146.jpg,jmuben,train-1.parquet#11369:10(2833).jpg,0,healthy,1,0,,train
jmuben/03148.jpg,jmuben,train-1.parquet#11380:1(2915).jpg,0,healthy,1,0,,train
jmuben/03149.jpg,jmuben,train-1.parquet#11392:10(9005).jpg,0,healthy,1,0,,train
jmuben/03151.jpg,jmuben,train-1.parquet#11396:10(3408).jpg,0,healthy,1,0,,train
jmuben/03153.jpg,jmuben,train-1.parquet#11423:10(2649).jpg,0,healthy,1,0,,train
jmuben/03154.jpg,jmuben,train-1.parquet#11450:2(541).jpg,0,healthy,1,0,,train
jmuben/03155.jpg,jmuben,train-1.parquet#11476:10(5924).jpg,0,healthy,1,0,,train
jmuben/03156.jpg,jmuben,train-1.parquet#11508:1(1904).jpg,0,healthy,1,0,,train
jmuben/03159.jpg,jmuben,train-1.parquet#11533:1(14).jpg,0,healthy,1,0,,train
jmuben/03161.jpg,jmuben,train-1.parquet#11541:10(8029).jpg,0,healthy,1,0,,train
jmuben/03162.jpg,jmuben,train-1.parquet#11547:10(8479).jpg,0,healthy,1,0,,train
jmuben/03163.jpg,jmuben,train-1.parquet#11554:2(3346).jpg,0,healthy,1,0,,train
jmuben/03164.jpg,jmuben,train-1.parquet#11565:1(725).jpg,0,healthy,1,0,,train
jmuben/03165.jpg,jmuben,train-1.parquet#11570:2(3716).jpg,0,healthy,1,0,,train
jmuben/03166.jpg,jmuben,train-1.parquet#11573:2(669).jpg,0,healthy,1,0,,train
jmuben/03167.jpg,jmuben,train-1.parquet#11606:10(7763).jpg,0,healthy,1,0,,train
jmuben/03168.jpg,jmuben,train-1.parquet#11624:10(5070).jpg,0,healthy,1,0,,train
jmuben/03169.jpg,jmuben,train-1.parquet#11625:1(3981).jpg,0,healthy,1,0,,train
jmuben/03170.jpg,jmuben,train-1.parquet#11652:2(147).jpg,0,healthy,1,0,,train
jmuben/03175.jpg,jmuben,train-1.parquet#11757:1(3201).jpg,0,healthy,1,0,,train
jmuben/03176.jpg,jmuben,train-1.parquet#11774:10(7958).jpg,0,healthy,1,0,,train
jmuben/03178.jpg,jmuben,train-1.parquet#11790:1(2685).jpg,0,healthy,1,0,,train
jmuben/03179.jpg,jmuben,train-1.parquet#11799:10(5436).jpg,0,healthy,1,0,,train
jmuben/03181.jpg,jmuben,train-1.parquet#11849:10(8438).jpg,0,healthy,1,0,,train
jmuben/03182.jpg,jmuben,train-1.parquet#11850:2(3307).jpg,0,healthy,1,0,,train
jmuben/03183.jpg,jmuben,train-1.parquet#11852:1(334).jpg,0,healthy,1,0,,train
jmuben/03184.jpg,jmuben,train-1.parquet#11876:10(9229).jpg,0,healthy,1,0,,train
jmuben/03185.jpg,jmuben,train-1.parquet#11896:2(297).jpg,0,healthy,1,0,,train
jmuben/03186.jpg,jmuben,train-1.parquet#11910:2(2003).jpg,0,healthy,1,0,,train
jmuben/03187.jpg,jmuben,train-1.parquet#11918:1(1857).jpg,0,healthy,1,0,,train
jmuben/03188.jpg,jmuben,train-1.parquet#11925:10(5031).jpg,0,healthy,1,0,,train
jmuben/03189.jpg,jmuben,train-1.parquet#11926:2(3995).jpg,0,healthy,1,0,,train
jmuben/03190.jpg,jmuben,train-1.parquet#11970:2(1414).jpg,0,healthy,1,0,,train
jmuben/03191.jpg,jmuben,train-1.parquet#11973:10(8316).jpg,0,healthy,1,0,,train
jmuben/03192.jpg,jmuben,train-1.parquet#11998:10(736).jpg,0,healthy,1,0,,train
jmuben/03194.jpg,jmuben,train-1.parquet#12042:2(1678).jpg,0,healthy,1,0,,train
jmuben/03196.jpg,jmuben,train-1.parquet#12072:2(3002).jpg,0,healthy,1,0,,train
jmuben/03197.jpg,jmuben,train-1.parquet#12094:1(2646).jpg,0,healthy,1,0,,train
jmuben/03198.jpg,jmuben,train-1.parquet#12138:10(5949).jpg,0,healthy,1,0,,train
jmuben/03200.jpg,jmuben,train-1.parquet#12177:2(3794).jpg,0,healthy,1,0,,train
jmuben/03201.jpg,jmuben,train-1.parquet#12183:2(3281).jpg,0,healthy,1,0,,train
jmuben/03202.jpg,jmuben,train-1.parquet#12246:1(3450).jpg,0,healthy,1,0,,train
jmuben/03203.jpg,jmuben,train-1.parquet#12252:2(3055).jpg,0,healthy,1,0,,train
jmuben/03205.jpg,jmuben,train-1.parquet#12288:10(2672).jpg,0,healthy,1,0,,train
jmuben/03207.jpg,jmuben,train-1.parquet#12335:10(4933).jpg,0,healthy,1,0,,train
jmuben/03208.jpg,jmuben,train-1.parquet#12361:1(4546).jpg,0,healthy,1,0,,train
jmuben/03209.jpg,jmuben,train-1.parquet#12368:1(4229).jpg,0,healthy,1,0,,train
jmuben/03210.jpg,jmuben,train-1.parquet#12375:10(6298).jpg,0,healthy,1,0,,train
jmuben/03211.jpg,jmuben,train-1.parquet#12377:10(6762).jpg,0,healthy,1,0,,train
jmuben/03215.jpg,jmuben,train-1.parquet#12423:1(135).jpg,0,healthy,1,0,,train
jmuben/03217.jpg,jmuben,train-1.parquet#12485:2(4505).jpg,0,healthy,1,0,,train
jmuben/03219.jpg,jmuben,train-1.parquet#12513:10(4925).jpg,0,healthy,1,0,,train
jmuben/03221.jpg,jmuben,train-1.parquet#12555:10(3472).jpg,0,healthy,1,0,,train
jmuben/03223.jpg,jmuben,train-1.parquet#12595:1(4012).jpg,0,healthy,1,0,,train
jmuben/03225.jpg,jmuben,train-1.parquet#12619:2(2193).jpg,0,healthy,1,0,,train
jmuben/03227.jpg,jmuben,train-1.parquet#12640:2(2486).jpg,0,healthy,1,0,,train
jmuben/03228.jpg,jmuben,train-1.parquet#12656:1(1705).jpg,0,healthy,1,0,,train
jmuben/03229.jpg,jmuben,train-1.parquet#12658:10(1623).jpg,0,healthy,1,0,,train
jmuben/03230.jpg,jmuben,train-1.parquet#12681:1(4120).jpg,0,healthy,1,0,,train
jmuben/03231.jpg,jmuben,train-1.parquet#12692:10(8475).jpg,0,healthy,1,0,,train
jmuben/03233.jpg,jmuben,train-1.parquet#12698:10(4905).jpg,0,healthy,1,0,,train
jmuben/03234.jpg,jmuben,train-1.parquet#12719:10(9321).jpg,0,healthy,1,0,,train
jmuben/03235.jpg,jmuben,train-1.parquet#12728:10(6484).jpg,0,healthy,1,0,,train
jmuben/03236.jpg,jmuben,train-1.parquet#12744:10(2644).jpg,0,healthy,1,0,,train
jmuben/03238.jpg,jmuben,train-1.parquet#12780:10(6312).jpg,0,healthy,1,0,,train
jmuben/03239.jpg,jmuben,train-1.parquet#12794:10(3813).jpg,0,healthy,1,0,,train
jmuben/03240.jpg,jmuben,train-1.parquet#12795:1(3935).jpg,0,healthy,1,0,,train
jmuben/03241.jpg,jmuben,train-1.parquet#12803:10(2351).jpg,0,healthy,1,0,,train
jmuben/03242.jpg,jmuben,train-1.parquet#12820:10(9399).jpg,0,healthy,1,0,,train
jmuben/03243.jpg,jmuben,train-1.parquet#12823:10(2886).jpg,0,healthy,1,0,,train
jmuben/03245.jpg,jmuben,train-1.parquet#12844:10(9233).jpg,0,healthy,1,0,,train
jmuben/03246.jpg,jmuben,train-1.parquet#12877:10(6980).jpg,0,healthy,1,0,,train
jmuben/03247.jpg,jmuben,train-1.parquet#12886:1(3574).jpg,0,healthy,1,0,,train
jmuben/03248.jpg,jmuben,train-1.parquet#12893:2(3521).jpg,0,healthy,1,0,,train
jmuben/03250.jpg,jmuben,train-1.parquet#12925:1(2670).jpg,0,healthy,1,0,,train
jmuben/03251.jpg,jmuben,train-1.parquet#12928:2(2625).jpg,0,healthy,1,0,,train
jmuben/03252.jpg,jmuben,train-1.parquet#12949:2(3034).jpg,0,healthy,1,0,,train
jmuben/03254.jpg,jmuben,train-1.parquet#12961:1(1733).jpg,0,healthy,1,0,,train
jmuben/03255.jpg,jmuben,train-1.parquet#12977:10(4047).jpg,0,healthy,1,0,,train
jmuben/03256.jpg,jmuben,train-1.parquet#12978:10(2890).jpg,0,healthy,1,0,,train
jmuben/03257.jpg,jmuben,train-1.parquet#12980:10(8434).jpg,0,healthy,1,0,,train
jmuben/03258.jpg,jmuben,train-1.parquet#12982:10(5206).jpg,0,healthy,1,0,,train
jmuben/03259.jpg,jmuben,train-1.parquet#12991:10(2486).jpg,0,healthy,1,0,,train
jmuben/03262.jpg,jmuben,train-1.parquet#13047:10(6216).jpg,0,healthy,1,0,,train
jmuben/03263.jpg,jmuben,train-1.parquet#13075:1(3077).jpg,0,healthy,1,0,,train
jmuben/03264.jpg,jmuben,train-1.parquet#13093:10(917).jpg,0,healthy,1,0,,train
jmuben/03266.jpg,jmuben,train-1.parquet#13120:10(8930).jpg,0,healthy,1,0,,train
jmuben/03267.jpg,jmuben,train-1.parquet#13123:1(695).jpg,0,healthy,1,0,,train
jmuben/03268.jpg,jmuben,train-1.parquet#13127:1(3759).jpg,0,healthy,1,0,,train
jmuben/03269.jpg,jmuben,train-1.parquet#13129:10(3385).jpg,0,healthy,1,0,,train
jmuben/03270.jpg,jmuben,train-1.parquet#13164:2(3649).jpg,0,healthy,1,0,,train
jmuben/03271.jpg,jmuben,train-1.parquet#13197:1(2324).jpg,0,healthy,1,0,,train
jmuben/03272.jpg,jmuben,train-1.parquet#13207:1(800).jpg,0,healthy,1,0,,train
jmuben/03273.jpg,jmuben,train-1.parquet#13241:2(1048).jpg,0,healthy,1,0,,train
jmuben/03274.jpg,jmuben,train-1.parquet#13244:10(6304).jpg,0,healthy,1,0,,train
jmuben/03275.jpg,jmuben,train-1.parquet#13258:2(3632).jpg,0,healthy,1,0,,train
jmuben/03276.jpg,jmuben,train-1.parquet#13263:10(1286).jpg,0,healthy,1,0,,train
jmuben/03277.jpg,jmuben,train-1.parquet#13276:2(2023).jpg,0,healthy,1,0,,train
jmuben/03278.jpg,jmuben,train-1.parquet#13293:2(3327).jpg,0,healthy,1,0,,train
jmuben/03279.jpg,jmuben,train-1.parquet#13328:10(1843).jpg,0,healthy,1,0,,train
jmuben/03280.jpg,jmuben,train-1.parquet#13333:1(1436).jpg,0,healthy,1,0,,train
jmuben/03281.jpg,jmuben,train-1.parquet#13341:1(197).jpg,0,healthy,1,0,,train
jmuben/03283.jpg,jmuben,train-1.parquet#13358:1(1089).jpg,0,healthy,1,0,,train
jmuben/03285.jpg,jmuben,train-1.parquet#13402:10(5768).jpg,0,healthy,1,0,,train
jmuben/03286.jpg,jmuben,train-1.parquet#13416:10(3716).jpg,0,healthy,1,0,,train
jmuben/03291.jpg,jmuben,train-1.parquet#13526:2(599).jpg,0,healthy,1,0,,train
jmuben/03292.jpg,jmuben,train-1.parquet#13527:10(9198).jpg,0,healthy,1,0,,train
jmuben/03294.jpg,jmuben,train-1.parquet#13576:2(2062).jpg,0,healthy,1,0,,train
jmuben/03295.jpg,jmuben,train-1.parquet#13583:10(2404).jpg,0,healthy,1,0,,train
jmuben/03296.jpg,jmuben,train-1.parquet#13584:10(7256).jpg,0,healthy,1,0,,train
jmuben/03298.jpg,jmuben,train-1.parquet#13617:10(2687).jpg,0,healthy,1,0,,train
jmuben/03299.jpg,jmuben,train-1.parquet#13625:1(1924).jpg,0,healthy,1,0,,train
jmuben/03300.jpg,jmuben,train-1.parquet#13642:2(1072).jpg,0,healthy,1,0,,train
jmuben/03301.jpg,jmuben,train-1.parquet#13645:10(1101).jpg,0,healthy,1,0,,train
jmuben/03302.jpg,jmuben,train-1.parquet#13653:2(425).jpg,0,healthy,1,0,,train
jmuben/03303.jpg,jmuben,train-1.parquet#13666:1(4360).jpg,0,healthy,1,0,,train
jmuben/03306.jpg,jmuben,train-1.parquet#13712:1(2963).jpg,0,healthy,1,0,,train
jmuben/03307.jpg,jmuben,train-1.parquet#13737:2(3761).jpg,0,healthy,1,0,,train
jmuben/03310.jpg,jmuben,train-1.parquet#13802:2(1863).jpg,0,healthy,1,0,,train
jmuben/03312.jpg,jmuben,train-1.parquet#13919:10(3160).jpg,0,healthy,1,0,,train
jmuben/03313.jpg,jmuben,train-1.parquet#13923:10(9097).jpg,0,healthy,1,0,,train
jmuben/03315.jpg,jmuben,train-1.parquet#13937:2(2602).jpg,0,healthy,1,0,,train
jmuben/03316.jpg,jmuben,train-1.parquet#13941:1(1978).jpg,0,healthy,1,0,,train
jmuben/03317.jpg,jmuben,train-1.parquet#13959:10(863).jpg,0,healthy,1,0,,train
jmuben/03318.jpg,jmuben,train-1.parquet#13998:10(1736).jpg,0,healthy,1,0,,train
jmuben/03319.jpg,jmuben,train-1.parquet#14034:10(5630).jpg,0,healthy,1,0,,train
jmuben/03322.jpg,jmuben,train-1.parquet#14113:1(3154).jpg,0,healthy,1,0,,train
jmuben/03323.jpg,jmuben,train-1.parquet#14126:2(2710).jpg,0,healthy,1,0,,train
jmuben/03324.jpg,jmuben,train-1.parquet#14160:10(8852).jpg,0,healthy,1,0,,train
jmuben/03326.jpg,jmuben,train-1.parquet#14201:10(6909).jpg,0,healthy,1,0,,train
jmuben/03327.jpg,jmuben,train-1.parquet#14205:10(5276).jpg,0,healthy,1,0,,train
jmuben/03329.jpg,jmuben,train-1.parquet#14220:10(3121).jpg,0,healthy,1,0,,train
jmuben/03331.jpg,jmuben,train-1.parquet#14234:10(3822).jpg,0,healthy,1,0,,train
jmuben/03332.jpg,jmuben,train-1.parquet#14277:1(4687).jpg,0,healthy,1,0,,train
jmuben/03336.jpg,jmuben,train-1.parquet#14337:1(3729).jpg,0,healthy,1,0,,train
jmuben/03337.jpg,jmuben,train-1.parquet#14378:10(4349).jpg,0,healthy,1,0,,train
jmuben/03340.jpg,jmuben,train-1.parquet#14398:1(489).jpg,0,healthy,1,0,,train
jmuben/03341.jpg,jmuben,train-1.parquet#14416:1(1578).jpg,0,healthy,1,0,,train
jmuben/03342.jpg,jmuben,train-1.parquet#14426:10(875).jpg,0,healthy,1,0,,train
jmuben/03345.jpg,jmuben,train-1.parquet#14439:10(8192).jpg,0,healthy,1,0,,train
jmuben/03346.jpg,jmuben,train-1.parquet#14452:1(3752).jpg,0,healthy,1,0,,train
jmuben/03347.jpg,jmuben,train-1.parquet#14476:10(1219).jpg,0,healthy,1,0,,train
jmuben/03349.jpg,jmuben,train-1.parquet#14514:10(8487).jpg,0,healthy,1,0,,train
jmuben/03350.jpg,jmuben,train-1.parquet#14541:10(8254).jpg,0,healthy,1,0,,train
jmuben/03351.jpg,jmuben,train-1.parquet#14548:2(2680).jpg,0,healthy,1,0,,train
jmuben/03352.jpg,jmuben,train-1.parquet#14618:10(2032).jpg,0,healthy,1,0,,train
jmuben/03353.jpg,jmuben,train-1.parquet#14625:10(6837).jpg,0,healthy,1,0,,train
jmuben/03354.jpg,jmuben,train-2.parquet#0:1(276).jpg,0,healthy,1,0,,train
jmuben/03355.jpg,jmuben,train-2.parquet#9:10(3336).jpg,0,healthy,1,0,,train
jmuben/03358.jpg,jmuben,train-2.parquet#25:10(2874).jpg,0,healthy,1,0,,train
jmuben/03359.jpg,jmuben,train-2.parquet#39:2(2287).jpg,0,healthy,1,0,,train
jmuben/03362.jpg,jmuben,train-2.parquet#55:10(1022).jpg,0,healthy,1,0,,train
jmuben/03363.jpg,jmuben,train-2.parquet#56:1(4306).jpg,0,healthy,1,0,,train
jmuben/03364.jpg,jmuben,train-2.parquet#58:2(4353).jpg,0,healthy,1,0,,train
jmuben/03365.jpg,jmuben,train-2.parquet#61:10(1537).jpg,0,healthy,1,0,,train
jmuben/03366.jpg,jmuben,train-2.parquet#62:2(506).jpg,0,healthy,1,0,,train
jmuben/03367.jpg,jmuben,train-2.parquet#65:2(3183).jpg,0,healthy,1,0,,train
jmuben/03368.jpg,jmuben,train-2.parquet#77:1(52).jpg,0,healthy,1,0,,train
jmuben/03369.jpg,jmuben,train-2.parquet#87:10(5124).jpg,0,healthy,1,0,,train
jmuben/03370.jpg,jmuben,train-2.parquet#93:10(8346).jpg,0,healthy,1,0,,train
jmuben/03371.jpg,jmuben,train-2.parquet#129:2(3316).jpg,0,healthy,1,0,,train
jmuben/03373.jpg,jmuben,train-2.parquet#156:10(3320).jpg,0,healthy,1,0,,train
jmuben/03374.jpg,jmuben,train-2.parquet#166:10(7699).jpg,0,healthy,1,0,,train
jmuben/03376.jpg,jmuben,train-2.parquet#181:10(1034).jpg,0,healthy,1,0,,train
jmuben/03378.jpg,jmuben,train-2.parquet#235:1(3590).jpg,0,healthy,1,0,,train
jmuben/03379.jpg,jmuben,train-2.parquet#277:2(2550).jpg,0,healthy,1,0,,train
jmuben/03386.jpg,jmuben,train-2.parquet#355:10(4261).jpg,0,healthy,1,0,,train
jmuben/03387.jpg,jmuben,train-2.parquet#363:10(9146).jpg,0,healthy,1,0,,train
jmuben/03388.jpg,jmuben,train-2.parquet#380:2(117).jpg,0,healthy,1,0,,train
jmuben/03390.jpg,jmuben,train-2.parquet#421:2(4220).jpg,0,healthy,1,0,,train
jmuben/03392.jpg,jmuben,train-2.parquet#496:10(6102).jpg,0,healthy,1,0,,train
jmuben/03393.jpg,jmuben,train-2.parquet#509:10(6801).jpg,0,healthy,1,0,,train
jmuben/03396.jpg,jmuben,train-2.parquet#540:10(1782).jpg,0,healthy,1,0,,train
jmuben/03398.jpg,jmuben,train-2.parquet#600:1(997).jpg,0,healthy,1,0,,train
jmuben/03399.jpg,jmuben,train-2.parquet#603:1(1866).jpg,0,healthy,1,0,,train
jmuben/03400.jpg,jmuben,train-2.parquet#606:10(5450).jpg,0,healthy,1,0,,train
jmuben/03402.jpg,jmuben,train-2.parquet#610:10(7197).jpg,0,healthy,1,0,,train
jmuben/03403.jpg,jmuben,train-2.parquet#616:10(5903).jpg,0,healthy,1,0,,train
jmuben/03404.jpg,jmuben,train-2.parquet#624:1(3158).jpg,0,healthy,1,0,,train
jmuben/03405.jpg,jmuben,train-2.parquet#641:10(2546).jpg,0,healthy,1,0,,train
jmuben/03407.jpg,jmuben,train-2.parquet#671:10(3707).jpg,0,healthy,1,0,,train
jmuben/03408.jpg,jmuben,train-2.parquet#689:1(702).jpg,0,healthy,1,0,,train
jmuben/03409.jpg,jmuben,train-2.parquet#698:10(4884).jpg,0,healthy,1,0,,train
jmuben/03410.jpg,jmuben,train-2.parquet#713:10(5153).jpg,0,healthy,1,0,,train
jmuben/03412.jpg,jmuben,train-2.parquet#779:2(3398).jpg,0,healthy,1,0,,train
jmuben/03414.jpg,jmuben,train-2.parquet#818:10(4892).jpg,0,healthy,1,0,,train
jmuben/03415.jpg,jmuben,train-2.parquet#824:10(8018).jpg,0,healthy,1,0,,train
jmuben/03416.jpg,jmuben,train-2.parquet#834:10(9259).jpg,0,healthy,1,0,,train
jmuben/03417.jpg,jmuben,train-2.parquet#835:2(4518).jpg,0,healthy,1,0,,train
jmuben/03418.jpg,jmuben,train-2.parquet#839:10(1669).jpg,0,healthy,1,0,,train
jmuben/03421.jpg,jmuben,train-2.parquet#884:10(3879).jpg,0,healthy,1,0,,train
jmuben/03423.jpg,jmuben,train-2.parquet#915:1(3549).jpg,0,healthy,1,0,,train
jmuben/03424.jpg,jmuben,train-2.parquet#943:2(62).jpg,0,healthy,1,0,,train
jmuben/03425.jpg,jmuben,train-2.parquet#988:10(59).jpg,0,healthy,1,0,,train
jmuben/03427.jpg,jmuben,train-2.parquet#1004:10(7457).jpg,0,healthy,1,0,,train
jmuben/03428.jpg,jmuben,train-2.parquet#1006:1(807).jpg,0,healthy,1,0,,train
jmuben/03430.jpg,jmuben,train-2.parquet#1053:1(4218).jpg,0,healthy,1,0,,train
jmuben/03433.jpg,jmuben,train-2.parquet#1066:1(2636).jpg,0,healthy,1,0,,train
jmuben/03435.jpg,jmuben,train-2.parquet#1082:2(1366).jpg,0,healthy,1,0,,train
jmuben/03437.jpg,jmuben,train-2.parquet#1086:1(1299).jpg,0,healthy,1,0,,train
jmuben/03438.jpg,jmuben,train-2.parquet#1098:1(738).jpg,0,healthy,1,0,,train
jmuben/03441.jpg,jmuben,train-2.parquet#1136:1(1626).jpg,0,healthy,1,0,,train
jmuben/03442.jpg,jmuben,train-2.parquet#1143:2(4471).jpg,0,healthy,1,0,,train
jmuben/03443.jpg,jmuben,train-2.parquet#1156:10(6641).jpg,0,healthy,1,0,,train
jmuben/03444.jpg,jmuben,train-2.parquet#1164:1(2724).jpg,0,healthy,1,0,,train
jmuben/03446.jpg,jmuben,train-2.parquet#1271:2(1274).jpg,0,healthy,1,0,,train
jmuben/03447.jpg,jmuben,train-2.parquet#1273:10(6138).jpg,0,healthy,1,0,,train
jmuben/03449.jpg,jmuben,train-2.parquet#1318:10(1468).jpg,0,healthy,1,0,,train
jmuben/03450.jpg,jmuben,train-2.parquet#1403:10(5217).jpg,0,healthy,1,0,,train
jmuben/03453.jpg,jmuben,train-2.parquet#1452:10(6600).jpg,0,healthy,1,0,,train
jmuben/03454.jpg,jmuben,train-2.parquet#1509:10(5240).jpg,0,healthy,1,0,,train
jmuben/03455.jpg,jmuben,train-2.parquet#1526:10(9263).jpg,0,healthy,1,0,,train
jmuben/03457.jpg,jmuben,train-2.parquet#1582:10(8189).jpg,0,healthy,1,0,,train
jmuben/03459.jpg,jmuben,train-2.parquet#1595:1(3749).jpg,0,healthy,1,0,,train
jmuben/03460.jpg,jmuben,train-2.parquet#1612:10(1202).jpg,0,healthy,1,0,,train
jmuben/03463.jpg,jmuben,train-2.parquet#1641:1(4599).jpg,0,healthy,1,0,,train
jmuben/03464.jpg,jmuben,train-2.parquet#1647:10(5304).jpg,0,healthy,1,0,,train
jmuben/03465.jpg,jmuben,train-2.parquet#1679:1(810).jpg,0,healthy,1,0,,train
jmuben/03466.jpg,jmuben,train-2.parquet#1699:10(1828).jpg,0,healthy,1,0,,train
jmuben/03469.jpg,jmuben,train-2.parquet#1739:10(4057).jpg,0,healthy,1,0,,train
jmuben/03470.jpg,jmuben,train-2.parquet#1751:1(778).jpg,0,healthy,1,0,,train
jmuben/03471.jpg,jmuben,train-2.parquet#1760:10(2183).jpg,0,healthy,1,0,,train
jmuben/03475.jpg,jmuben,train-2.parquet#1822:10(7944).jpg,0,healthy,1,0,,train
jmuben/03478.jpg,jmuben,train-2.parquet#1858:1(3067).jpg,0,healthy,1,0,,train
jmuben/03479.jpg,jmuben,train-2.parquet#1866:10(2750).jpg,0,healthy,1,0,,train
jmuben/03480.jpg,jmuben,train-2.parquet#1877:10(5200).jpg,0,healthy,1,0,,train
jmuben/03481.jpg,jmuben,train-2.parquet#1935:10(6139).jpg,0,healthy,1,0,,train
jmuben/03483.jpg,jmuben,train-2.parquet#1966:10(6640).jpg,0,healthy,1,0,,train
jmuben/03484.jpg,jmuben,train-2.parquet#2046:10(23).jpg,0,healthy,1,0,,train
jmuben/03485.jpg,jmuben,train-2.parquet#2056:10(5257).jpg,0,healthy,1,0,,train
jmuben/03486.jpg,jmuben,train-2.parquet#2062:10(5312).jpg,0,healthy,1,0,,train
jmuben/03487.jpg,jmuben,train-2.parquet#2082:2(1388).jpg,0,healthy,1,0,,train
jmuben/03488.jpg,jmuben,train-2.parquet#2085:10(383).jpg,0,healthy,1,0,,train
jmuben/03489.jpg,jmuben,train-2.parquet#2104:10(5191).jpg,0,healthy,1,0,,train
jmuben/03491.jpg,jmuben,train-2.parquet#2151:10(1994).jpg,0,healthy,1,0,,train
jmuben/03494.jpg,jmuben,train-2.parquet#2164:1(1918).jpg,0,healthy,1,0,,train
jmuben/03496.jpg,jmuben,train-2.parquet#2178:2(63).jpg,0,healthy,1,0,,train
jmuben/03498.jpg,jmuben,train-2.parquet#2245:1(73).jpg,0,healthy,1,0,,train
jmuben/03499.jpg,jmuben,train-2.parquet#2256:2(3008).jpg,0,healthy,1,0,,train
jmuben/03500.jpg,jmuben,train-2.parquet#2263:10(8367).jpg,0,healthy,1,0,,train
jmuben/03502.jpg,jmuben,train-2.parquet#2299:10(1453).jpg,0,healthy,1,0,,train
jmuben/03503.jpg,jmuben,train-2.parquet#2339:10(5294).jpg,0,healthy,1,0,,train
jmuben/03504.jpg,jmuben,train-2.parquet#2345:2(2137).jpg,0,healthy,1,0,,train
jmuben/03506.jpg,jmuben,train-2.parquet#2361:2(2834).jpg,0,healthy,1,0,,train
jmuben/03507.jpg,jmuben,train-2.parquet#2370:10(1668).jpg,0,healthy,1,0,,train
jmuben/03509.jpg,jmuben,train-2.parquet#2395:10(5152).jpg,0,healthy,1,0,,train
jmuben/03510.jpg,jmuben,train-2.parquet#2405:1(596).jpg,0,healthy,1,0,,train
jmuben/03512.jpg,jmuben,train-2.parquet#2407:1(4235).jpg,0,healthy,1,0,,train
jmuben/03513.jpg,jmuben,train-2.parquet#2409:10(5851).jpg,0,healthy,1,0,,train
jmuben/03514.jpg,jmuben,train-2.parquet#2432:10(4256).jpg,0,healthy,1,0,,train
jmuben/03515.jpg,jmuben,train-2.parquet#2443:10(4606).jpg,0,healthy,1,0,,train
jmuben/03516.jpg,jmuben,train-2.parquet#2446:10(1957).jpg,0,healthy,1,0,,train
jmuben/03517.jpg,jmuben,train-2.parquet#2486:10(643).jpg,0,healthy,1,0,,train
jmuben/03518.jpg,jmuben,train-2.parquet#2504:10(2951).jpg,0,healthy,1,0,,train
jmuben/03520.jpg,jmuben,train-2.parquet#2556:10(7483).jpg,0,healthy,1,0,,train
jmuben/03521.jpg,jmuben,train-2.parquet#2559:10(7179).jpg,0,healthy,1,0,,train
jmuben/03522.jpg,jmuben,train-2.parquet#2569:1(979).jpg,0,healthy,1,0,,train
jmuben/03524.jpg,jmuben,train-2.parquet#2601:2(1131).jpg,0,healthy,1,0,,train
jmuben/03525.jpg,jmuben,train-2.parquet#2622:1(2965).jpg,0,healthy,1,0,,train
jmuben/03526.jpg,jmuben,train-2.parquet#2631:10(6103).jpg,0,healthy,1,0,,train
jmuben/03530.jpg,jmuben,train-2.parquet#2704:10(1150).jpg,0,healthy,1,0,,train
jmuben/03531.jpg,jmuben,train-2.parquet#2707:1(65).jpg,0,healthy,1,0,,train
jmuben/03532.jpg,jmuben,train-2.parquet#2708:2(4221).jpg,0,healthy,1,0,,train
jmuben/03533.jpg,jmuben,train-2.parquet#2714:2(531).jpg,0,healthy,1,0,,train
jmuben/03534.jpg,jmuben,train-2.parquet#2790:10(4260).jpg,0,healthy,1,0,,train
jmuben/03535.jpg,jmuben,train-2.parquet#2807:1(1451).jpg,0,healthy,1,0,,train
jmuben/03537.jpg,jmuben,train-2.parquet#2829:10(1824).jpg,0,healthy,1,0,,train
jmuben/03538.jpg,jmuben,train-2.parquet#2846:2(4485).jpg,0,healthy,1,0,,train
jmuben/03539.jpg,jmuben,train-2.parquet#2903:10(4519).jpg,0,healthy,1,0,,train
jmuben/03541.jpg,jmuben,train-2.parquet#2911:2(1392).jpg,0,healthy,1,0,,train
jmuben/03545.jpg,jmuben,train-2.parquet#2978:1(1406).jpg,0,healthy,1,0,,train
jmuben/03546.jpg,jmuben,train-2.parquet#2993:10(7677).jpg,0,healthy,1,0,,train
jmuben/03547.jpg,jmuben,train-2.parquet#2996:2(2506).jpg,0,healthy,1,0,,train
jmuben/03548.jpg,jmuben,train-2.parquet#3024:1(1685).jpg,0,healthy,1,0,,train
jmuben/03552.jpg,jmuben,train-2.parquet#3082:10(4671).jpg,0,healthy,1,0,,train
jmuben/03553.jpg,jmuben,train-2.parquet#3097:10(1023).jpg,0,healthy,1,0,,train
jmuben/03554.jpg,jmuben,train-2.parquet#3124:10(7118).jpg,0,healthy,1,0,,train
jmuben/03555.jpg,jmuben,train-2.parquet#3156:2(2843).jpg,0,healthy,1,0,,train
jmuben/03556.jpg,jmuben,train-2.parquet#3159:1(762).jpg,0,healthy,1,0,,train
jmuben/03557.jpg,jmuben,train-2.parquet#3164:10(2463).jpg,0,healthy,1,0,,train
jmuben/03558.jpg,jmuben,train-2.parquet#3171:10(2033).jpg,0,healthy,1,0,,train
jmuben/03559.jpg,jmuben,train-2.parquet#3186:10(7374).jpg,0,healthy,1,0,,train
jmuben/03560.jpg,jmuben,train-2.parquet#3187:10(2176).jpg,0,healthy,1,0,,train
jmuben/03561.jpg,jmuben,train-2.parquet#3193:10(272).jpg,0,healthy,1,0,,train
jmuben/03562.jpg,jmuben,train-2.parquet#3200:10(8828).jpg,0,healthy,1,0,,train
jmuben/03563.jpg,jmuben,train-2.parquet#3286:2(2117).jpg,0,healthy,1,0,,train
jmuben/03564.jpg,jmuben,train-2.parquet#3290:10(2064).jpg,0,healthy,1,0,,train
jmuben/03565.jpg,jmuben,train-2.parquet#3300:2(2814).jpg,0,healthy,1,0,,train
jmuben/03566.jpg,jmuben,train-2.parquet#3301:10(8890).jpg,0,healthy,1,0,,train
jmuben/03567.jpg,jmuben,train-2.parquet#3307:1(735).jpg,0,healthy,1,0,,train
jmuben/03569.jpg,jmuben,train-2.parquet#3341:1(4079).jpg,0,healthy,1,0,,train
jmuben/03570.jpg,jmuben,train-2.parquet#3359:10(8486).jpg,0,healthy,1,0,,train
jmuben/03571.jpg,jmuben,train-2.parquet#3407:2(4684).jpg,0,healthy,1,0,,train
jmuben/03572.jpg,jmuben,train-2.parquet#3412:1(172).jpg,0,healthy,1,0,,train
jmuben/03573.jpg,jmuben,train-2.parquet#3426:1(3544).jpg,0,healthy,1,0,,train
jmuben/03574.jpg,jmuben,train-2.parquet#3469:1(2586).jpg,0,healthy,1,0,,train
jmuben/03575.jpg,jmuben,train-2.parquet#3498:1(4517).jpg,0,healthy,1,0,,train
jmuben/03576.jpg,jmuben,train-2.parquet#3516:10(9487).jpg,0,healthy,1,0,,train
jmuben/03577.jpg,jmuben,train-2.parquet#3519:1(4393).jpg,0,healthy,1,0,,train
jmuben/03578.jpg,jmuben,train-2.parquet#3522:1(430).jpg,0,healthy,1,0,,train
jmuben/03580.jpg,jmuben,train-2.parquet#3568:10(8279).jpg,0,healthy,1,0,,train
jmuben/03581.jpg,jmuben,train-2.parquet#3581:10(9038).jpg,0,healthy,1,0,,train
jmuben/03583.jpg,jmuben,train-2.parquet#3602:10(8500).jpg,0,healthy,1,0,,train
jmuben/03586.jpg,jmuben,train-2.parquet#3669:2(839).jpg,0,healthy,1,0,,train
jmuben/03587.jpg,jmuben,train-2.parquet#3678:10(8280).jpg,0,healthy,1,0,,train
jmuben/03588.jpg,jmuben,train-2.parquet#3702:1(1492).jpg,0,healthy,1,0,,train
jmuben/03590.jpg,jmuben,train-2.parquet#3737:10(7030).jpg,0,healthy,1,0,,train
jmuben/03592.jpg,jmuben,train-2.parquet#3777:10(4889).jpg,0,healthy,1,0,,train
jmuben/03593.jpg,jmuben,train-2.parquet#3790:10(4470).jpg,0,healthy,1,0,,train
jmuben/03594.jpg,jmuben,train-2.parquet#3868:1(534).jpg,0,healthy,1,0,,train
jmuben/03596.jpg,jmuben,train-2.parquet#3887:2(1490).jpg,0,healthy,1,0,,train
jmuben/03597.jpg,jmuben,train-2.parquet#3910:2(4041).jpg,0,healthy,1,0,,train
jmuben/03599.jpg,jmuben,train-2.parquet#3924:1(3694).jpg,0,healthy,1,0,,train
jmuben/03600.jpg,jmuben,train-2.parquet#3991:5(1379).jpg,1,rust,2,0,,train
jmuben/03601.jpg,jmuben,train-2.parquet#3993:3(1270).jpg,1,rust,2,0,,train
jmuben/03602.jpg,jmuben,train-2.parquet#3997:5(2555).jpg,1,rust,2,0,,train
jmuben/03603.jpg,jmuben,train-2.parquet#4007:5(1400).jpg,1,rust,2,0,,train
jmuben/03606.jpg,jmuben,train-2.parquet#4024:2(3).jpg,1,rust,2,0,,train
jmuben/03607.jpg,jmuben,train-2.parquet#4050:3(512).jpg,1,rust,2,0,,train
jmuben/03608.jpg,jmuben,train-2.parquet#4056:20210125_183812.jpg.jpg,1,rust,2,0,,train
jmuben/03611.jpg,jmuben,train-2.parquet#4079:5(1904).jpg,1,rust,2,0,,train
jmuben/03613.jpg,jmuben,train-2.parquet#4103:2(857).jpg,1,rust,2,0,,train
jmuben/03614.jpg,jmuben,train-2.parquet#4104:5(2451).jpg,1,rust,2,0,,train
jmuben/03615.jpg,jmuben,train-2.parquet#4115:5(1787).jpg,1,rust,2,0,,train
jmuben/03616.jpg,jmuben,train-2.parquet#4122:5(1768).jpg,1,rust,2,0,,train
jmuben/03617.jpg,jmuben,train-2.parquet#4125:3(82).jpg,1,rust,2,0,,train
jmuben/03618.jpg,jmuben,train-2.parquet#4128:5(1292).jpg,1,rust,2,0,,train
jmuben/03619.jpg,jmuben,train-2.parquet#4130:5(3305).jpg,1,rust,2,0,,train
jmuben/03620.jpg,jmuben,train-2.parquet#4139:5(1011).jpg,1,rust,2,0,,train
jmuben/03621.jpg,jmuben,train-2.parquet#4144:2(292).jpg,1,rust,2,0,,train
jmuben/03622.jpg,jmuben,train-2.parquet#4148:3(1548).jpg,1,rust,2,0,,train
jmuben/03623.jpg,jmuben,train-2.parquet#4154:5(2797).jpg,1,rust,2,0,,train
jmuben/03625.jpg,jmuben,train-2.parquet#4168:5(1154).jpg,1,rust,2,0,,train
jmuben/03626.jpg,jmuben,train-2.parquet#4173:3(800).jpg,1,rust,2,0,,train
jmuben/03628.jpg,jmuben,train-2.parquet#4179:5(3647).jpg,1,rust,2,0,,train
jmuben/03629.jpg,jmuben,train-2.parquet#4181:3(1289).jpg,1,rust,2,0,,train
jmuben/03631.jpg,jmuben,train-2.parquet#4187:3(103).jpg,1,rust,2,0,,train
jmuben/03632.jpg,jmuben,train-2.parquet#4188:2(800).jpg,1,rust,2,0,,train
jmuben/03633.jpg,jmuben,train-2.parquet#4190:20210125_184315(0).jpg.jpg,1,rust,2,0,,train
jmuben/03634.jpg,jmuben,train-2.parquet#4198:3(416).jpg,1,rust,2,0,,train
jmuben/03636.jpg,jmuben,train-2.parquet#4235:20210125_184236(0).jpg.jpg,1,rust,2,0,,train
jmuben/03637.jpg,jmuben,train-2.parquet#4246:3(894).jpg,1,rust,2,0,,train
jmuben/03640.jpg,jmuben,train-2.parquet#4263:2(528).jpg,1,rust,2,0,,train
jmuben/03642.jpg,jmuben,train-2.parquet#4275:5(1178).jpg,1,rust,2,0,,train
jmuben/03643.jpg,jmuben,train-2.parquet#4278:2(251).jpg,1,rust,2,0,,train
jmuben/03644.jpg,jmuben,train-2.parquet#4293:5(3903).jpg,1,rust,2,0,,train
jmuben/03645.jpg,jmuben,train-2.parquet#4296:3(1564).jpg,1,rust,2,0,,train
jmuben/03646.jpg,jmuben,train-2.parquet#4303:2(314).jpg,1,rust,2,0,,train
jmuben/03648.jpg,jmuben,train-2.parquet#4322:20210125_183748.jpg.jpg,1,rust,2,0,,train
jmuben/03650.jpg,jmuben,train-2.parquet#4331:1(433).jpg,1,rust,2,0,,train
jmuben/03651.jpg,jmuben,train-2.parquet#4333:5(4004).jpg,1,rust,2,0,,train
jmuben/03653.jpg,jmuben,train-2.parquet#4346:3(1026).jpg,1,rust,2,0,,train
jmuben/03654.jpg,jmuben,train-2.parquet#4358:3(1163).jpg,1,rust,2,0,,train
jmuben/03656.jpg,jmuben,train-2.parquet#4369:5(942).jpg,1,rust,2,0,,train
jmuben/03658.jpg,jmuben,train-2.parquet#4384:1(130).jpg,1,rust,2,0,,train
jmuben/03659.jpg,jmuben,train-2.parquet#4388:IMG_20210125_181848_2.jpg.jpg,1,rust,2,0,,train
jmuben/03660.jpg,jmuben,train-2.parquet#4391:5(1210).jpg,1,rust,2,0,,train
jmuben/03661.jpg,jmuben,train-2.parquet#4395:5(4012).jpg,1,rust,2,0,,train
jmuben/03663.jpg,jmuben,train-2.parquet#4414:5(1093).jpg,1,rust,2,0,,train
jmuben/03664.jpg,jmuben,train-2.parquet#4418:5(3104).jpg,1,rust,2,0,,train
jmuben/03665.jpg,jmuben,train-2.parquet#4427:5(3807).jpg,1,rust,2,0,,train
jmuben/03666.jpg,jmuben,train-2.parquet#4429:3(1933).jpg,1,rust,2,0,,train
jmuben/03667.jpg,jmuben,train-2.parquet#4437:2(705).jpg,1,rust,2,0,,train
jmuben/03668.jpg,jmuben,train-2.parquet#4440:5(3411).jpg,1,rust,2,0,,train
jmuben/03670.jpg,jmuben,train-2.parquet#4447:5(3041).jpg,1,rust,2,0,,train
jmuben/03673.jpg,jmuben,train-2.parquet#4481:5(846).jpg,1,rust,2,0,,train
jmuben/03674.jpg,jmuben,train-2.parquet#4486:5(2312).jpg,1,rust,2,0,,train
jmuben/03675.jpg,jmuben,train-2.parquet#4505:3(302).jpg,1,rust,2,0,,train
jmuben/03676.jpg,jmuben,train-2.parquet#4510:5(2607).jpg,1,rust,2,0,,train
jmuben/03677.jpg,jmuben,train-2.parquet#4511:20210125_183407(1).jpg,1,rust,2,0,,train
jmuben/03678.jpg,jmuben,train-2.parquet#4518:2(9).jpeg,1,rust,2,0,,train
jmuben/03679.jpg,jmuben,train-2.parquet#4522:5(3962).jpg,1,rust,2,0,,train
jmuben/03680.jpg,jmuben,train-2.parquet#4532:3(1155).jpg,1,rust,2,0,,train
jmuben/03681.jpg,jmuben,train-2.parquet#4540:3(1440).jpg,1,rust,2,0,,train
jmuben/03683.jpg,jmuben,train-2.parquet#4548:5(831).jpg,1,rust,2,0,,train
jmuben/03684.jpg,jmuben,train-2.parquet#4571:5(1375).jpg,1,rust,2,0,,train
jmuben/03685.jpg,jmuben,train-2.parquet#4578:2(322).jpg,1,rust,2,0,,train
jmuben/03687.jpg,jmuben,train-2.parquet#4587:3(322).jpg,1,rust,2,0,,train
jmuben/03688.jpg,jmuben,train-2.parquet#4591:3(1801).jpg,1,rust,2,0,,train
jmuben/03689.jpg,jmuben,train-2.parquet#4600:5(3870).jpg,1,rust,2,0,,train
jmuben/03691.jpg,jmuben,train-2.parquet#4603:5(2332).jpg,1,rust,2,0,,train
jmuben/03692.jpg,jmuben,train-2.parquet#4605:2(267).jpg,1,rust,2,0,,train
jmuben/03693.jpg,jmuben,train-2.parquet#4606:5(3489).jpg,1,rust,2,0,,train
jmuben/03694.jpg,jmuben,train-2.parquet#4619:5(4065).jpg,1,rust,2,0,,train
jmuben/03696.jpg,jmuben,train-2.parquet#4627:20210125_183812(0).jpg.jpg,1,rust,2,0,,train
jmuben/03697.jpg,jmuben,train-2.parquet#4630:5(1322).jpg,1,rust,2,0,,train
jmuben/03698.jpg,jmuben,train-2.parquet#4637:3(764).jpg,1,rust,2,0,,train
jmuben/03699.jpg,jmuben,train-2.parquet#4642:3(334).jpg,1,rust,2,0,,train
jmuben/03701.jpg,jmuben,train-2.parquet#4648:3(1114).jpg,1,rust,2,0,,train
jmuben/03702.jpg,jmuben,train-2.parquet#4650:5(3020).jpg,1,rust,2,0,,train
jmuben/03707.jpg,jmuben,train-2.parquet#4676:20210125_183606.jpg.jpg,1,rust,2,0,,train
jmuben/03710.jpg,jmuben,train-2.parquet#4686:3(508).jpg,1,rust,2,0,,train
jmuben/03713.jpg,jmuben,train-2.parquet#4707:1(385).jpg,1,rust,2,0,,train
jmuben/03715.jpg,jmuben,train-2.parquet#4718:5(2723).jpg,1,rust,2,0,,train
jmuben/03716.jpg,jmuben,train-2.parquet#4722:5(2689).jpg,1,rust,2,0,,train
jmuben/03717.jpg,jmuben,train-2.parquet#4725:3(1006).jpg,1,rust,2,0,,train
jmuben/03720.jpg,jmuben,train-2.parquet#4732:5(3562).jpg,1,rust,2,0,,train
jmuben/03721.jpg,jmuben,train-2.parquet#4734:5(48).jpg,1,rust,2,0,,train
jmuben/03722.jpg,jmuben,train-2.parquet#4755:5(2308).jpg,1,rust,2,0,,train
jmuben/03723.jpg,jmuben,train-2.parquet#4769:2(748).jpg,1,rust,2,0,,train
jmuben/03724.jpg,jmuben,train-2.parquet#4774:3(1991).jpg,1,rust,2,0,,train
jmuben/03725.jpg,jmuben,train-2.parquet#4780:5(1748).jpg,1,rust,2,0,,train
jmuben/03726.jpg,jmuben,train-2.parquet#4790:3(1211).jpg,1,rust,2,0,,train
jmuben/03727.jpg,jmuben,train-2.parquet#4792:2(898).jpg,1,rust,2,0,,train
jmuben/03729.jpg,jmuben,train-2.parquet#4795:5(2534).jpg,1,rust,2,0,,train
jmuben/03730.jpg,jmuben,train-2.parquet#4796:2(932).jpg,1,rust,2,0,,train
jmuben/03732.jpg,jmuben,train-2.parquet#4812:3(1354).jpg,1,rust,2,0,,train
jmuben/03733.jpg,jmuben,train-2.parquet#4817:5(276).jpg,1,rust,2,0,,train
jmuben/03734.jpg,jmuben,train-2.parquet#4824:1(346).jpg,1,rust,2,0,,train
jmuben/03735.jpg,jmuben,train-2.parquet#4835:5(1066).jpg,1,rust,2,0,,train
jmuben/03740.jpg,jmuben,train-2.parquet#4874:1(350).jpg,1,rust,2,0,,train
jmuben/03741.jpg,jmuben,train-2.parquet#4877:5(3558).jpg,1,rust,2,0,,train
jmuben/03743.jpg,jmuben,train-2.parquet#4885:20210125_183209(0).jpg.jpg,1,rust,2,0,,train
jmuben/03744.jpg,jmuben,train-2.parquet#4886:5(1420).jpg,1,rust,2,0,,train
jmuben/03745.jpg,jmuben,train-2.parquet#4903:5(3364).jpg,1,rust,2,0,,train
jmuben/03747.jpg,jmuben,train-2.parquet#4919:5(667).jpg,1,rust,2,0,,train
jmuben/03749.jpg,jmuben,train-2.parquet#4925:3(1315).jpg,1,rust,2,0,,train
jmuben/03750.jpg,jmuben,train-2.parquet#4942:3(1968).jpg,1,rust,2,0,,train
jmuben/03752.jpg,jmuben,train-2.parquet#4947:20210125_183114.jpg.jpg,1,rust,2,0,,train
jmuben/03753.jpg,jmuben,train-2.parquet#4957:20210125_184234.jpg.jpg,1,rust,2,0,,train
jmuben/03754.jpg,jmuben,train-2.parquet#4962:5(325).jpg,1,rust,2,0,,train
jmuben/03756.jpg,jmuben,train-2.parquet#4983:5(3626).jpg,1,rust,2,0,,train
jmuben/03757.jpg,jmuben,train-2.parquet#4987:3(1712).jpg,1,rust,2,0,,train
jmuben/03758.jpg,jmuben,train-2.parquet#4994:20210125_183102(0).jpg.jpg,1,rust,2,0,,train
jmuben/03759.jpg,jmuben,train-2.parquet#5001:3(476).jpg,1,rust,2,0,,train
jmuben/03760.jpg,jmuben,train-2.parquet#5006:5(324).jpg,1,rust,2,0,,train
jmuben/03763.jpg,jmuben,train-2.parquet#5022:5(4048).jpg,1,rust,2,0,,train
jmuben/03764.jpg,jmuben,train-2.parquet#5028:2(533).jpg,1,rust,2,0,,train
jmuben/03766.jpg,jmuben,train-2.parquet#5042:1(306).jpg,1,rust,2,0,,train
jmuben/03767.jpg,jmuben,train-2.parquet#5046:2(98).jpg,1,rust,2,0,,train
jmuben/03768.jpg,jmuben,train-2.parquet#5048:20210125_184310.jpg.jpg,1,rust,2,0,,train
jmuben/03769.jpg,jmuben,train-2.parquet#5065:5(1358).jpg,1,rust,2,0,,train
jmuben/03770.jpg,jmuben,train-2.parquet#5067:3(972).jpg,1,rust,2,0,,train
jmuben/03771.jpg,jmuben,train-2.parquet#5072:5(2574).jpg,1,rust,2,0,,train
jmuben/03772.jpg,jmuben,train-2.parquet#5082:5(3670).jpg,1,rust,2,0,,train
jmuben/03773.jpg,jmuben,train-2.parquet#5095:5(2718).jpg,1,rust,2,0,,train
jmuben/03774.jpg,jmuben,train-2.parquet#5107:1(214).jpg,1,rust,2,0,,train
jmuben/03775.jpg,jmuben,train-2.parquet#5113:3(1528).jpg,1,rust,2,0,,train
jmuben/03777.jpg,jmuben,train-2.parquet#5128:3(1247).jpg,1,rust,2,0,,train
jmuben/03778.jpg,jmuben,train-2.parquet#5134:3(1617).jpg,1,rust,2,0,,train
jmuben/03779.jpg,jmuben,train-2.parquet#5148:5(3666).jpg,1,rust,2,0,,train
jmuben/03781.jpg,jmuben,train-2.parquet#5166:3(1928).jpg,1,rust,2,0,,train
jmuben/03788.jpg,jmuben,train-2.parquet#5210:5(3631).jpg,1,rust,2,0,,train
jmuben/03790.jpg,jmuben,train-2.parquet#5234:20210125_183617.jpg.jpg,1,rust,2,0,,train
jmuben/03792.jpg,jmuben,train-2.parquet#5242:5(918).jpg,1,rust,2,0,,train
jmuben/03793.jpg,jmuben,train-2.parquet#5256:5(1227).jpg,1,rust,2,0,,train
jmuben/03795.jpg,jmuben,train-2.parquet#5263:3(948).jpg,1,rust,2,0,,train
jmuben/03796.jpg,jmuben,train-2.parquet#5271:3(1142).jpg,1,rust,2,0,,train
jmuben/03797.jpg,jmuben,train-2.parquet#5280:5(3975).jpg,1,rust,2,0,,train
jmuben/03798.jpg,jmuben,train-2.parquet#5291:5(3830).jpg,1,rust,2,0,,train
jmuben/03799.jpg,jmuben,train-2.parquet#5298:3(1007).jpg,1,rust,2,0,,train
jmuben/03801.jpg,jmuben,train-2.parquet#5302:5(3099).jpg,1,rust,2,0,,train
jmuben/03802.jpg,jmuben,train-2.parquet#5310:2(159).jpg,1,rust,2,0,,train
jmuben/03803.jpg,jmuben,train-2.parquet#5311:5(4072).jpg,1,rust,2,0,,train
jmuben/03804.jpg,jmuben,train-2.parquet#5312:1(445).jpg,1,rust,2,0,,train
jmuben/03805.jpg,jmuben,train-2.parquet#5314:3(1729).jpg,1,rust,2,0,,train
jmuben/03806.jpg,jmuben,train-2.parquet#5320:IMG_20210126_091656.jpg,1,rust,2,0,,train
jmuben/03807.jpg,jmuben,train-2.parquet#5321:3(2040).jpg,1,rust,2,0,,train
jmuben/03808.jpg,jmuben,train-2.parquet#5322:5(2149).jpg,1,rust,2,0,,train
jmuben/03811.jpg,jmuben,train-2.parquet#5337:5(2630).jpg,1,rust,2,0,,train
jmuben/03812.jpg,jmuben,train-2.parquet#5341:5(467).jpg,1,rust,2,0,,train
jmuben/03813.jpg,jmuben,train-2.parquet#5346:5(3021).jpg,1,rust,2,0,,train
jmuben/03814.jpg,jmuben,train-2.parquet#5363:5(871).jpg,1,rust,2,0,,train
jmuben/03815.jpg,jmuben,train-2.parquet#5370:20210125_183115.jpg.jpg,1,rust,2,0,,train
jmuben/03816.jpg,jmuben,train-2.parquet#5374:5(4064).jpg,1,rust,2,0,,train
jmuben/03818.jpg,jmuben,train-2.parquet#5416:3(636).jpg,1,rust,2,0,,train
jmuben/03820.jpg,jmuben,train-2.parquet#5429:2(118).jpg,1,rust,2,0,,train
jmuben/03821.jpg,jmuben,train-2.parquet#5434:5(1661).jpg,1,rust,2,0,,train
jmuben/03822.jpg,jmuben,train-2.parquet#5435:1(404).jpg,1,rust,2,0,,train
jmuben/03824.jpg,jmuben,train-2.parquet#5446:5(1374).jpg,1,rust,2,0,,train
jmuben/03828.jpg,jmuben,train-2.parquet#5461:5(426).jpg,1,rust,2,0,,train
jmuben/03829.jpg,jmuben,train-2.parquet#5464:1(238).jpg,1,rust,2,0,,train
jmuben/03830.jpg,jmuben,train-2.parquet#5473:5(133).jpg,1,rust,2,0,,train
jmuben/03833.jpg,jmuben,train-2.parquet#5496:5(144).jpg,1,rust,2,0,,train
jmuben/03834.jpg,jmuben,train-2.parquet#5501:5(3017).jpg,1,rust,2,0,,train
jmuben/03836.jpg,jmuben,train-2.parquet#5503:2(303).jpg,1,rust,2,0,,train
jmuben/03838.jpg,jmuben,train-2.parquet#5505:3(1089).jpg,1,rust,2,0,,train
jmuben/03839.jpg,jmuben,train-2.parquet#5514:3(303).jpg,1,rust,2,0,,train
jmuben/03840.jpg,jmuben,train-2.parquet#5542:5(4044).jpg,1,rust,2,0,,train
jmuben/03842.jpg,jmuben,train-2.parquet#5549:5(3555).jpg,1,rust,2,0,,train
jmuben/03844.jpg,jmuben,train-2.parquet#5555:5(1092).jpg,1,rust,2,0,,train
jmuben/03847.jpg,jmuben,train-2.parquet#5623:3(207).jpg,1,rust,2,0,,train
jmuben/03848.jpg,jmuben,train-2.parquet#5640:3(1498).jpg,1,rust,2,0,,train
jmuben/03850.jpg,jmuben,train-2.parquet#5648:5(3406).jpg,1,rust,2,0,,train
jmuben/03852.jpg,jmuben,train-2.parquet#5656:3(1861).jpg,1,rust,2,0,,train
jmuben/03853.jpg,jmuben,train-2.parquet#5657:3(712).jpg,1,rust,2,0,,train
jmuben/03854.jpg,jmuben,train-2.parquet#5665:3(968).jpg,1,rust,2,0,,train
jmuben/03855.jpg,jmuben,train-2.parquet#5673:5(86).jpg,1,rust,2,0,,train
jmuben/03856.jpg,jmuben,train-2.parquet#5674:3(591).jpg,1,rust,2,0,,train
jmuben/03857.jpg,jmuben,train-2.parquet#5684:1(432).jpg,1,rust,2,0,,train
jmuben/03858.jpg,jmuben,train-2.parquet#5688:5(4005).jpg,1,rust,2,0,,train
jmuben/03859.jpg,jmuben,train-2.parquet#5703:5(2305).jpg,1,rust,2,0,,train
jmuben/03860.jpg,jmuben,train-2.parquet#5704:3(250).jpg,1,rust,2,0,,train
jmuben/03861.jpg,jmuben,train-2.parquet#5706:2(82).jpg,1,rust,2,0,,train
jmuben/03862.jpg,jmuben,train-2.parquet#5707:5(2755).jpg,1,rust,2,0,,train
jmuben/03863.jpg,jmuben,train-2.parquet#5710:3(1973).jpg,1,rust,2,0,,train
jmuben/03864.jpg,jmuben,train-2.parquet#5719:2(745).jpg,1,rust,2,0,,train
jmuben/03865.jpg,jmuben,train-2.parquet#5735:5(2169).jpg,1,rust,2,0,,train
jmuben/03866.jpg,jmuben,train-2.parquet#5760:3(179).jpg,1,rust,2,0,,train
jmuben/03871.jpg,jmuben,train-2.parquet#5785:5(129).jpg,1,rust,2,0,,train
jmuben/03873.jpg,jmuben,train-2.parquet#5796:2(102).jpg,1,rust,2,0,,train
jmuben/03874.jpg,jmuben,train-2.parquet#5798:3(1322).jpg,1,rust,2,0,,train
jmuben/03876.jpg,jmuben,train-2.parquet#5806:IMG_20210125_181900.jpg.jpg,1,rust,2,0,,train
jmuben/03877.jpg,jmuben,train-2.parquet#5807:3(1772).jpg,1,rust,2,0,,train
jmuben/03878.jpg,jmuben,train-2.parquet#5812:3(552).jpg,1,rust,2,0,,train
jmuben/03879.jpg,jmuben,train-2.parquet#5815:20210125_183806(0).jpg.jpg,1,rust,2,0,,train
jmuben/03880.jpg,jmuben,train-2.parquet#5816:5(2542).jpg,1,rust,2,0,,train
jmuben/03883.jpg,jmuben,train-2.parquet#5829:2(17).jpeg,1,rust,2,0,,train
jmuben/03884.jpg,jmuben,train-2.parquet#5837:2(339).jpg,1,rust,2,0,,train
jmuben/03885.jpg,jmuben,train-2.parquet#5838:3(6).jpg,1,rust,2,0,,train
jmuben/03888.jpg,jmuben,train-2.parquet#5861:5(3492).jpg,1,rust,2,0,,train
jmuben/03889.jpg,jmuben,train-2.parquet#5873:5(2450).jpg,1,rust,2,0,,train
jmuben/03890.jpg,jmuben,train-2.parquet#5881:2(155).jpg,1,rust,2,0,,train
jmuben/03891.jpg,jmuben,train-2.parquet#5883:1(51).jpg,1,rust,2,0,,train
jmuben/03894.jpg,jmuben,train-2.parquet#5893:5(4091).jpg,1,rust,2,0,,train
jmuben/03895.jpg,jmuben,train-2.parquet#5899:3(913).jpg,1,rust,2,0,,train
jmuben/03896.jpg,jmuben,train-2.parquet#5901:5(1339).jpg,1,rust,2,0,,train
jmuben/03897.jpg,jmuben,train-2.parquet#5930:20210125_184307(0).jpg,1,rust,2,0,,train
jmuben/03899.jpg,jmuben,train-2.parquet#5937:2(1001).jpg,1,rust,2,0,,train
jmuben/03900.jpg,jmuben,train-2.parquet#5944:5(3607).jpg,1,rust,2,0,,train
jmuben/03903.jpg,jmuben,train-2.parquet#5964:3(1676).jpg,1,rust,2,0,,train
jmuben/03904.jpg,jmuben,train-2.parquet#5965:2(456).jpg,1,rust,2,0,,train
jmuben/03905.jpg,jmuben,train-2.parquet#5983:3(378).jpg,1,rust,2,0,,train
jmuben/03906.jpg,jmuben,train-2.parquet#5985:20210125_183208.jpg.jpg,1,rust,2,0,,train
jmuben/03908.jpg,jmuben,train-2.parquet#5992:5(3980).jpg,1,rust,2,0,,train
jmuben/03910.jpg,jmuben,train-2.parquet#6013:3(1764).jpg,1,rust,2,0,,train
jmuben/03911.jpg,jmuben,train-2.parquet#6014:2(544).jpg,1,rust,2,0,,train
jmuben/03912.jpg,jmuben,train-2.parquet#6018:5(2942).jpg,1,rust,2,0,,train
jmuben/03913.jpg,jmuben,train-2.parquet#6029:5(703).jpg,1,rust,2,0,,train
jmuben/03915.jpg,jmuben,train-2.parquet#6053:3(373).jpg,1,rust,2,0,,train
jmuben/03916.jpg,jmuben,train-2.parquet#6061:3(666).jpg,1,rust,2,0,,train
jmuben/03917.jpg,jmuben,train-2.parquet#6068:5(3088).jpg,1,rust,2,0,,train
jmuben/03918.jpg,jmuben,train-2.parquet#6070:3(1446).jpg,1,rust,2,0,,train
jmuben/03919.jpg,jmuben,train-2.parquet#6076:5(134).jpg,1,rust,2,0,,train
jmuben/03921.jpg,jmuben,train-2.parquet#6091:3(959).jpg,1,rust,2,0,,train
jmuben/03922.jpg,jmuben,train-2.parquet#6092:5(358).jpg,1,rust,2,0,,train
jmuben/03923.jpg,jmuben,train-2.parquet#6101:5(925).jpg,1,rust,2,0,,train
jmuben/03924.jpg,jmuben,train-2.parquet#6108:5(2271).jpg,1,rust,2,0,,train
jmuben/03925.jpg,jmuben,train-2.parquet#6118:20210125_183615.jpg.jpg,1,rust,2,0,,train
jmuben/03926.jpg,jmuben,train-2.parquet#6124:5(499).jpg,1,rust,2,0,,train
jmuben/03928.jpg,jmuben,train-2.parquet#6154:5(2508).jpg,1,rust,2,0,,train
jmuben/03929.jpg,jmuben,train-2.parquet#6155:5(3749).jpg,1,rust,2,0,,train
jmuben/03930.jpg,jmuben,train-2.parquet#6159:20210125_183325(0).jpg.jpg,1,rust,2,0,,train
jmuben/03931.jpg,jmuben,train-2.parquet#6160:1(141).jpg,1,rust,2,0,,train
jmuben/03932.jpg,jmuben,train-2.parquet#6172:3(762).jpg,1,rust,2,0,,train
jmuben/03933.jpg,jmuben,train-2.parquet#6188:5(3860).jpg,1,rust,2,0,,train
jmuben/03934.jpg,jmuben,train-2.parquet#6191:3(1407).jpg,1,rust,2,0,,train
jmuben/03935.jpg,jmuben,train-2.parquet#6196:20210125_184302.jpg.jpg,1,rust,2,0,,train
jmuben/03937.jpg,jmuben,train-2.parquet#6204:5(4075).jpg,1,rust,2,0,,train
jmuben/03938.jpg,jmuben,train-2.parquet#6205:3(67).jpg,1,rust,2,0,,train
jmuben/03939.jpg,jmuben,train-2.parquet#6210:5(1627).jpg,1,rust,2,0,,train
jmuben/03940.jpg,jmuben,train-2.parquet#6212:3(918).jpg,1,rust,2,0,,train
jmuben/03942.jpg,jmuben,train-2.parquet#6225:5(2660).jpg,1,rust,2,0,,train
jmuben/03943.jpg,jmuben,train-2.parquet#6232:3(1145).jpg,1,rust,2,0,,train
jmuben/03945.jpg,jmuben,train-2.parquet#6240:5(15).jpeg,1,rust,2,0,,train
jmuben/03946.jpg,jmuben,train-2.parquet#6245:5(122).jpg,1,rust,2,0,,train
jmuben/03947.jpg,jmuben,train-2.parquet#6250:5(572).jpg,1,rust,2,0,,train
jmuben/03949.jpg,jmuben,train-2.parquet#6257:3(1903).jpg,1,rust,2,0,,train
jmuben/03951.jpg,jmuben,train-2.parquet#6263:5(1670).jpg,1,rust,2,0,,train
jmuben/03952.jpg,jmuben,train-2.parquet#6264:2(559).jpg,1,rust,2,0,,train
jmuben/03953.jpg,jmuben,train-2.parquet#6267:1(9).jpeg,1,rust,2,0,,train
jmuben/03955.jpg,jmuben,train-2.parquet#6277:5(1735).jpg,1,rust,2,0,,train
jmuben/03956.jpg,jmuben,train-2.parquet#6287:1(317).jpg,1,rust,2,0,,train
jmuben/03957.jpg,jmuben,train-2.parquet#6297:20210125_183111(0).jpg.jpg,1,rust,2,0,,train
jmuben/03958.jpg,jmuben,train-2.parquet#6298:2(66).jpg,1,rust,2,0,,train
jmuben/03960.jpg,jmuben,train-2.parquet#6317:2(467).jpg,1,rust,2,0,,train
jmuben/03961.jpg,jmuben,train-2.parquet#6327:5(335).jpg,1,rust,2,0,,train
jmuben/03962.jpg,jmuben,train-2.parquet#6328:3(934).jpg,1,rust,2,0,,train
jmuben/03964.jpg,jmuben,train-2.parquet#6336:5(3266).jpg,1,rust,2,0,,train
jmuben/03965.jpg,jmuben,train-2.parquet#6341:2(172).jpg,1,rust,2,0,,train
jmuben/03968.jpg,jmuben,train-2.parquet#6355:5(2709).jpg,1,rust,2,0,,train
jmuben/03971.jpg,jmuben,train-2.parquet#6366:3(1539).jpg,1,rust,2,0,,train
jmuben/03972.jpg,jmuben,train-2.parquet#6367:3(1493).jpg,1,rust,2,0,,train
jmuben/03973.jpg,jmuben,train-2.parquet#6377:5(1963).jpg,1,rust,2,0,,train
jmuben/03975.jpg,jmuben,train-2.parquet#6392:2(963).jpg,1,rust,2,0,,train
jmuben/03976.jpg,jmuben,train-2.parquet#6394:3(430).jpg,1,rust,2,0,,train
jmuben/03978.jpg,jmuben,train-2.parquet#6399:5(62).jpg,1,rust,2,0,,train
jmuben/03979.jpg,jmuben,train-2.parquet#6401:1(21).jpg,1,rust,2,0,,train
jmuben/03980.jpg,jmuben,train-2.parquet#6411:5(31).jpeg,1,rust,2,0,,train
jmuben/03981.jpg,jmuben,train-2.parquet#6413:5(677).jpg,1,rust,2,0,,train
jmuben/03984.jpg,jmuben,train-2.parquet#6446:5(374).jpg,1,rust,2,0,,train
jmuben/03985.jpg,jmuben,train-2.parquet#6450:5(2965).jpg,1,rust,2,0,,train
jmuben/03988.jpg,jmuben,train-2.parquet#6474:5(3159).jpg,1,rust,2,0,,train
jmuben/03990.jpg,jmuben,train-2.parquet#6484:3(758).jpg,1,rust,2,0,,train
jmuben/03991.jpg,jmuben,train-2.parquet#6488:5(1922).jpg,1,rust,2,0,,train
jmuben/03993.jpg,jmuben,train-2.parquet#6502:2(471).jpg,1,rust,2,0,,train
jmuben/03994.jpg,jmuben,train-2.parquet#6504:3(888).jpg,1,rust,2,0,,train
jmuben/03995.jpg,jmuben,train-2.parquet#6508:3(471).jpg,1,rust,2,0,,train
jmuben/03996.jpg,jmuben,train-2.parquet#6524:5(3270).jpg,1,rust,2,0,,train
jmuben/03997.jpg,jmuben,train-2.parquet#6529:5(3620).jpg,1,rust,2,0,,train
jmuben/03998.jpg,jmuben,train-2.parquet#6532:3(1299).jpg,1,rust,2,0,,train
jmuben/03999.jpg,jmuben,train-2.parquet#6538:2(543).jpg,1,rust,2,0,,train
jmuben/04000.jpg,jmuben,train-2.parquet#6539:3(1763).jpg,1,rust,2,0,,train
jmuben/04001.jpg,jmuben,train-2.parquet#6543:2(113).jpg,1,rust,2,0,,train
jmuben/04002.jpg,jmuben,train-2.parquet#6544:5(4038).jpg,1,rust,2,0,,train
jmuben/04003.jpg,jmuben,train-2.parquet#6547:3(543).jpg,1,rust,2,0,,train
jmuben/04004.jpg,jmuben,train-2.parquet#6563:3(1276).jpg,1,rust,2,0,,train
jmuben/04007.jpg,jmuben,train-2.parquet#6574:5(1056).jpg,1,rust,2,0,,train
jmuben/04008.jpg,jmuben,train-2.parquet#6577:1(399).jpg,1,rust,2,0,,train
jmuben/04009.jpg,jmuben,train-2.parquet#6582:2(5).jpg,1,rust,2,0,,train
jmuben/04010.jpg,jmuben,train-2.parquet#6612:3(902).jpg,1,rust,2,0,,train
jmuben/04011.jpg,jmuben,train-2.parquet#6615:5(3315).jpg,1,rust,2,0,,train
jmuben/04012.jpg,jmuben,train-2.parquet#6621:5(3745).jpg,1,rust,2,0,,train
jmuben/04013.jpg,jmuben,train-2.parquet#6630:5(1451).jpg,1,rust,2,0,,train
jmuben/04014.jpg,jmuben,train-2.parquet#6631:2(282).jpg,1,rust,2,0,,train
jmuben/04017.jpg,jmuben,train-2.parquet#6662:2(797).jpg,1,rust,2,0,,train
jmuben/04018.jpg,jmuben,train-2.parquet#6664:5(2904).jpg,1,rust,2,0,,train
jmuben/04019.jpg,jmuben,train-2.parquet#6677:2(152).jpg,1,rust,2,0,,train
jmuben/04020.jpg,jmuben,train-2.parquet#6679:5(2007).jpg,1,rust,2,0,,train
jmuben/04022.jpg,jmuben,train-2.parquet#6693:2(447).jpg,1,rust,2,0,,train
jmuben/04024.jpg,jmuben,train-2.parquet#6710:3(1).jpg,1,rust,2,0,,train
jmuben/04025.jpg,jmuben,train-2.parquet#6717:5(179).jpg,1,rust,2,0,,train
jmuben/04026.jpg,jmuben,train-2.parquet#6721:1(337).jpg,1,rust,2,0,,train
jmuben/04027.jpg,jmuben,train-2.parquet#6722:20210125_183811.jpg.jpg,1,rust,2,0,,train
jmuben/04028.jpg,jmuben,train-2.parquet#6728:5(1851).jpg,1,rust,2,0,,train
jmuben/04029.jpg,jmuben,train-2.parquet#6738:3(1325).jpg,1,rust,2,0,,train
jmuben/04030.jpg,jmuben,train-2.parquet#6754:3(943).jpg,1,rust,2,0,,train
jmuben/04031.jpg,jmuben,train-2.parquet#6760:5(1739).jpg,1,rust,2,0,,train
jmuben/04034.jpg,jmuben,train-2.parquet#6777:2(693).jpg,1,rust,2,0,,train
jmuben/04035.jpg,jmuben,train-2.parquet#6785:2(11).jpg,1,rust,2,0,,train
jmuben/04036.jpg,jmuben,train-2.parquet#6787:3(369).jpg,1,rust,2,0,,train
jmuben/04037.jpg,jmuben,train-2.parquet#6789:5(2396).jpg,1,rust,2,0,,train
jmuben/04038.jpg,jmuben,train-2.parquet#6790:3(693).jpg,1,rust,2,0,,train
jmuben/04039.jpg,jmuben,train-2.parquet#6792:5(3991).jpg,1,rust,2,0,,train
jmuben/04040.jpg,jmuben,train-2.parquet#6798:5(1806).jpg,1,rust,2,0,,train
jmuben/04041.jpg,jmuben,train-2.parquet#6809:5(1312).jpg,1,rust,2,0,,train
jmuben/04042.jpg,jmuben,train-2.parquet#6811:1(95).jpg,1,rust,2,0,,train
jmuben/04044.jpg,jmuben,train-2.parquet#6835:5(1607).jpg,1,rust,2,0,,train
jmuben/04047.jpg,jmuben,train-2.parquet#6857:5(3456).jpg,1,rust,2,0,,train
jmuben/04048.jpg,jmuben,train-2.parquet#6864:3(1132).jpg,1,rust,2,0,,train
jmuben/04050.jpg,jmuben,train-2.parquet#6871:5(3905).jpg,1,rust,2,0,,train
jmuben/04051.jpg,jmuben,train-2.parquet#6894:5(3397).jpg,1,rust,2,0,,train
jmuben/04053.jpg,jmuben,train-2.parquet#6903:3(579).jpg,1,rust,2,0,,train
jmuben/04054.jpg,jmuben,train-2.parquet#6904:2(980).jpg,1,rust,2,0,,train
jmuben/04055.jpg,jmuben,train-2.parquet#6909:5(102).jpg,1,rust,2,0,,train
jmuben/04056.jpg,jmuben,train-2.parquet#6917:2(650).jpg,1,rust,2,0,,train
jmuben/04057.jpg,jmuben,train-2.parquet#6919:5(3817).jpg,1,rust,2,0,,train
jmuben/04058.jpg,jmuben,train-2.parquet#6923:IMG_20210125_181848_1.jpg.jpg,1,rust,2,0,,train
jmuben/04060.jpg,jmuben,train-2.parquet#6932:5(944).jpg,1,rust,2,0,,train
jmuben/04061.jpg,jmuben,train-2.parquet#6942:3(1535).jpg,1,rust,2,0,,train
jmuben/04062.jpg,jmuben,train-2.parquet#6944:5(17).jpeg,1,rust,2,0,,train
jmuben/04064.jpg,jmuben,train-2.parquet#6955:20210125_183310.jpg.jpg,1,rust,2,0,,train
jmuben/04065.jpg,jmuben,train-2.parquet#6960:3(580).jpg,1,rust,2,0,,train
jmuben/04066.jpg,jmuben,train-2.parquet#6968:5(78).jpg,1,rust,2,0,,train
jmuben/04067.jpg,jmuben,train-2.parquet#6978:5(1996).jpg,1,rust,2,0,,train
jmuben/04069.jpg,jmuben,train-2.parquet#6992:5(3552).jpg,1,rust,2,0,,train
jmuben/04072.jpg,jmuben,train-2.parquet#7003:5(1580).jpg,1,rust,2,0,,train
jmuben/04073.jpg,jmuben,train-2.parquet#7005:3(1173).jpg,1,rust,2,0,,train
jmuben/04074.jpg,jmuben,train-2.parquet#7008:5(952).jpg,1,rust,2,0,,train
jmuben/04075.jpg,jmuben,train-2.parquet#7018:5(2528).jpg,1,rust,2,0,,train
jmuben/04076.jpg,jmuben,train-2.parquet#7027:5(1304).jpg,1,rust,2,0,,train
jmuben/04077.jpg,jmuben,train-2.parquet#7028:5(3339).jpg,1,rust,2,0,,train
jmuben/04079.jpg,jmuben,train-2.parquet#7048:5(3155).jpg,1,rust,2,0,,train
jmuben/04081.jpg,jmuben,train-2.parquet#7053:5(513).jpg,1,rust,2,0,,train
jmuben/04082.jpg,jmuben,train-2.parquet#7060:3(241).jpg,1,rust,2,0,,train
jmuben/04083.jpg,jmuben,train-2.parquet#7070:5(2601).jpg,1,rust,2,0,,train
jmuben/04086.jpg,jmuben,train-2.parquet#7094:3(1430).jpg,1,rust,2,0,,train
jmuben/04088.jpg,jmuben,train-2.parquet#7114:1(249).jpg,1,rust,2,0,,train
jmuben/04089.jpg,jmuben,train-2.parquet#7120:5(3441).jpg,1,rust,2,0,,train
jmuben/04090.jpg,jmuben,train-2.parquet#7126:5(2179).jpg,1,rust,2,0,,train
jmuben/04094.jpg,jmuben,train-2.parquet#7145:3(1719).jpg,1,rust,2,0,,train
jmuben/04095.jpg,jmuben,train-2.parquet#7147:2(493).jpg,1,rust,2,0,,train
jmuben/04096.jpg,jmuben,train-2.parquet#7160:3(32).jpeg,1,rust,2,0,,train
jmuben/04100.jpg,jmuben,train-2.parquet#7177:5(3416).jpg,1,rust,2,0,,train
jmuben/04101.jpg,jmuben,train-2.parquet#7184:20210125_183105(0).jpg.jpg,1,rust,2,0,,train
jmuben/04102.jpg,jmuben,train-2.parquet#7186:5(1581).jpg,1,rust,2,0,,train
jmuben/04103.jpg,jmuben,train-2.parquet#7191:5(1978).jpg,1,rust,2,0,,train
jmuben/04104.jpg,jmuben,train-2.parquet#7193:5(2657).jpg,1,rust,2,0,,train
jmuben/04106.jpg,jmuben,train-2.parquet#7206:5(1702).jpg,1,rust,2,0,,train
jmuben/04107.jpg,jmuben,train-2.parquet#7207:5(2084).jpg,1,rust,2,0,,train
jmuben/04108.jpg,jmuben,train-2.parquet#7213:5(79).jpg,1,rust,2,0,,train
jmuben/04111.jpg,jmuben,train-2.parquet#7236:3(1471).jpg,1,rust,2,0,,train
jmuben/04112.jpg,jmuben,train-2.parquet#7238:3(201).jpg,1,rust,2,0,,train
jmuben/04113.jpg,jmuben,train-2.parquet#7245:5(2354).jpg,1,rust,2,0,,train
jmuben/04114.jpg,jmuben,train-2.parquet#7256:3(1164).jpg,1,rust,2,0,,train
jmuben/04115.jpg,jmuben,train-2.parquet#7264:5(2138).jpg,1,rust,2,0,,train
jmuben/04116.jpg,jmuben,train-2.parquet#7268:5(2092).jpg,1,rust,2,0,,train
jmuben/04117.jpg,jmuben,train-2.parquet#7286:IMG_20210125_181818.jpg,1,rust,2,0,,train
jmuben/04118.jpg,jmuben,train-2.parquet#7291:20210125_183246.jpg.jpg,1,rust,2,0,,train
jmuben/04119.jpg,jmuben,train-2.parquet#7318:5(3457).jpg,1,rust,2,0,,train
jmuben/04120.jpg,jmuben,train-2.parquet#7319:5(1190).jpg,1,rust,2,0,,train
jmuben/04121.jpg,jmuben,train-2.parquet#7321:3(1563).jpg,1,rust,2,0,,train
jmuben/04122.jpg,jmuben,train-2.parquet#7327:5(1893).jpg,1,rust,2,0,,train
jmuben/04123.jpg,jmuben,train-2.parquet#7331:5(3904).jpg,1,rust,2,0,,train
jmuben/04125.jpg,jmuben,train-2.parquet#7342:5(292).jpg,1,rust,2,0,,train
jmuben/04126.jpg,jmuben,train-2.parquet#7346:2(893).jpg,1,rust,2,0,,train
jmuben/04127.jpg,jmuben,train-2.parquet#7347:3(190).jpg,1,rust,2,0,,train
jmuben/04128.jpg,jmuben,train-2.parquet#7353:3(46).jpg,1,rust,2,0,,train
jmuben/04130.jpg,jmuben,train-2.parquet#7360:519039c05e8c.jpeg,1,rust,2,0,,train
jmuben/04131.jpg,jmuben,train-2.parquet#7361:1(199).jpg,1,rust,2,0,,train
jmuben/04132.jpg,jmuben,train-2.parquet#7363:1(463).jpg,1,rust,2,0,,train
jmuben/04133.jpg,jmuben,train-2.parquet#7367:2(738).jpg,1,rust,2,0,,train
jmuben/04134.jpg,jmuben,train-2.parquet#7375:3(738).jpg,1,rust,2,0,,train
jmuben/04135.jpg,jmuben,train-2.parquet#7380:20210125_183212(0).jpg.jpg,1,rust,2,0,,train
jmuben/04137.jpg,jmuben,train-2.parquet#7393:2(387).jpg,1,rust,2,0,,train
jmuben/04138.jpg,jmuben,train-2.parquet#7412:3(1774).jpg,1,rust,2,0,,train
jmuben/04139.jpg,jmuben,train-2.parquet#7414:1(418).jpg,1,rust,2,0,,train
jmuben/04140.jpg,jmuben,train-2.parquet#7425:5(2817).jpg,1,rust,2,0,,train
jmuben/04141.jpg,jmuben,train-2.parquet#7431:2(942).jpg,1,rust,2,0,,train
jmuben/04142.jpg,jmuben,train-2.parquet#7450:2(780).jpg,1,rust,2,0,,train
jmuben/04143.jpg,jmuben,train-2.parquet#7455:5(1503).jpg,1,rust,2,0,,train
jmuben/04144.jpg,jmuben,train-2.parquet#7458:3(1959).jpg,1,rust,2,0,,train
jmuben/04145.jpg,jmuben,train-2.parquet#7459:3(780).jpg,1,rust,2,0,,train
jmuben/04146.jpg,jmuben,train-2.parquet#7473:5(4078).jpg,1,rust,2,0,,train
jmuben/04147.jpg,jmuben,train-2.parquet#7483:3(446).jpg,1,rust,2,0,,train
jmuben/04148.jpg,jmuben,train-2.parquet#7489:3(1666).jpg,1,rust,2,0,,train
jmuben/04150.jpg,jmuben,train-2.parquet#7499:5(1450).jpg,1,rust,2,0,,train
jmuben/04152.jpg,jmuben,train-2.parquet#7510:5(3894).jpg,1,rust,2,0,,train
jmuben/04153.jpg,jmuben,train-2.parquet#7515:5(928).jpg,1,rust,2,0,,train
jmuben/04154.jpg,jmuben,train-2.parquet#7519:5(2293).jpg,1,rust,2,0,,train
jmuben/04156.jpg,jmuben,train-2.parquet#7533:5(2440).jpg,1,rust,2,0,,train
jmuben/04157.jpg,jmuben,train-2.parquet#7535:5(2010).jpg,1,rust,2,0,,train
jmuben/04158.jpg,jmuben,train-2.parquet#7543:3(846).jpg,1,rust,2,0,,train
jmuben/04159.jpg,jmuben,train-2.parquet#7545:2(1007).jpg,1,rust,2,0,,train
jmuben/04160.jpg,jmuben,train-2.parquet#7546:3(1735).jpg,1,rust,2,0,,train
jmuben/04161.jpg,jmuben,train-2.parquet#7556:3(903).jpg,1,rust,2,0,,train
jmuben/04162.jpg,jmuben,train-2.parquet#7563:5(752).jpg,1,rust,2,0,,train
jmuben/04165.jpg,jmuben,train-2.parquet#7587:5(1112).jpg,1,rust,2,0,,train
jmuben/04166.jpg,jmuben,train-2.parquet#7588:2(4).jpg,1,rust,2,0,,train
jmuben/04168.jpg,jmuben,train-2.parquet#7614:2(112).jpg,1,rust,2,0,,train
jmuben/04170.jpg,jmuben,train-2.parquet#7632:5(2801).jpg,1,rust,2,0,,train
jmuben/04171.jpg,jmuben,train-2.parquet#7634:3(1277).jpg,1,rust,2,0,,train
jmuben/04172.jpg,jmuben,train-2.parquet#7636:5(3343).jpg,1,rust,2,0,,train
jmuben/04173.jpg,jmuben,train-2.parquet#7653:3(1650).jpg,1,rust,2,0,,train
jmuben/04174.jpg,jmuben,train-2.parquet#7657:2(923).jpg,1,rust,2,0,,train
jmuben/04175.jpg,jmuben,train-2.parquet#7670:20210125_183604.jpg.jpg,1,rust,2,0,,train
jmuben/04176.jpg,jmuben,train-2.parquet#7672:5(2899).jpg,1,rust,2,0,,train
jmuben/04180.jpg,jmuben,train-2.parquet#7684:5(637).jpg,1,rust,2,0,,train
jmuben/04181.jpg,jmuben,train-2.parquet#7685:5(2319).jpg,1,rust,2,0,,train
jmuben/04182.jpg,jmuben,train-2.parquet#7691:3(1596).jpg,1,rust,2,0,,train
jmuben/04184.jpg,jmuben,train-2.parquet#7705:3(759).jpg,1,rust,2,0,,train
jmuben/04185.jpg,jmuben,train-2.parquet#7711:5(1923).jpg,1,rust,2,0,,train
jmuben/04186.jpg,jmuben,train-2.parquet#7716:2(974).jpg,1,rust,2,0,,train
jmuben/04188.jpg,jmuben,train-2.parquet#7732:3(1742).jpg,1,rust,2,0,,train
jmuben/04189.jpg,jmuben,train-2.parquet#7734:5(3226).jpg,1,rust,2,0,,train
jmuben/04190.jpg,jmuben,train-2.parquet#7739:2(132).jpg,1,rust,2,0,,train
jmuben/04191.jpg,jmuben,train-2.parquet#7740:5(4019).jpg,1,rust,2,0,,train
jmuben/04192.jpg,jmuben,train-2.parquet#7744:5(2437).jpg,1,rust,2,0,,train
jmuben/04193.jpg,jmuben,train-2.parquet#7760:5(1974).jpg,1,rust,2,0,,train
jmuben/04194.jpg,jmuben,train-2.parquet#7764:1(212).jpg,1,rust,2,0,,train
jmuben/04195.jpg,jmuben,train-2.parquet#7766:5(1427).jpg,1,rust,2,0,,train
jmuben/04196.jpg,jmuben,train-2.parquet#7776:5(1718).jpg,1,rust,2,0,,train
jmuben/04197.jpg,jmuben,train-2.parquet#7809:5(1574).jpg,1,rust,2,0,,train
jmuben/04198.jpg,jmuben,train-2.parquet#7814:5(3119).jpg,1,rust,2,0,,train
jmuben/04199.jpg,jmuben,train-2.parquet#7826:5(1962).jpg,1,rust,2,0,,train
jmuben/04201.jpg,jmuben,train-2.parquet#7836:2(466).jpg,1,rust,2,0,,train
jmuben/04202.jpg,jmuben,train-2.parquet#7852:1(195).jpg,1,rust,2,0,,train
jmuben/04203.jpg,jmuben,train-2.parquet#7865:5(2026).jpg,1,rust,2,0,,train
jmuben/04204.jpg,jmuben,train-2.parquet#7868:2(870).jpg,1,rust,2,0,,train
jmuben/04206.jpg,jmuben,train-2.parquet#7879:3(1979).jpg,1,rust,2,0,,train
jmuben/04209.jpg,jmuben,train-2.parquet#7957:20210125_183318.jpg.jpg,1,rust,2,0,,train
jmuben/04210.jpg,jmuben,train-2.parquet#7958:5(318).jpg,1,rust,2,0,,train
jmuben/04211.jpg,jmuben,train-2.parquet#7963:3(1390).jpg,1,rust,2,0,,train
jmuben/04212.jpg,jmuben,train-2.parquet#7976:2(333).jpg,1,rust,2,0,,train
jmuben/04215.jpg,jmuben,train-2.parquet#8008:5(1630).jpg,1,rust,2,0,,train
jmuben/04216.jpg,jmuben,train-2.parquet#8027:5(1325).jpg,1,rust,2,0,,train
jmuben/04217.jpg,jmuben,train-2.parquet#8028:5(3318).jpg,1,rust,2,0,,train
jmuben/04218.jpg,jmuben,train-2.parquet#8029:3(1806).jpg,1,rust,2,0,,train
jmuben/04219.jpg,jmuben,train-2.parquet#8034:5(924).jpg,1,rust,2,0,,train
jmuben/04220.jpg,jmuben,train-2.parquet#8040:5(54).jpeg,1,rust,2,0,,train
jmuben/04221.jpg,jmuben,train-2.parquet#8041:1(269).jpg,1,rust,2,0,,train
jmuben/04222.jpg,jmuben,train-2.parquet#8054:5(498).jpg,1,rust,2,0,,train
jmuben/04223.jpg,jmuben,train-2.parquet#8060:1(286).jpg,1,rust,2,0,,train
jmuben/04225.jpg,jmuben,train-2.parquet#8069:5(59).jpg,1,rust,2,0,,train
jmuben/04226.jpg,jmuben,train-2.parquet#8081:5(1372).jpg,1,rust,2,0,,train
jmuben/04228.jpg,jmuben,train-2.parquet#8085:IMG_20210126_091232.jpg,1,rust,2,0,,train
jmuben/04230.jpg,jmuben,train-2.parquet#8100:5(3965).jpg,1,rust,2,0,,train
jmuben/04231.jpg,jmuben,train-2.parquet#8101:5(1958).jpg,1,rust,2,0,,train
jmuben/04232.jpg,jmuben,train-2.parquet#8108:5(2698).jpg,1,rust,2,0,,train
jmuben/04233.jpg,jmuben,train-2.parquet#8113:5(3820).jpg,1,rust,2,0,,train
jmuben/04234.jpg,jmuben,train-2.parquet#8115:3(237).jpg,1,rust,2,0,,train
jmuben/04235.jpg,jmuben,train-2.parquet#8117:20210125_183623(0).jpg.jpg,1,rust,2,0,,train
jmuben/04237.jpg,jmuben,train-2.parquet#8121:5(3573).jpg,1,rust,2,0,,train
jmuben/04239.jpg,jmuben,train-2.parquet#8129:3(1346).jpg,1,rust,2,0,,train
jmuben/04240.jpg,jmuben,train-2.parquet#8131:2(166).jpg,1,rust,2,0,,train
jmuben/04241.jpg,jmuben,train-2.parquet#8140:5(2930).jpg,1,rust,2,0,,train
jmuben/04242.jpg,jmuben,train-2.parquet#8155:5(3337).jpg,1,rust,2,0,,train
jmuben/04243.jpg,jmuben,train-2.parquet#8157:5(321).jpg,1,rust,2,0,,train
jmuben/04244.jpg,jmuben,train-2.parquet#8180:3(1595).jpg,1,rust,2,0,,train
jmuben/04245.jpg,jmuben,train-2.parquet#8230:3(1487).jpg,1,rust,2,0,,train
jmuben/04246.jpg,jmuben,train-2.parquet#8253:2(648).jpg,1,rust,2,0,,train
jmuben/04247.jpg,jmuben,train-2.parquet#8263:5(3399).jpg,1,rust,2,0,,train
jmuben/04250.jpg,jmuben,train-2.parquet#8291:2(432).jpg,1,rust,2,0,,train
jmuben/04251.jpg,jmuben,train-2.parquet#8294:5(1961).jpg,1,rust,2,0,,train
jmuben/04252.jpg,jmuben,train-2.parquet#8299:1(207).jpg,1,rust,2,0,,train
jmuben/04254.jpg,jmuben,train-2.parquet#8322:2(520).jpg,1,rust,2,0,,train
jmuben/04255.jpg,jmuben,train-2.parquet#8330:5(788).jpg,1,rust,2,0,,train
jmuben/04256.jpg,jmuben,train-2.parquet#8345:5(3321).jpg,1,rust,2,0,,train
jmuben/04257.jpg,jmuben,train-2.parquet#8346:3(465).jpg,1,rust,2,0,,train
jmuben/04258.jpg,jmuben,train-2.parquet#8347:5(2160).jpg,1,rust,2,0,,train
jmuben/04261.jpg,jmuben,train-2.parquet#8394:3(222).jpg,1,rust,2,0,,train
jmuben/04263.jpg,jmuben,train-2.parquet#8404:20210125_183044.jpg.jpg,1,rust,2,0,,train
jmuben/04264.jpg,jmuben,train-2.parquet#8421:3(1517).jpg,1,rust,2,0,,train
jmuben/04265.jpg,jmuben,train-2.parquet#8431:3(737).jpg,1,rust,2,0,,train
jmuben/04268.jpg,jmuben,train-2.parquet#8444:2(449).jpg,1,rust,2,0,,train
jmuben/04270.jpg,jmuben,train-2.parquet#8447:5(4077).jpg,1,rust,2,0,,train
jmuben/04271.jpg,jmuben,train-2.parquet#8454:1(440).jpg,1,rust,2,0,,train
jmuben/04272.jpg,jmuben,train-2.parquet#8456:5(2009).jpg,1,rust,2,0,,train
jmuben/04273.jpg,jmuben,train-2.parquet#8461:5(3531).jpg,1,rust,2,0,,train
jmuben/04274.jpg,jmuben,train-2.parquet#8465:1(339).jpg,1,rust,2,0,,train
jmuben/04276.jpg,jmuben,train-2.parquet#8498:5(39).jpeg,1,rust,2,0,,train
jmuben/04277.jpg,jmuben,train-2.parquet#8501:1(143).jpg,1,rust,2,0,,train
jmuben/04279.jpg,jmuben,train-2.parquet#8511:5(1263).jpg,1,rust,2,0,,train
jmuben/04280.jpg,jmuben,train-2.parquet#8533:3(1413).jpg,1,rust,2,0,,train
jmuben/04281.jpg,jmuben,train-2.parquet#8537:2(326).jpg,1,rust,2,0,,train
jmuben/04283.jpg,jmuben,train-2.parquet#8548:5(927).jpg,1,rust,2,0,,train
jmuben/04284.jpg,jmuben,train-2.parquet#8561:3(1628).jpg,1,rust,2,0,,train
jmuben/04285.jpg,jmuben,train-2.parquet#8563:20210125_183036.jpg.jpg,1,rust,2,0,,train
jmuben/04288.jpg,jmuben,train-2.parquet#8580:5(3570).jpg,1,rust,2,0,,train
jmuben/04289.jpg,jmuben,train-2.parquet#8594:3(234).jpg,1,rust,2,0,,train
jmuben/04290.jpg,jmuben,train-2.parquet#8621:5(1185).jpg,1,rust,2,0,,train
jmuben/04291.jpg,jmuben,train-2.parquet#8635:5(1869).jpg,1,rust,2,0,,train
jmuben/04293.jpg,jmuben,train-2.parquet#8641:5(2316).jpg,1,rust,2,0,,train
jmuben/04294.jpg,jmuben,train-2.parquet#8643:5(3157).jpg,1,rust,2,0,,train
jmuben/04296.jpg,jmuben,train-2.parquet#8667:5(792).jpg,1,rust,2,0,,train
jmuben/04297.jpg,jmuben,train-2.parquet#8672:1(81).jpg,1,rust,2,0,,train
jmuben/04300.jpg,jmuben,train-2.parquet#8711:5(1994).jpg,1,rust,2,0,,train
jmuben/04302.jpg,jmuben,train-2.parquet#8733:5(2592).jpg,1,rust,2,0,,train
jmuben/04303.jpg,jmuben,train-2.parquet#8735:5(2068).jpg,1,rust,2,0,,train
jmuben/04304.jpg,jmuben,train-2.parquet#8741:20210125_183617(0).jpg.jpg,1,rust,2,0,,train
jmuben/04305.jpg,jmuben,train-2.parquet#8742:2(582).jpg,1,rust,2,0,,train
jmuben/04306.jpg,jmuben,train-2.parquet#8749:5(1701).jpg,1,rust,2,0,,train
jmuben/04307.jpg,jmuben,train-2.parquet#8760:3(1864).jpg,1,rust,2,0,,train
jmuben/04308.jpg,jmuben,train-2.parquet#8768:3(27).jpeg,1,rust,2,0,,train
jmuben/04309.jpg,jmuben,train-2.parquet#8778:5(100).jpg,1,rust,2,0,,train
jmuben/04310.jpg,jmuben,train-2.parquet#8782:3(1188).jpg,1,rust,2,0,,train
jmuben/04312.jpg,jmuben,train-2.parquet#8809:1(122).jpg,1,rust,2,0,,train
jmuben/04314.jpg,jmuben,train-2.parquet#8815:5(83).jpg,1,rust,2,0,,train
jmuben/04315.jpg,jmuben,train-2.parquet#8820:5(1890).jpg,1,rust,2,0,,train
jmuben/04317.jpg,jmuben,train-2.parquet#8830:2(740).jpg,1,rust,2,0,,train
jmuben/04318.jpg,jmuben,train-2.parquet#8837:2(605).jpg,1,rust,2,0,,train
jmuben/04320.jpg,jmuben,train-2.parquet#8842:2(255).jpg,1,rust,2,0,,train
jmuben/04322.jpg,jmuben,train-2.parquet#8846:5(43).jpeg,1,rust,2,0,,train
jmuben/04323.jpg,jmuben,train-2.parquet#8852:2(87).jpg,1,rust,2,0,,train
jmuben/04326.jpg,jmuben,train-2.parquet#8868:1(460).jpg,1,rust,2,0,,train
jmuben/04328.jpg,jmuben,train-2.parquet#8884:2(193).jpg,1,rust,2,0,,train
jmuben/04329.jpg,jmuben,train-2.parquet#8892:2(469).jpg,1,rust,2,0,,train
jmuben/04330.jpg,jmuben,train-2.parquet#8913:1(227).jpg,1,rust,2,0,,train
jmuben/04331.jpg,jmuben,train-2.parquet#8919:2(941).jpg,1,rust,2,0,,train
jmuben/04333.jpg,jmuben,train-2.parquet#8925:5(3356).jpg,1,rust,2,0,,train
jmuben/04335.jpg,jmuben,train-2.parquet#8931:2(412).jpg,1,rust,2,0,,train
jmuben/04336.jpg,jmuben,train-2.parquet#8936:3(804).jpg,1,rust,2,0,,train
jmuben/04339.jpg,jmuben,train-2.parquet#8961:3(1059).jpg,1,rust,2,0,,train
jmuben/04340.jpg,jmuben,train-2.parquet#8966:3(1409).jpg,1,rust,2,0,,train
jmuben/04341.jpg,jmuben,train-2.parquet#8976:5(1445).jpg,1,rust,2,0,,train
jmuben/04342.jpg,jmuben,train-2.parquet#8977:5(1916).jpg,1,rust,2,0,,train
jmuben/04343.jpg,jmuben,train-2.parquet#8986:2(445).jpg,1,rust,2,0,,train
jmuben/04344.jpg,jmuben,train-2.parquet#8990:3(86).jpg,1,rust,2,0,,train
jmuben/04345.jpg,jmuben,train-2.parquet#8994:5(2843).jpg,1,rust,2,0,,train
jmuben/04346.jpg,jmuben,train-2.parquet#8999:1(159).jpg,1,rust,2,0,,train
jmuben/04347.jpg,jmuben,train-2.parquet#9000:5(67).jpeg,1,rust,2,0,,train
jmuben/04350.jpg,jmuben,train-2.parquet#9024:2(1012).jpg,1,rust,2,0,,train
jmuben/04351.jpg,jmuben,train-2.parquet#9029:3(1370).jpg,1,rust,2,0,,train
jmuben/04352.jpg,jmuben,train-2.parquet#9057:5(1453).jpg,1,rust,2,0,,train
jmuben/04353.jpg,jmuben,train-2.parquet#9068:3(453).jpg,1,rust,2,0,,train
jmuben/04354.jpg,jmuben,train-2.parquet#9070:5(3317).jpg,1,rust,2,0,,train
jmuben/04355.jpg,jmuben,train-2.parquet#9071:5(301).jpg,1,rust,2,0,,train
jmuben/04356.jpg,jmuben,train-2.parquet#9077:5(751).jpg,1,rust,2,0,,train
jmuben/04358.jpg,jmuben,train-2.parquet#9081:2(453).jpg,1,rust,2,0,,train
jmuben/04359.jpg,jmuben,train-2.parquet#9093:3(1736).jpg,1,rust,2,0,,train
jmuben/04363.jpg,jmuben,train-2.parquet#9113:3(392).jpg,1,rust,2,0,,train
jmuben/04366.jpg,jmuben,train-2.parquet#9134:3(687).jpg,1,rust,2,0,,train
jmuben/04367.jpg,jmuben,train-2.parquet#9137:IMG_20210126_092720.jpg,1,rust,2,0,,train
jmuben/04368.jpg,jmuben,train-2.parquet#9173:1(15).jpg,1,rust,2,0,,train
jmuben/04369.jpg,jmuben,train-2.parquet#9175:2(111).jpg,1,rust,2,0,,train
jmuben/04370.jpg,jmuben,train-2.parquet#9179:5(2803).jpg,1,rust,2,0,,train
jmuben/04371.jpg,jmuben,train-2.parquet#9187:1(119).jpg,1,rust,2,0,,train
jmuben/04372.jpg,jmuben,train-2.parquet#9189:3(2009).jpg,1,rust,2,0,,train
jmuben/04373.jpg,jmuben,train-2.parquet#9200:5(642).jpg,1,rust,2,0,,train
jmuben/04374.jpg,jmuben,train-2.parquet#9214:3(1330).jpg,1,rust,2,0,,train
jmuben/04375.jpg,jmuben,train-2.parquet#9217:IMG_20210125_181820_2.jpg,1,rust,2,0,,train
jmuben/04377.jpg,jmuben,train-2.parquet#9241:5(1405).jpg,1,rust,2,0,,train
jmuben/04378.jpg,jmuben,train-2.parquet#9253:5(300).jpg,1,rust,2,0,,train
jmuben/04379.jpg,jmuben,train-2.parquet#9270:5(245).jpg,1,rust,2,0,,train
jmuben/04381.jpg,jmuben,train-2.parquet#9289:2(794).jpg,1,rust,2,0,,train
jmuben/04383.jpg,jmuben,train-2.parquet#9310:1(267).jpg,1,rust,2,0,,train
jmuben/04384.jpg,jmuben,train-2.parquet#9323:5(3300).jpg,1,rust,2,0,,train
jmuben/04385.jpg,jmuben,train-2.parquet#9326:3(2048).jpg,1,rust,2,0,,train
jmuben/04386.jpg,jmuben,train-2.parquet#9341:5(2907).jpg,1,rust,2,0,,train
jmuben/04387.jpg,jmuben,train-2.parquet#9347:5(253).jpg,1,rust,2,0,,train
jmuben/04390.jpg,jmuben,train-2.parquet#9383:5(2638).jpg,1,rust,2,0,,train
jmuben/04391.jpg,jmuben,train-2.parquet#9391:20210125_183612(0).jpg.jpg,1,rust,2,0,,train
jmuben/04392.jpg,jmuben,train-2.parquet#9392:2(940).jpg,1,rust,2,0,,train
jmuben/04393.jpg,jmuben,train-2.parquet#9396:5(341).jpg,1,rust,2,0,,train
jmuben/04394.jpg,jmuben,train-2.parquet#9409:5(3212).jpg,1,rust,2,0,,train
jmuben/04396.jpg,jmuben,train-2.parquet#9439:IMG_20210126_091359.jpg,1,rust,2,0,,train
jmuben/04397.jpg,jmuben,train-2.parquet#9442:5(2395).jpg,1,rust,2,0,,train
jmuben/04398.jpg,jmuben,train-2.parquet#9443:3(690).jpg,1,rust,2,0,,train
jmuben/04399.jpg,jmuben,train-2.parquet#9453:5(4056).jpg,1,rust,2,0,,train
jmuben/04400.jpg,jmuben,train-2.parquet#9456:20210125_183146.jpg.jpg,1,rust,2,0,,train
jmuben/04402.jpg,jmuben,train-2.parquet#9460:2(487).jpg,1,rust,2,0,,train
jmuben/04403.jpg,jmuben,train-2.parquet#9464:1(461).jpg,1,rust,2,0,,train
jmuben/04404.jpg,jmuben,train-2.parquet#9487:2(69).jpg,1,rust,2,0,,train
jmuben/04405.jpg,jmuben,train-2.parquet#9491:5(2614).jpg,1,rust,2,0,,train
jmuben/04406.jpg,jmuben,train-2.parquet#9493:5(910).jpg,1,rust,2,0,,train
jmuben/04408.jpg,jmuben,train-2.parquet#9505:3(1424).jpg,1,rust,2,0,,train
jmuben/04410.jpg,jmuben,train-2.parquet#9515:5(156).jpg,1,rust,2,0,,train
jmuben/04411.jpg,jmuben,train-2.parquet#9517:3(604).jpg,1,rust,2,0,,train
jmuben/04412.jpg,jmuben,train-2.parquet#9518:3(1977).jpg,1,rust,2,0,,train
jmuben/04413.jpg,jmuben,train-2.parquet#9537:5(1203).jpg,1,rust,2,0,,train
jmuben/04414.jpg,jmuben,train-2.parquet#9539:3(13).jpg,1,rust,2,0,,train
jmuben/04417.jpg,jmuben,train-2.parquet#9557:20210125_183103.jpg,1,rust,2,0,,train
jmuben/04418.jpg,jmuben,train-2.parquet#9572:3(203).jpg,1,rust,2,0,,train
jmuben/04419.jpg,jmuben,train-2.parquet#9573:5(802).jpg,1,rust,2,0,,train
jmuben/04420.jpg,jmuben,train-2.parquet#9577:20210125_184308(0).jpg.jpg,1,rust,2,0,,train
jmuben/04422.jpg,jmuben,train-2.parquet#9594:3(995).jpg,1,rust,2,0,,train
jmuben/04423.jpg,jmuben,train-2.parquet#9599:5(3678).jpg,1,rust,2,0,,train
jmuben/04425.jpg,jmuben,train-2.parquet#9620:3(1609).jpg,1,rust,2,0,,train
jmuben/04427.jpg,jmuben,train-2.parquet#9652:5(1995).jpg,1,rust,2,0,,train
jmuben/04428.jpg,jmuben,train-2.parquet#9653:3(645).jpg,1,rust,2,0,,train
jmuben/04431.jpg,jmuben,train-2.parquet#9681:3(2).jpeg,1,rust,2,0,,train
jmuben/04432.jpg,jmuben,train-2.parquet#9684:5(1757).jpg,1,rust,2,0,,train
jmuben/04433.jpg,jmuben,train-2.parquet#9685:1(80).jpg,1,rust,2,0,,train
jmuben/04435.jpg,jmuben,train-2.parquet#9696:5(3013).jpg,1,rust,2,0,,train
jmuben/04436.jpg,jmuben,train-2.parquet#9704:3(1824).jpg,1,rust,2,0,,train
jmuben/04437.jpg,jmuben,train-2.parquet#9705:3(307).jpg,1,rust,2,0,,train
jmuben/04438.jpg,jmuben,train-2.parquet#9713:3(23).jpeg,1,rust,2,0,,train
jmuben/04439.jpg,jmuben,train-2.parquet#9726:2(242).jpg,1,rust,2,0,,train
jmuben/04440.jpg,jmuben,train-2.parquet#9729:5(510).jpg,1,rust,2,0,,train
jmuben/04441.jpg,jmuben,train-2.parquet#9731:2(612).jpg,1,rust,2,0,,train
jmuben/04442.jpg,jmuben,train-2.parquet#9751:5(3822).jpg,1,rust,2,0,,train
jmuben/04443.jpg,jmuben,train-2.parquet#9787:5(4037).jpg,1,rust,2,0,,train
jmuben/04445.jpg,jmuben,train-2.parquet#9800:5(863).jpg,1,rust,2,0,,train
jmuben/04446.jpg,jmuben,train-2.parquet#9812:3(1042).jpg,1,rust,2,0,,train
jmuben/04447.jpg,jmuben,train-2.parquet#9815:2(632).jpg,1,rust,2,0,,train
jmuben/04449.jpg,jmuben,train-2.parquet#9822:2(777).jpg,1,rust,2,0,,train
jmuben/04453.jpg,jmuben,train-2.parquet#9858:5(526).jpg,1,rust,2,0,,train
jmuben/04454.jpg,jmuben,train-2.parquet#9877:5(930).jpg,1,rust,2,0,,train
jmuben/04456.jpg,jmuben,train-2.parquet#9892:1(154).jpg,1,rust,2,0,,train
jmuben/04457.jpg,jmuben,train-2.parquet#9896:5(1761).jpg,1,rust,2,0,,train
jmuben/04458.jpg,jmuben,train-2.parquet#9899:3(1668).jpg,1,rust,2,0,,train
jmuben/04459.jpg,jmuben,train-2.parquet#9901:1(59).jpg,1,rust,2,0,,train
jmuben/04460.jpg,jmuben,train-2.parquet#9905:5(3249).jpg,1,rust,2,0,,train
jmuben/04463.jpg,jmuben,train-2.parquet#9933:5(3588).jpg,1,rust,2,0,,train
jmuben/04464.jpg,jmuben,train-2.parquet#9941:5(2399).jpg,1,rust,2,0,,train
jmuben/04465.jpg,jmuben,train-2.parquet#9949:5(1736).jpg,1,rust,2,0,,train
jmuben/04466.jpg,jmuben,train-2.parquet#9955:2(809).jpg,1,rust,2,0,,train
jmuben/04468.jpg,jmuben,train-2.parquet#9962:3(809).jpg,1,rust,2,0,,train
jmuben/04469.jpg,jmuben,train-2.parquet#9970:5(3459).jpg,1,rust,2,0,,train
jmuben/04472.jpg,jmuben,train-2.parquet#9986:3(1078).jpg,1,rust,2,0,,train
jmuben/04473.jpg,jmuben,train-2.parquet#9989:2(608).jpg,1,rust,2,0,,train
jmuben/04474.jpg,jmuben,train-2.parquet#9997:5(1608).jpg,1,rust,2,0,,train
jmuben/04475.jpg,jmuben,train-2.parquet#10008:3(1351).jpg,1,rust,2,0,,train
jmuben/04477.jpg,jmuben,train-2.parquet#10021:5(3320).jpg,1,rust,2,0,,train
jmuben/04478.jpg,jmuben,train-2.parquet#10024:5(2161).jpg,1,rust,2,0,,train
jmuben/04479.jpg,jmuben,train-2.parquet#10035:1(206).jpg,1,rust,2,0,,train
jmuben/04480.jpg,jmuben,train-2.parquet#10036:5(1063).jpg,1,rust,2,0,,train
jmuben/04481.jpg,jmuben,train-2.parquet#10042:1(343).jpg,1,rust,2,0,,train
jmuben/04484.jpg,jmuben,train-2.parquet#10061:5(2970).jpg,1,rust,2,0,,train
jmuben/04487.jpg,jmuben,train-2.parquet#10096:IMG_20210126_092242.jpg,1,rust,2,0,,train
jmuben/04488.jpg,jmuben,train-2.parquet#10099:5(2659).jpg,1,rust,2,0,,train
jmuben/04489.jpg,jmuben,train-2.parquet#10105:3(219).jpg,1,rust,2,0,,train
jmuben/04490.jpg,jmuben,train-2.parquet#10112:2(219).jpg,1,rust,2,0,,train
jmuben/04491.jpg,jmuben,train-2.parquet#10122:5(2435).jpg,1,rust,2,0,,train
jmuben/04492.jpg,jmuben,train-2.parquet#10147:20210125_184307.jpg.jpg,1,rust,2,0,,train
jmuben/04493.jpg,jmuben,train-2.parquet#10150:5(3361).jpg,1,rust,2,0,,train
jmuben/04494.jpg,jmuben,train-2.parquet#10157:20210125_184317.jpg.jpg,1,rust,2,0,,train
jmuben/04495.jpg,jmuben,train-2.parquet#10162:5(1921).jpg,1,rust,2,0,,train
jmuben/04497.jpg,jmuben,train-2.parquet#10169:1(247).jpg,1,rust,2,0,,train
jmuben/04498.jpg,jmuben,train-2.parquet#10178:5(3789).jpg,1,rust,2,0,,train
jmuben/04500.jpg,jmuben,train-2.parquet#10199:2(921).jpg,1,rust,2,0,,train
jmuben/04501.jpg,jmuben,train-2.parquet#10202:3(188).jpg,1,rust,2,0,,train
jmuben/04502.jpg,jmuben,train-2.parquet#10205:5(3336).jpg,1,rust,2,0,,train
jmuben/04504.jpg,jmuben,train-2.parquet#10215:5(3917).jpg,1,rust,2,0,,train
jmuben/04506.jpg,jmuben,train-2.parquet#10229:5(1479).jpg,1,rust,2,0,,train
jmuben/04508.jpg,jmuben,train-2.parquet#10232:5(1183).jpg,1,rust,2,0,,train
jmuben/04509.jpg,jmuben,train-2.parquet#10246:20210125_184351.jpg.jpg,1,rust,2,0,,train
jmuben/04513.jpg,jmuben,train-2.parquet#10268:2(496).jpg,1,rust,2,0,,train
jmuben/04514.jpg,jmuben,train-2.parquet#10269:5(3278).jpg,1,rust,2,0,,train
jmuben/04515.jpg,jmuben,train-2.parquet#10273:5(2469).jpg,1,rust,2,0,,train
jmuben/04516.jpg,jmuben,train-2.parquet#10283:2(479).jpg,1,rust,2,0,,train
jmuben/04517.jpg,jmuben,train-2.parquet#10323:5(110).jpg,1,rust,2,0,,train
jmuben/04518.jpg,jmuben,train-2.parquet#10330:3(838).jpg,1,rust,2,0,,train
jmuben/04519.jpg,jmuben,train-2.parquet#10360:3(711).jpg,1,rust,2,0,,train
jmuben/04520.jpg,jmuben,train-2.parquet#10361:5(2214).jpg,1,rust,2,0,,train
jmuben/04521.jpg,jmuben,train-2.parquet#10365:5(1592).jpg,1,rust,2,0,,train
jmuben/04526.jpg,jmuben,train-2.parquet#10391:20210125_183604(0).jpg.jpg,1,rust,2,0,,train
jmuben/04528.jpg,jmuben,train-2.parquet#10393:5(2351).jpg,1,rust,2,0,,train
jmuben/04529.jpg,jmuben,train-2.parquet#10402:1(29).jpg,1,rust,2,0,,train
jmuben/04530.jpg,jmuben,train-2.parquet#10410:3(438).jpg,1,rust,2,0,,train
jmuben/04533.jpg,jmuben,train-2.parquet#10455:2(603).jpg,1,rust,2,0,,train
jmuben/04534.jpg,jmuben,train-2.parquet#10468:2(480).jpg,1,rust,2,0,,train
jmuben/04536.jpg,jmuben,train-2.parquet#10476:5(1603).jpg,1,rust,2,0,,train
jmuben/04538.jpg,jmuben,train-2.parquet#10493:2(896).jpg,1,rust,2,0,,train
jmuben/04539.jpg,jmuben,train-2.parquet#10501:3(228).jpg,1,rust,2,0,,train
jmuben/04540.jpg,jmuben,train-2.parquet#10507:1(364).jpg,1,rust,2,0,,train
jmuben/04541.jpg,jmuben,train-2.parquet#10515:1(221).jpg,1,rust,2,0,,train
jmuben/04542.jpg,jmuben,train-2.parquet#10561:5(2957).jpg,1,rust,2,0,,train
jmuben/04543.jpg,jmuben,train-2.parquet#10563:2(551).jpg,1,rust,2,0,,train
jmuben/04546.jpg,jmuben,train-2.parquet#10585:5(3887).jpg,1,rust,2,0,,train
jmuben/04547.jpg,jmuben,train-2.parquet#10592:5(468).jpg,1,rust,2,0,,train
jmuben/04548.jpg,jmuben,train-2.parquet#10600:IMG_20210125_181842.jpg.jpg,1,rust,2,0,,train
jmuben/04549.jpg,jmuben,train-2.parquet#10604:5(3757).jpg,1,rust,2,0,,train
jmuben/04550.jpg,jmuben,train-2.parquet#10615:2(506).jpg,1,rust,2,0,,train
jmuben/04551.jpg,jmuben,train-2.parquet#10617:20210125_183250.jpg.jpg,1,rust,2,0,,train
jmuben/04553.jpg,jmuben,train-2.parquet#10637:3(269).jpg,1,rust,2,0,,train
jmuben/04554.jpg,jmuben,train-2.parquet#10654:20210125_183059(0).jpg.jpg,1,rust,2,0,,train
jmuben/04555.jpg,jmuben,train-2.parquet#10658:2(286).jpg,1,rust,2,0,,train
jmuben/04556.jpg,jmuben,train-2.parquet#10660:5(1005).jpg,1,rust,2,0,,train
jmuben/04557.jpg,jmuben,train-2.parquet#10665:3(286).jpg,1,rust,2,0,,train
jmuben/04558.jpg,jmuben,train-2.parquet#10674:5(307).jpg,1,rust,2,0,,train
jmuben/04559.jpg,jmuben,train-2.parquet#10675:3(906).jpg,1,rust,2,0,,train
jmuben/04560.jpg,jmuben,train-2.parquet#10682:5(4084).jpg,1,rust,2,0,,train
jmuben/04563.jpg,jmuben,train-2.parquet#10716:2(394).jpg,1,rust,2,0,,train
jmuben/04564.jpg,jmuben,train-2.parquet#10720:5(3983).jpg,1,rust,2,0,,train
jmuben/04565.jpg,jmuben,train-2.parquet#10726:3(1858).jpg,1,rust,2,0,,train
jmuben/04566.jpg,jmuben,train-2.parquet#10727:3(681).jpg,1,rust,2,0,,train
jmuben/04567.jpg,jmuben,train-2.parquet#10732:5(583).jpg,1,rust,2,0,,train
jmuben/04568.jpg,jmuben,train-2.parquet#10735:5(2107).jpg,1,rust,2,0,,train
jmuben/04569.jpg,jmuben,train-2.parquet#10743:2(402).jpg,1,rust,2,0,,train
jmuben/04570.jpg,jmuben,train-2.parquet#10751:3(1767).jpg,1,rust,2,0,,train
jmuben/04572.jpg,jmuben,train-2.parquet#10754:5(2941).jpg,1,rust,2,0,,train
jmuben/04574.jpg,jmuben,train-2.parquet#10768:3(117).jpg,1,rust,2,0,,train
jmuben/04575.jpg,jmuben,train-2.parquet#10790:2(530).jpg,1,rust,2,0,,train
jmuben/04576.jpg,jmuben,train-2.parquet#10793:1(493).jpg,1,rust,2,0,,train
jmuben/04577.jpg,jmuben,train-2.parquet#10794:5(3331).jpg,1,rust,2,0,,train
jmuben/04579.jpg,jmuben,train-2.parquet#10801:5(21).jpeg,1,rust,2,0,,train
jmuben/04581.jpg,jmuben,train-2.parquet#10805:2(926).jpg,1,rust,2,0,,train
jmuben/04583.jpg,jmuben,train-2.parquet#10821:3(619).jpg,1,rust,2,0,,train
jmuben/04584.jpg,jmuben,train-2.parquet#10823:3(249).jpg,1,rust,2,0,,train
jmuben/04585.jpg,jmuben,train-2.parquet#10826:2(619).jpg,1,rust,2,0,,train
jmuben/04587.jpg,jmuben,train-2.parquet#10847:5(2062).jpg,1,rust,2,0,,train
jmuben/04588.jpg,jmuben,train-2.parquet#10850:2(834).jpg,1,rust,2,0,,train
jmuben/04589.jpg,jmuben,train-2.parquet#10860:5(3736).jpg,1,rust,2,0,,train
jmuben/04591.jpg,jmuben,train-2.parquet#10868:3(971).jpg,1,rust,2,0,,train
jmuben/04592.jpg,jmuben,train-2.parquet#10871:20210125_183214.jpg.jpg,1,rust,2,0,,train
jmuben/04594.jpg,jmuben,train-2.parquet#10887:3(1897).jpg,1,rust,2,0,,train
jmuben/04596.jpg,jmuben,train-2.parquet#10894:2(988).jpg,1,rust,2,0,,train
jmuben/04597.jpg,jmuben,train-2.parquet#10897:20210125_183433.jpg.jpg,1,rust,2,0,,train
jmuben/04598.jpg,jmuben,train-2.parquet#10906:5(3665).jpg,1,rust,2,0,,train
jmuben/04599.jpg,jmuben,train-2.parquet#10908:2(571).jpg,1,rust,2,0,,train
jmuben/04600.jpg,jmuben,train-2.parquet#10921:3(1614).jpg,1,rust,2,0,,train
jmuben/04601.jpg,jmuben,train-2.parquet#10924:5(2832).jpg,1,rust,2,0,,train
jmuben/04602.jpg,jmuben,train-2.parquet#10930:5(2131).jpg,1,rust,2,0,,train
jmuben/04603.jpg,jmuben,train-2.parquet#10945:20210125_183745.jpg.jpg,1,rust,2,0,,train
jmuben/04604.jpg,jmuben,train-2.parquet#10948:5(1988).jpg,1,rust,2,0,,train
jmuben/04605.jpg,jmuben,train-2.parquet#10953:3(1182).jpg,1,rust,2,0,,train
jmuben/04606.jpg,jmuben,train-2.parquet#10956:1(344).jpg,1,rust,2,0,,train
jmuben/04607.jpg,jmuben,train-2.parquet#10957:5(1121).jpg,1,rust,2,0,,train
jmuben/04610.jpg,jmuben,train-2.parquet#10981:3(463).jpg,1,rust,2,0,,train
jmuben/04611.jpg,jmuben,train-2.parquet#10982:5(2166).jpg,1,rust,2,0,,train
jmuben/04612.jpg,jmuben,train-2.parquet#10984:5(2536).jpg,1,rust,2,0,,train
jmuben/04614.jpg,jmuben,train-2.parquet#11016:3(2014).jpg,1,rust,2,0,,train
jmuben/04615.jpg,jmuben,train-2.parquet#11019:3(1638).jpg,1,rust,2,0,,train
jmuben/04617.jpg,jmuben,train-2.parquet#11027:5(3649).jpg,1,rust,2,0,,train
jmuben/04618.jpg,jmuben,train-2.parquet#11039:3(1004).jpg,1,rust,2,0,,train
jmuben/04619.jpg,jmuben,train-2.parquet#11063:20210125_183035.jpg.jpg,1,rust,2,0,,train
jmuben/04621.jpg,jmuben,train-2.parquet#11069:5(599).jpg,1,rust,2,0,,train
jmuben/04622.jpg,jmuben,train-2.parquet#11070:5(433).jpg,1,rust,2,0,,train
jmuben/04623.jpg,jmuben,train-2.parquet#11080:5(2849).jpg,1,rust,2,0,,train
jmuben/04626.jpg,jmuben,train-2.parquet#11090:2(1018).jpg,1,rust,2,0,,train
jmuben/04627.jpg,jmuben,train-2.parquet#11091:3(63).jpg,1,rust,2,0,,train
jmuben/04630.jpg,jmuben,train-2.parquet#11099:5(872).jpg,1,rust,2,0,,train
jmuben/04631.jpg,jmuben,train-2.parquet#11111:3(1403).jpg,1,rust,2,0,,train
jmuben/04633.jpg,jmuben,train-2.parquet#11125:3(1116).jpg,1,rust,2,0,,train
jmuben/04634.jpg,jmuben,train-2.parquet#11131:3(336).jpg,1,rust,2,0,,train
jmuben/04635.jpg,jmuben,train-2.parquet#11144:3(1229).jpg,1,rust,2,0,,train
jmuben/04637.jpg,jmuben,train-2.parquet#11151:3(1696).jpg,1,rust,2,0,,train
jmuben/04638.jpg,jmuben,train-2.parquet#11160:5(40).jpeg,1,rust,2,0,,train
jmuben/04639.jpg,jmuben,train-2.parquet#11161:5(167).jpg,1,rust,2,0,,train
jmuben/04642.jpg,jmuben,train-2.parquet#11183:5(3034).jpg,1,rust,2,0,,train
jmuben/04643.jpg,jmuben,train-2.parquet#11186:5(1459).jpg,1,rust,2,0,,train
jmuben/04645.jpg,jmuben,train-2.parquet#11191:2(770).jpg,1,rust,2,0,,train
jmuben/04646.jpg,jmuben,train-2.parquet#11199:IMG_20210126_091510.jpg,1,rust,2,0,,train
jmuben/04647.jpg,jmuben,train-2.parquet#11203:20210125_183602.jpg.jpg,1,rust,2,0,,train
jmuben/04648.jpg,jmuben,train-2.parquet#11212:1(407).jpg,1,rust,2,0,,train
jmuben/04649.jpg,jmuben,train-2.parquet#11217:3(662).jpg,1,rust,2,0,,train
jmuben/04650.jpg,jmuben,train-2.parquet#11224:5(833).jpg,1,rust,2,0,,train
jmuben/04652.jpg,jmuben,train-2.parquet#11232:5(130).jpg,1,rust,2,0,,train
jmuben/04653.jpg,jmuben,train-2.parquet#11236:2(727).jpg,1,rust,2,0,,train
jmuben/04654.jpg,jmuben,train-2.parquet#11238:5(3433).jpg,1,rust,2,0,,train
jmuben/04656.jpg,jmuben,train-2.parquet#11260:3(233).jpg,1,rust,2,0,,train
jmuben/04657.jpg,jmuben,train-2.parquet#11261:5(2736).jpg,1,rust,2,0,,train
jmuben/04659.jpg,jmuben,train-2.parquet#11266:5(3577).jpg,1,rust,2,0,,train
jmuben/04660.jpg,jmuben,train-2.parquet#11267:2(399).jpg,1,rust,2,0,,train
jmuben/04662.jpg,jmuben,train-2.parquet#11271:5(3127).jpg,1,rust,2,0,,train
jmuben/04663.jpg,jmuben,train-2.parquet#11277:5(424).jpg,1,rust,2,0,,train
jmuben/04666.jpg,jmuben,train-2.parquet#11303:5(4031).jpg,1,rust,2,0,,train
jmuben/04667.jpg,jmuben,train-2.parquet#11304:1(406).jpg,1,rust,2,0,,train
jmuben/04668.jpg,jmuben,train-2.parquet#11306:5(1663).jpg,1,rust,2,0,,train
jmuben/04669.jpg,jmuben,train-2.parquet#11313:5(3170).jpg,1,rust,2,0,,train
jmuben/04671.jpg,jmuben,train-2.parquet#11331:3(1802).jpg,1,rust,2,0,,train
jmuben/04673.jpg,jmuben,train-2.parquet#11337:2(321).jpg,1,rust,2,0,,train
jmuben/04674.jpg,jmuben,train-2.parquet#11358:3(74).jpg,1,rust,2,0,,train
jmuben/04675.jpg,jmuben,train-2.parquet#11360:5(1264).jpg,1,rust,2,0,,train
jmuben/04677.jpg,jmuben,train-2.parquet#11371:3(272).jpg,1,rust,2,0,,train
jmuben/04680.jpg,jmuben,train-2.parquet#11385:3(1547).jpg,1,rust,2,0,,train
jmuben/04681.jpg,jmuben,train-2.parquet#11398:3(767).jpg,1,rust,2,0,,train
jmuben/04684.jpg,jmuben,train-2.parquet#11444:5(2665).jpg,1,rust,2,0,,train
jmuben/04686.jpg,jmuben,train-2.parquet#11451:5(1049).jpg,1,rust,2,0,,train
jmuben/04690.jpg,jmuben,train-2.parquet#11478:5(1675).jpg,1,rust,2,0,,train
jmuben/04691.jpg,jmuben,train-2.parquet#11479:1(410).jpg,1,rust,2,0,,train
jmuben/04693.jpg,jmuben,train-2.parquet#11507:2(527).jpg,1,rust,2,0,,train
jmuben/04697.jpg,jmuben,train-2.parquet#11529:3(198).jpg,1,rust,2,0,,train
jmuben/04698.jpg,jmuben,train-2.parquet#11548:3(1496).jpg,1,rust,2,0,,train
jmuben/04699.jpg,jmuben,train-2.parquet#11569:1(345).jpg,1,rust,2,0,,train
jmuben/04700.jpg,jmuben,train-2.parquet#11572:20210125_184316(0).jpg.jpg,1,rust,2,0,,train
jmuben/04701.jpg,jmuben,train-2.parquet#11582:5(1209).jpg,1,rust,2,0,,train
jmuben/04702.jpg,jmuben,train-2.parquet#11598:3(1245).jpg,1,rust,2,0,,train
jmuben/04703.jpg,jmuben,train-2.parquet#11600:5(60).jpeg,1,rust,2,0,,train
jmuben/04704.jpg,jmuben,train-2.parquet#11614:3(2039).jpg,1,rust,2,0,,train
jmuben/04710.jpg,jmuben,train-2.parquet#11643:20210125_183320.jpg.jpg,1,rust,2,0,,train
jmuben/04711.jpg,jmuben,train-2.parquet#11656:5(71).jpg,1,rust,2,0,,train
jmuben/04714.jpg,jmuben,train-2.parquet#11693:3(248).jpg,1,rust,2,0,,train
jmuben/04717.jpg,jmuben,train-2.parquet#11702:20210125_183610(0).jpg.jpg,1,rust,2,0,,train
jmuben/04719.jpg,jmuben,train-2.parquet#11719:5(799).jpg,1,rust,2,0,,train
jmuben/04720.jpg,jmuben,train-2.parquet#11727:3(1711).jpg,1,rust,2,0,,train
jmuben/04723.jpg,jmuben,train-2.parquet#11770:5(214).jpg,1,rust,2,0,,train
jmuben/04725.jpg,jmuben,train-2.parquet#11790:5(3982).jpg,1,rust,2,0,,train
jmuben/04726.jpg,jmuben,train-2.parquet#11799:5(3594).jpg,1,rust,2,0,,train
jmuben/04727.jpg,jmuben,train-2.parquet#11802:3(1224).jpg,1,rust,2,0,,train
jmuben/04728.jpg,jmuben,train-2.parquet#11804:3(907).jpg,1,rust,2,0,,train
jmuben/04729.jpg,jmuben,train-2.parquet#11808:5(1287).jpg,1,rust,2,0,,train
jmuben/04732.jpg,jmuben,train-2.parquet#11826:2(842).jpg,1,rust,2,0,,train
jmuben/04733.jpg,jmuben,train-2.parquet#11829:2(1003).jpg,1,rust,2,0,,train
jmuben/04734.jpg,jmuben,train-2.parquet#11835:5(1792).jpg,1,rust,2,0,,train
jmuben/04739.jpg,jmuben,train-2.parquet#11871:5(3039).jpg,1,rust,2,0,,train
jmuben/04740.jpg,jmuben,train-2.parquet#11873:3(287).jpg,1,rust,2,0,,train
jmuben/04741.jpg,jmuben,train-2.parquet#11877:5(3890).jpg,1,rust,2,0,,train
jmuben/04742.jpg,jmuben,train-2.parquet#11893:5(1291).jpg,1,rust,2,0,,train
jmuben/04744.jpg,jmuben,train-2.parquet#11898:3(1232).jpg,1,rust,2,0,,train
jmuben/04746.jpg,jmuben,train-2.parquet#11906:5(1784).jpg,1,rust,2,0,,train
jmuben/04747.jpg,jmuben,train-2.parquet#11911:2(1015).jpg,1,rust,2,0,,train
jmuben/04748.jpg,jmuben,train-2.parquet#11929:20210125_184307(0).jpg.jpg,1,rust,2,0,,train
jmuben/04755.jpg,jmuben,train-2.parquet#11971:5(1229).jpg,1,rust,2,0,,train
jmuben/04756.jpg,jmuben,train-2.parquet#11987:5(2686).jpg,1,rust,2,0,,train
jmuben/04757.jpg,jmuben,train-2.parquet#11989:5(982).jpg,1,rust,2,0,,train
jmuben/04758.jpg,jmuben,train-2.parquet#12004:5(3582).jpg,1,rust,2,0,,train
jmuben/04761.jpg,jmuben,train-2.parquet#12026:20210125_183148(0).jpg.jpg,1,rust,2,0,,train
jmuben/04762.jpg,jmuben,train-2.parquet#12039:5(296).jpg,1,rust,2,0,,train
jmuben/04763.jpg,jmuben,train-2.parquet#12041:5(1747).jpg,1,rust,2,0,,train
jmuben/04764.jpg,jmuben,train-2.parquet#12053:3(1137).jpg,1,rust,2,0,,train
jmuben/04766.jpg,jmuben,train-2.parquet#12080:5(3516).jpg,1,rust,2,0,,train
jmuben/04767.jpg,jmuben,train-2.parquet#12086:3(1588).jpg,1,rust,2,0,,train
jmuben/04768.jpg,jmuben,train-2.parquet#12098:1(28).jpg,1,rust,2,0,,train
jmuben/04769.jpg,jmuben,train-2.parquet#12105:5(2429).jpg,1,rust,2,0,,train
jmuben/04770.jpg,jmuben,train-2.parquet#12108:5(2096).jpg,1,rust,2,0,,train
jmuben/04772.jpg,jmuben,train-2.parquet#12112:5(1710).jpg,1,rust,2,0,,train
jmuben/04776.jpg,jmuben,train-2.parquet#12133:3(1160).jpg,1,rust,2,0,,train
jmuben/04778.jpg,jmuben,train-2.parquet#12138:5(412).jpg,1,rust,2,0,,train
jmuben/04779.jpg,jmuben,train-2.parquet#12142:2(205).jpg,1,rust,2,0,,train
jmuben/04780.jpg,jmuben,train-2.parquet#12146:5(107).jpg,1,rust,2,0,,train
jmuben/04781.jpg,jmuben,train-2.parquet#12150:2(655).jpg,1,rust,2,0,,train
jmuben/04782.jpg,jmuben,train-2.parquet#12158:5(1985).jpg,1,rust,2,0,,train
jmuben/04783.jpg,jmuben,train-2.parquet#12159:5(2350).jpg,1,rust,2,0,,train
jmuben/04784.jpg,jmuben,train-2.parquet#12166:3(839).jpg,1,rust,2,0,,train
jmuben/04785.jpg,jmuben,train-2.parquet#12169:1(5).jpg,1,rust,2,0,,train
jmuben/04787.jpg,jmuben,train-2.parquet#12184:5(92).jpg,1,rust,2,0,,train
jmuben/04788.jpg,jmuben,train-2.parquet#12196:3(706).jpg,1,rust,2,0,,train
jmuben/04790.jpg,jmuben,train-2.parquet#12215:3(1199).jpg,1,rust,2,0,,train
jmuben/04794.jpg,jmuben,train-2.parquet#12255:3(1208).jpg,1,rust,2,0,,train
jmuben/04796.jpg,jmuben,train-2.parquet#12259:5(3916).jpg,1,rust,2,0,,train
jmuben/04797.jpg,jmuben,train-2.parquet#12270:2(301).jpg,1,rust,2,0,,train
jmuben/04800.jpg,jmuben,train-2.parquet#12298:1(5041).jpg,3,leaf_miner,3,0,,train
jmuben/04801.jpg,jmuben,train-2.parquet#12299:1(11342).jpg,3,leaf_miner,3,0,,train
jmuben/04802.jpg,jmuben,train-2.parquet#12307:1(14140).jpg,3,leaf_miner,3,0,,train
jmuben/04803.jpg,jmuben,train-2.parquet#12339:1(18026).jpg,3,leaf_miner,3,0,,train
jmuben/04804.jpg,jmuben,train-2.parquet#12373:1(7569).jpg,3,leaf_miner,3,0,,train
jmuben/04805.jpg,jmuben,train-2.parquet#12392:1(2442).jpg,3,leaf_miner,3,0,,train
jmuben/04806.jpg,jmuben,train-2.parquet#12426:1(3316).jpg,3,leaf_miner,3,0,,train
jmuben/04807.jpg,jmuben,train-2.parquet#12454:1(14814).jpg,3,leaf_miner,3,0,,train
jmuben/04808.jpg,jmuben,train-2.parquet#12474:1(13778).jpg,3,leaf_miner,3,0,,train
jmuben/04809.jpg,jmuben,train-2.parquet#12480:1(5016).jpg,3,leaf_miner,3,0,,train
jmuben/04810.jpg,jmuben,train-2.parquet#12514:1(6285).jpg,3,leaf_miner,3,0,,train
jmuben/04812.jpg,jmuben,train-2.parquet#12544:1(10292).jpg,3,leaf_miner,3,0,,train
jmuben/04814.jpg,jmuben,train-2.parquet#12554:1(17107).jpg,3,leaf_miner,3,0,,train
jmuben/04815.jpg,jmuben,train-2.parquet#12571:1(1686).jpg,3,leaf_miner,3,0,,train
jmuben/04817.jpg,jmuben,train-2.parquet#12640:1(7482).jpg,3,leaf_miner,3,0,,train
jmuben/04821.jpg,jmuben,train-2.parquet#12702:1(5329).jpg,3,leaf_miner,3,0,,train
jmuben/04823.jpg,jmuben,train-2.parquet#12725:1(17404).jpg,3,leaf_miner,3,0,,train
jmuben/04824.jpg,jmuben,train-2.parquet#12732:1(4216).jpg,3,leaf_miner,3,0,,train
jmuben/04825.jpg,jmuben,train-2.parquet#12733:1(10115).jpg,3,leaf_miner,3,0,,train
jmuben/04826.jpg,jmuben,train-2.parquet#12735:1(1444).jpg,3,leaf_miner,3,0,,train
jmuben/04827.jpg,jmuben,train-2.parquet#12741:1(14855).jpg,3,leaf_miner,3,0,,train
jmuben/04829.jpg,jmuben,train-2.parquet#12754:1(13739).jpg,3,leaf_miner,3,0,,train
jmuben/04830.jpg,jmuben,train-2.parquet#12766:1(2792).jpg,3,leaf_miner,3,0,,train
jmuben/04831.jpg,jmuben,train-2.parquet#12800:1(4703).jpg,3,leaf_miner,3,0,,train
jmuben/04832.jpg,jmuben,train-2.parquet#12833:1(2907).jpg,3,leaf_miner,3,0,,train
jmuben/04833.jpg,jmuben,train-2.parquet#12844:1(1278).jpg,3,leaf_miner,3,0,,train
jmuben/04834.jpg,jmuben,train-2.parquet#12850:1(2842).jpg,3,leaf_miner,3,0,,train
jmuben/04835.jpg,jmuben,train-2.parquet#12861:1(2141).jpg,3,leaf_miner,3,0,,train
jmuben/04836.jpg,jmuben,train-2.parquet#12863:1(5684).jpg,3,leaf_miner,3,0,,train
jmuben/04839.jpg,jmuben,train-2.parquet#12875:1(13607).jpg,3,leaf_miner,3,0,,train
jmuben/04840.jpg,jmuben,train-2.parquet#12901:1(17214).jpg,3,leaf_miner,3,0,,train
jmuben/04841.jpg,jmuben,train-2.parquet#12914:1(16956).jpg,3,leaf_miner,3,0,,train
jmuben/04843.jpg,jmuben,train-2.parquet#12938:1(7441).jpg,3,leaf_miner,3,0,,train
jmuben/04844.jpg,jmuben,train-2.parquet#12943:1(7011).jpg,3,leaf_miner,3,0,,train
jmuben/04845.jpg,jmuben,train-2.parquet#12965:1(4144).jpg,3,leaf_miner,3,0,,train
jmuben/04847.jpg,jmuben,train-2.parquet#12997:1(5610).jpg,3,leaf_miner,3,0,,train
jmuben/04850.jpg,jmuben,train-2.parquet#13021:1(3510).jpg,3,leaf_miner,3,0,,train
jmuben/04851.jpg,jmuben,train-2.parquet#13046:1(13650).jpg,3,leaf_miner,3,0,,train
jmuben/04852.jpg,jmuben,train-2.parquet#13048:1(12942).jpg,3,leaf_miner,3,0,,train
jmuben/04853.jpg,jmuben,train-2.parquet#13054:1(8649).jpg,3,leaf_miner,3,0,,train
jmuben/04855.jpg,jmuben,train-2.parquet#13127:1(15157).jpg,3,leaf_miner,3,0,,train
jmuben/04857.jpg,jmuben,train-2.parquet#13154:1(13579).jpg,3,leaf_miner,3,0,,train
jmuben/04858.jpg,jmuben,train-2.parquet#13179:1(7115).jpg,3,leaf_miner,3,0,,train
jmuben/04860.jpg,jmuben,train-2.parquet#13243:1(6568).jpg,3,leaf_miner,3,0,,train
jmuben/04861.jpg,jmuben,train-2.parquet#13259:1(13580).jpg,3,leaf_miner,3,0,,train
jmuben/04862.jpg,jmuben,train-2.parquet#13273:1(5714).jpg,3,leaf_miner,3,0,,train
jmuben/04863.jpg,jmuben,train-2.parquet#13282:1(2194).jpg,3,leaf_miner,3,0,,train
jmuben/04865.jpg,jmuben,train-2.parquet#13306:1(1242).jpg,3,leaf_miner,3,0,,train
jmuben/04866.jpg,jmuben,train-2.parquet#13316:1(12450).jpg,3,leaf_miner,3,0,,train
jmuben/04867.jpg,jmuben,train-2.parquet#13331:1(1995).jpg,3,leaf_miner,3,0,,train
jmuben/04868.jpg,jmuben,train-2.parquet#13334:1(3802).jpg,3,leaf_miner,3,0,,train
jmuben/04870.jpg,jmuben,train-2.parquet#13365:1(9019).jpg,3,leaf_miner,3,0,,train
jmuben/04871.jpg,jmuben,train-2.parquet#13385:1(14642).jpg,3,leaf_miner,3,0,,train
jmuben/04872.jpg,jmuben,train-2.parquet#13393:1(2985).jpg,3,leaf_miner,3,0,,train
jmuben/04876.jpg,jmuben,train-2.parquet#13440:1(11505).jpg,3,leaf_miner,3,0,,train
jmuben/04879.jpg,jmuben,train-2.parquet#13469:1(15531).jpg,3,leaf_miner,3,0,,train
jmuben/04880.jpg,jmuben,train-2.parquet#13480:1(17449).jpg,3,leaf_miner,3,0,,train
jmuben/04881.jpg,jmuben,train-2.parquet#13488:1(8805).jpg,3,leaf_miner,3,0,,train
jmuben/04882.jpg,jmuben,train-2.parquet#13513:1(6231).jpg,3,leaf_miner,3,0,,train
jmuben/04883.jpg,jmuben,train-2.parquet#13527:1(13723).jpg,3,leaf_miner,3,0,,train
jmuben/04884.jpg,jmuben,train-2.parquet#13535:1(7070).jpg,3,leaf_miner,3,0,,train
jmuben/04885.jpg,jmuben,train-2.parquet#13553:1(14009).jpg,3,leaf_miner,3,0,,train
jmuben/04888.jpg,jmuben,train-2.parquet#13572:1(3208).jpg,3,leaf_miner,3,0,,train
jmuben/04889.jpg,jmuben,train-2.parquet#13621:1(15073).jpg,3,leaf_miner,3,0,,train
jmuben/04890.jpg,jmuben,train-2.parquet#13693:1(11163).jpg,3,leaf_miner,3,0,,train
jmuben/04891.jpg,jmuben,train-2.parquet#13736:1(16219).jpg,3,leaf_miner,3,0,,train
jmuben/04892.jpg,jmuben,train-2.parquet#13753:1(3072).jpg,3,leaf_miner,3,0,,train
jmuben/04893.jpg,jmuben,train-2.parquet#13782:1(12935).jpg,3,leaf_miner,3,0,,train
jmuben/04894.jpg,jmuben,train-2.parquet#13790:1(13277).jpg,3,leaf_miner,3,0,,train
jmuben/04895.jpg,jmuben,train-2.parquet#13805:1(6765).jpg,3,leaf_miner,3,0,,train
jmuben/04896.jpg,jmuben,train-2.parquet#13808:1(17664).jpg,3,leaf_miner,3,0,,train
jmuben/04897.jpg,jmuben,train-2.parquet#13813:1(15177).jpg,3,leaf_miner,3,0,,train
jmuben/04898.jpg,jmuben,train-2.parquet#13834:1(5667).jpg,3,leaf_miner,3,0,,train
jmuben/04899.jpg,jmuben,train-2.parquet#13839:1(14336).jpg,3,leaf_miner,3,0,,train
jmuben/04901.jpg,jmuben,train-2.parquet#13856:1(4133).jpg,3,leaf_miner,3,0,,train
jmuben/04902.jpg,jmuben,train-2.parquet#13859:1(15032).jpg,3,leaf_miner,3,0,,train
jmuben/04903.jpg,jmuben,train-2.parquet#13866:1(1761).jpg,3,leaf_miner,3,0,,train
jmuben/04905.jpg,jmuben,train-2.parquet#13883:1(16537).jpg,3,leaf_miner,3,0,,train
jmuben/04906.jpg,jmuben,train-2.parquet#13893:1(3475).jpg,3,leaf_miner,3,0,,train
jmuben/04909.jpg,jmuben,train-2.parquet#13923:1(2771).jpg,3,leaf_miner,3,0,,train
jmuben/04910.jpg,jmuben,train-2.parquet#13933:1(6876).jpg,3,leaf_miner,3,0,,train
jmuben/04913.jpg,jmuben,train-2.parquet#13964:1(12333).jpg,3,leaf_miner,3,0,,train
jmuben/04914.jpg,jmuben,train-2.parquet#13980:1(7621).jpg,3,leaf_miner,3,0,,train
jmuben/04915.jpg,jmuben,train-2.parquet#13995:1(9146).jpg,3,leaf_miner,3,0,,train
jmuben/04919.jpg,jmuben,train-2.parquet#14065:1(6122).jpg,3,leaf_miner,3,0,,train
jmuben/04920.jpg,jmuben,train-2.parquet#14072:1(8096).jpg,3,leaf_miner,3,0,,train
jmuben/04922.jpg,jmuben,train-2.parquet#14081:1(11118).jpg,3,leaf_miner,3,0,,train
jmuben/04924.jpg,jmuben,train-2.parquet#14100:1(9238).jpg,3,leaf_miner,3,0,,train
jmuben/04925.jpg,jmuben,train-2.parquet#14111:1(17166).jpg,3,leaf_miner,3,0,,train
jmuben/04926.jpg,jmuben,train-2.parquet#14136:1(10420).jpg,3,leaf_miner,3,0,,train
jmuben/04927.jpg,jmuben,train-2.parquet#14147:1(3459).jpg,3,leaf_miner,3,0,,train
jmuben/04929.jpg,jmuben,train-2.parquet#14182:1(5348).jpg,3,leaf_miner,3,0,,train
jmuben/04930.jpg,jmuben,train-2.parquet#14187:1(2177).jpg,3,leaf_miner,3,0,,train
jmuben/04932.jpg,jmuben,train-2.parquet#14224:1(6972).jpg,3,leaf_miner,3,0,,train
jmuben/04933.jpg,jmuben,train-2.parquet#14237:1(4735).jpg,3,leaf_miner,3,0,,train
jmuben/04934.jpg,jmuben,train-2.parquet#14246:1(4365).jpg,3,leaf_miner,3,0,,train
jmuben/04938.jpg,jmuben,train-2.parquet#14338:1(12775).jpg,3,leaf_miner,3,0,,train
jmuben/04939.jpg,jmuben,train-2.parquet#14340:1(10748).jpg,3,leaf_miner,3,0,,train
jmuben/04940.jpg,jmuben,train-2.parquet#14344:1(3674).jpg,3,leaf_miner,3,0,,train
jmuben/04941.jpg,jmuben,train-2.parquet#14359:1(1833).jpg,3,leaf_miner,3,0,,train
jmuben/04942.jpg,jmuben,train-2.parquet#14363:1(1999).jpg,3,leaf_miner,3,0,,train
jmuben/04943.jpg,jmuben,train-2.parquet#14385:1(15376).jpg,3,leaf_miner,3,0,,train
jmuben/04944.jpg,jmuben,train-2.parquet#14392:1(14834).jpg,3,leaf_miner,3,0,,train
jmuben/04946.jpg,jmuben,train-2.parquet#14412:1(14137).jpg,3,leaf_miner,3,0,,train
jmuben/04949.jpg,jmuben,train-2.parquet#14429:1(8740).jpg,3,leaf_miner,3,0,,train
jmuben/04950.jpg,jmuben,train-2.parquet#14448:1(9444).jpg,3,leaf_miner,3,0,,train
jmuben/04951.jpg,jmuben,train-2.parquet#14450:1(4276).jpg,3,leaf_miner,3,0,,train
jmuben/04952.jpg,jmuben,train-2.parquet#14480:1(3730).jpg,3,leaf_miner,3,0,,train
jmuben/04954.jpg,jmuben,train-2.parquet#14514:1(6924).jpg,3,leaf_miner,3,0,,train
jmuben/04955.jpg,jmuben,train-2.parquet#14535:1(12324).jpg,3,leaf_miner,3,0,,train
jmuben/04956.jpg,jmuben,train-2.parquet#14541:1(14927).jpg,3,leaf_miner,3,0,,train
jmuben/04957.jpg,jmuben,train-2.parquet#14542:1(17608).jpg,3,leaf_miner,3,0,,train
jmuben/04964.jpg,jmuben,train-3.parquet#2:1(9385).jpg,3,leaf_miner,3,0,,train
jmuben/04965.jpg,jmuben,train-3.parquet#6:1(12723).jpg,3,leaf_miner,3,0,,train
jmuben/04966.jpg,jmuben,train-3.parquet#25:1(10972).jpg,3,leaf_miner,3,0,,train
jmuben/04967.jpg,jmuben,train-3.parquet#55:1(12109).jpg,3,leaf_miner,3,0,,train
jmuben/04969.jpg,jmuben,train-3.parquet#71:1(13718).jpg,3,leaf_miner,3,0,,train
jmuben/04970.jpg,jmuben,train-3.parquet#77:1(2249).jpg,3,leaf_miner,3,0,,train
jmuben/04971.jpg,jmuben,train-3.parquet#89:1(12670).jpg,3,leaf_miner,3,0,,train
jmuben/04973.jpg,jmuben,train-3.parquet#110:1(13124).jpg,3,leaf_miner,3,0,,train
jmuben/04974.jpg,jmuben,train-3.parquet#123:1(16776).jpg,3,leaf_miner,3,0,,train
jmuben/04975.jpg,jmuben,train-3.parquet#140:1(3264).jpg,3,leaf_miner,3,0,,train
jmuben/04976.jpg,jmuben,train-3.parquet#149:1(4775).jpg,3,leaf_miner,3,0,,train
jmuben/04977.jpg,jmuben,train-3.parquet#213:1(5308).jpg,3,leaf_miner,3,0,,train
jmuben/04978.jpg,jmuben,train-3.parquet#223:1(17075).jpg,3,leaf_miner,3,0,,train
jmuben/04979.jpg,jmuben,train-3.parquet#226:1(8869).jpg,3,leaf_miner,3,0,,train
jmuben/04980.jpg,jmuben,train-3.parquet#261:1(17999).jpg,3,leaf_miner,3,0,,train
jmuben/04983.jpg,jmuben,train-3.parquet#327:1(3248).jpg,3,leaf_miner,3,0,,train
jmuben/04984.jpg,jmuben,train-3.parquet#336:1(15526).jpg,3,leaf_miner,3,0,,train
jmuben/04985.jpg,jmuben,train-3.parquet#337:1(11836).jpg,3,leaf_miner,3,0,,train
jmuben/04986.jpg,jmuben,train-3.parquet#342:1(17848).jpg,3,leaf_miner,3,0,,train
jmuben/04988.jpg,jmuben,train-3.parquet#368:1(5689).jpg,3,leaf_miner,3,0,,train
jmuben/04990.jpg,jmuben,train-3.parquet#387:1(9184).jpg,3,leaf_miner,3,0,,train
jmuben/04992.jpg,jmuben,train-3.parquet#393:1(3423).jpg,3,leaf_miner,3,0,,train
jmuben/04993.jpg,jmuben,train-3.parquet#466:1(4020).jpg,3,leaf_miner,3,0,,train
jmuben/04994.jpg,jmuben,train-3.parquet#480:1(4535).jpg,3,leaf_miner,3,0,,train
jmuben/04995.jpg,jmuben,train-3.parquet#486:1(15064).jpg,3,leaf_miner,3,0,,train
jmuben/04996.jpg,jmuben,train-3.parquet#487:1(6158).jpg,3,leaf_miner,3,0,,train
jmuben/04998.jpg,jmuben,train-3.parquet#540:1(17673).jpg,3,leaf_miner,3,0,,train
jmuben/05000.jpg,jmuben,train-3.parquet#572:1(10335).jpg,3,leaf_miner,3,0,,train
jmuben/05003.jpg,jmuben,train-3.parquet#594:1(8445).jpg,3,leaf_miner,3,0,,train
jmuben/05005.jpg,jmuben,train-3.parquet#684:1(15619).jpg,3,leaf_miner,3,0,,train
jmuben/05006.jpg,jmuben,train-3.parquet#699:1(1633).jpg,3,leaf_miner,3,0,,train
jmuben/05007.jpg,jmuben,train-3.parquet#728:1(16259).jpg,3,leaf_miner,3,0,,train
jmuben/05009.jpg,jmuben,train-3.parquet#777:1(8936).jpg,3,leaf_miner,3,0,,train
jmuben/05011.jpg,jmuben,train-3.parquet#781:1(10315).jpg,3,leaf_miner,3,0,,train
jmuben/05013.jpg,jmuben,train-3.parquet#796:1(17829).jpg,3,leaf_miner,3,0,,train
jmuben/05014.jpg,jmuben,train-3.parquet#797:1(15814).jpg,3,leaf_miner,3,0,,train
jmuben/05015.jpg,jmuben,train-3.parquet#815:1(17983).jpg,3,leaf_miner,3,0,,train
jmuben/05017.jpg,jmuben,train-3.parquet#834:1(2341).jpg,3,leaf_miner,3,0,,train
jmuben/05018.jpg,jmuben,train-3.parquet#848:1(8609).jpg,3,leaf_miner,3,0,,train
jmuben/05021.jpg,jmuben,train-3.parquet#870:1(1428).jpg,3,leaf_miner,3,0,,train
jmuben/05022.jpg,jmuben,train-3.parquet#874:1(15681).jpg,3,leaf_miner,3,0,,train
jmuben/05023.jpg,jmuben,train-3.parquet#950:1(2896).jpg,3,leaf_miner,3,0,,train
jmuben/05024.jpg,jmuben,train-3.parquet#953:1(3784).jpg,3,leaf_miner,3,0,,train
jmuben/05025.jpg,jmuben,train-3.parquet#956:1(15140).jpg,3,leaf_miner,3,0,,train
jmuben/05027.jpg,jmuben,train-3.parquet#976:1(7114).jpg,3,leaf_miner,3,0,,train
jmuben/05028.jpg,jmuben,train-3.parquet#996:1(6705).jpg,3,leaf_miner,3,0,,train
jmuben/05029.jpg,jmuben,train-3.parquet#997:1(7817).jpg,3,leaf_miner,3,0,,train
jmuben/05032.jpg,jmuben,train-3.parquet#1036:1(14602).jpg,3,leaf_miner,3,0,,train
jmuben/05036.jpg,jmuben,train-3.parquet#1079:1(1605).jpg,3,leaf_miner,3,0,,train
jmuben/05038.jpg,jmuben,train-3.parquet#1196:1(6178).jpg,3,leaf_miner,3,0,,train
jmuben/05039.jpg,jmuben,train-3.parquet#1198:1(2992).jpg,3,leaf_miner,3,0,,train
jmuben/05040.jpg,jmuben,train-3.parquet#1204:1(11007).jpg,3,leaf_miner,3,0,,train
jmuben/05042.jpg,jmuben,train-3.parquet#1247:1(9632).jpg,3,leaf_miner,3,0,,train
jmuben/05043.jpg,jmuben,train-3.parquet#1249:1(1202).jpg,3,leaf_miner,3,0,,train
jmuben/05044.jpg,jmuben,train-3.parquet#1266:1(11791).jpg,3,leaf_miner,3,0,,train
jmuben/05045.jpg,jmuben,train-3.parquet#1271:1(10883).jpg,3,leaf_miner,3,0,,train
jmuben/05046.jpg,jmuben,train-3.parquet#1331:1(6945).jpg,3,leaf_miner,3,0,,train
jmuben/05047.jpg,jmuben,train-3.parquet#1345:1(3614).jpg,3,leaf_miner,3,0,,train
jmuben/05048.jpg,jmuben,train-3.parquet#1358:1(3244).jpg,3,leaf_miner,3,0,,train
jmuben/05049.jpg,jmuben,train-3.parquet#1403:1(5955).jpg,3,leaf_miner,3,0,,train
jmuben/05050.jpg,jmuben,train-3.parquet#1408:1(4647).jpg,3,leaf_miner,3,0,,train
jmuben/05051.jpg,jmuben,train-3.parquet#1417:1(10817).jpg,3,leaf_miner,3,0,,train
jmuben/05052.jpg,jmuben,train-3.parquet#1426:1(5056).jpg,3,leaf_miner,3,0,,train
jmuben/05054.jpg,jmuben,train-3.parquet#1464:1(15603).jpg,3,leaf_miner,3,0,,train
jmuben/05056.jpg,jmuben,train-3.parquet#1468:1(12312).jpg,3,leaf_miner,3,0,,train
jmuben/05057.jpg,jmuben,train-3.parquet#1480:1(17813).jpg,3,leaf_miner,3,0,,train
jmuben/05058.jpg,jmuben,train-3.parquet#1482:1(2402).jpg,3,leaf_miner,3,0,,train
jmuben/05061.jpg,jmuben,train-3.parquet#1511:1(14229).jpg,3,leaf_miner,3,0,,train
jmuben/05062.jpg,jmuben,train-3.parquet#1516:1(6154).jpg,3,leaf_miner,3,0,,train
jmuben/05063.jpg,jmuben,train-3.parquet#1533:1(5001).jpg,3,leaf_miner,3,0,,train
jmuben/05064.jpg,jmuben,train-3.parquet#1551:1(10513).jpg,3,leaf_miner,3,0,,train
jmuben/05065.jpg,jmuben,train-3.parquet#1578:1(4755).jpg,3,leaf_miner,3,0,,train
jmuben/05066.jpg,jmuben,train-3.parquet#1588:1(8776).jpg,3,leaf_miner,3,0,,train
jmuben/05067.jpg,jmuben,train-3.parquet#1618:1(5781).jpg,3,leaf_miner,3,0,,train
jmuben/05068.jpg,jmuben,train-3.parquet#1648:1(17106).jpg,3,leaf_miner,3,0,,train
jmuben/05070.jpg,jmuben,train-3.parquet#1668:1(13000).jpg,3,leaf_miner,3,0,,train
jmuben/05071.jpg,jmuben,train-3.parquet#1711:1(16081).jpg,3,leaf_miner,3,0,,train
jmuben/05073.jpg,jmuben,train-3.parquet#1739:1(10010).jpg,3,leaf_miner,3,0,,train
jmuben/05074.jpg,jmuben,train-3.parquet#1754:1(10694).jpg,3,leaf_miner,3,0,,train
jmuben/05075.jpg,jmuben,train-3.parquet#1800:1(2156).jpg,3,leaf_miner,3,0,,train
jmuben/05078.jpg,jmuben,train-3.parquet#1821:1(8388).jpg,3,leaf_miner,3,0,,train
jmuben/05079.jpg,jmuben,train-3.parquet#1826:1(3897).jpg,3,leaf_miner,3,0,,train
jmuben/05080.jpg,jmuben,train-3.parquet#1845:1(14842).jpg,3,leaf_miner,3,0,,train
jmuben/05081.jpg,jmuben,train-3.parquet#1887:1(13391).jpg,3,leaf_miner,3,0,,train
jmuben/05083.jpg,jmuben,train-3.parquet#1951:1(4123).jpg,3,leaf_miner,3,0,,train
jmuben/05084.jpg,jmuben,train-3.parquet#1956:1(15022).jpg,3,leaf_miner,3,0,,train
jmuben/05085.jpg,jmuben,train-3.parquet#1979:1(12564).jpg,3,leaf_miner,3,0,,train
jmuben/05086.jpg,jmuben,train-3.parquet#1987:1(3465).jpg,3,leaf_miner,3,0,,train
jmuben/05087.jpg,jmuben,train-3.parquet#2019:1(11523).jpg,3,leaf_miner,3,0,,train
jmuben/05088.jpg,jmuben,train-3.parquet#2037:1(1399).jpg,3,leaf_miner,3,0,,train
jmuben/05089.jpg,jmuben,train-3.parquet#2044:1(8854).jpg,3,leaf_miner,3,0,,train
jmuben/05090.jpg,jmuben,train-3.parquet#2064:1(14664).jpg,3,leaf_miner,3,0,,train
jmuben/05091.jpg,jmuben,train-3.parquet#2067:1(7758).jpg,3,leaf_miner,3,0,,train
jmuben/05092.jpg,jmuben,train-3.parquet#2091:1(16120).jpg,3,leaf_miner,3,0,,train
jmuben/05093.jpg,jmuben,train-3.parquet#2093:1(13322).jpg,3,leaf_miner,3,0,,train
jmuben/05095.jpg,jmuben,train-3.parquet#2107:1(13267).jpg,3,leaf_miner,3,0,,train
jmuben/05096.jpg,jmuben,train-3.parquet#2108:1(7164).jpg,3,leaf_miner,3,0,,train
jmuben/05097.jpg,jmuben,train-3.parquet#2116:1(13637).jpg,3,leaf_miner,3,0,,train
jmuben/05098.jpg,jmuben,train-3.parquet#2129:1(17674).jpg,3,leaf_miner,3,0,,train
jmuben/05099.jpg,jmuben,train-3.parquet#2138:1(3648).jpg,3,leaf_miner,3,0,,train
jmuben/05100.jpg,jmuben,train-3.parquet#2141:1(9245).jpg,3,leaf_miner,3,0,,train
jmuben/05103.jpg,jmuben,train-3.parquet#2171:1(11020).jpg,3,leaf_miner,3,0,,train
jmuben/05104.jpg,jmuben,train-3.parquet#2178:1(15960).jpg,3,leaf_miner,3,0,,train
jmuben/05105.jpg,jmuben,train-3.parquet#2219:1(3074).jpg,3,leaf_miner,3,0,,train
jmuben/05106.jpg,jmuben,train-3.parquet#2224:1(6626).jpg,3,leaf_miner,3,0,,train
jmuben/05108.jpg,jmuben,train-3.parquet#2255:1(13271).jpg,3,leaf_miner,3,0,,train
jmuben/05109.jpg,jmuben,train-3.parquet#2263:1(11098).jpg,3,leaf_miner,3,0,,train
jmuben/05110.jpg,jmuben,train-3.parquet#2264:1(14760).jpg,3,leaf_miner,3,0,,train
jmuben/05111.jpg,jmuben,train-3.parquet#2268:1(14330).jpg,3,leaf_miner,3,0,,train
jmuben/05114.jpg,jmuben,train-3.parquet#2278:1(11831).jpg,3,leaf_miner,3,0,,train
jmuben/05115.jpg,jmuben,train-3.parquet#2304:1(16618).jpg,3,leaf_miner,3,0,,train
jmuben/05116.jpg,jmuben,train-3.parquet#2314:1(11077).jpg,3,leaf_miner,3,0,,train
jmuben/05117.jpg,jmuben,train-3.parquet#2327:1(12122).jpg,3,leaf_miner,3,0,,train
jmuben/05119.jpg,jmuben,train-3.parquet#2344:1(5118).jpg,3,leaf_miner,3,0,,train
jmuben/05120.jpg,jmuben,train-3.parquet#2355:1(8680).jpg,3,leaf_miner,3,0,,train
jmuben/05121.jpg,jmuben,train-3.parquet#2362:1(4709).jpg,3,leaf_miner,3,0,,train
jmuben/05122.jpg,jmuben,train-3.parquet#2368:1(16927).jpg,3,leaf_miner,3,0,,train
jmuben/05123.jpg,jmuben,train-3.parquet#2381:1(17588).jpg,3,leaf_miner,3,0,,train
jmuben/05124.jpg,jmuben,train-3.parquet#2385:1(17422).jpg,3,leaf_miner,3,0,,train
jmuben/05125.jpg,jmuben,train-3.parquet#2390:1(6523).jpg,3,leaf_miner,3,0,,train
jmuben/05126.jpg,jmuben,train-3.parquet#2417:1(8182).jpg,3,leaf_miner,3,0,,train
jmuben/05127.jpg,jmuben,train-3.parquet#2452:1(14432).jpg,3,leaf_miner,3,0,,train
jmuben/05129.jpg,jmuben,train-3.parquet#2456:1(4772).jpg,3,leaf_miner,3,0,,train
jmuben/05130.jpg,jmuben,train-3.parquet#2462:1(9140).jpg,3,leaf_miner,3,0,,train
jmuben/05131.jpg,jmuben,train-3.parquet#2472:1(14824).jpg,3,leaf_miner,3,0,,train
jmuben/05132.jpg,jmuben,train-3.parquet#2481:1(3058).jpg,3,leaf_miner,3,0,,train
jmuben/05133.jpg,jmuben,train-3.parquet#2482:1(9455).jpg,3,leaf_miner,3,0,,train
jmuben/05134.jpg,jmuben,train-3.parquet#2506:1(16264).jpg,3,leaf_miner,3,0,,train
jmuben/05136.jpg,jmuben,train-3.parquet#2540:1(17160).jpg,3,leaf_miner,3,0,,train
jmuben/05138.jpg,jmuben,train-3.parquet#2600:1(5071).jpg,3,leaf_miner,3,0,,train
jmuben/05139.jpg,jmuben,train-3.parquet#2610:1(5972).jpg,3,leaf_miner,3,0,,train
jmuben/05140.jpg,jmuben,train-3.parquet#2642:1(8086).jpg,3,leaf_miner,3,0,,train
jmuben/05142.jpg,jmuben,train-3.parquet#2670:1(9678).jpg,3,leaf_miner,3,0,,train
jmuben/05143.jpg,jmuben,train-3.parquet#2685:1(10963).jpg,3,leaf_miner,3,0,,train
jmuben/05144.jpg,jmuben,train-3.parquet#2717:1(5964).jpg,3,leaf_miner,3,0,,train
jmuben/05145.jpg,jmuben,train-3.parquet#2724:1(10125).jpg,3,leaf_miner,3,0,,train
jmuben/05146.jpg,jmuben,train-3.parquet#2729:1(5067).jpg,3,leaf_miner,3,0,,train
jmuben/05147.jpg,jmuben,train-3.parquet#2776:1(8897).jpg,3,leaf_miner,3,0,,train
jmuben/05151.jpg,jmuben,train-3.parquet#2797:1(17822).jpg,3,leaf_miner,3,0,,train
jmuben/05152.jpg,jmuben,train-3.parquet#2799:1(13532).jpg,3,leaf_miner,3,0,,train
jmuben/05153.jpg,jmuben,train-3.parquet#2814:1(4764).jpg,3,leaf_miner,3,0,,train
jmuben/05154.jpg,jmuben,train-3.parquet#2818:1(14424).jpg,3,leaf_miner,3,0,,train
jmuben/05156.jpg,jmuben,train-3.parquet#2831:1(5175).jpg,3,leaf_miner,3,0,,train
jmuben/05157.jpg,jmuben,train-3.parquet#2833:1(7148).jpg,3,leaf_miner,3,0,,train
jmuben/05158.jpg,jmuben,train-3.parquet#2834:1(10871).jpg,3,leaf_miner,3,0,,train
jmuben/05160.jpg,jmuben,train-3.parquet#2851:1(1073).jpg,3,leaf_miner,3,0,,train
jmuben/05162.jpg,jmuben,train-3.parquet#2894:1(11344).jpg,3,leaf_miner,3,0,,train
jmuben/05164.jpg,jmuben,train-3.parquet#2955:1(16317).jpg,3,leaf_miner,3,0,,train
jmuben/05166.jpg,jmuben,train-3.parquet#2964:1(3255).jpg,3,leaf_miner,3,0,,train
jmuben/05168.jpg,jmuben,train-3.parquet#2998:1(7703).jpg,3,leaf_miner,3,0,,train
jmuben/05170.jpg,jmuben,train-3.parquet#3019:1(5010).jpg,3,leaf_miner,3,0,,train
jmuben/05171.jpg,jmuben,train-3.parquet#3039:1(14812).jpg,3,leaf_miner,3,0,,train
jmuben/05172.jpg,jmuben,train-3.parquet#3044:1(15215).jpg,3,leaf_miner,3,0,,train
jmuben/05174.jpg,jmuben,train-3.parquet#3060:1(6779).jpg,3,leaf_miner,3,0,,train
jmuben/05175.jpg,jmuben,train-3.parquet#3080:1(7168).jpg,3,leaf_miner,3,0,,train
jmuben/05178.jpg,jmuben,train-3.parquet#3157:1(9025).jpg,3,leaf_miner,3,0,,train
jmuben/05179.jpg,jmuben,train-3.parquet#3175:1(14107).jpg,3,leaf_miner,3,0,,train
jmuben/05181.jpg,jmuben,train-3.parquet#3192:1(16090).jpg,3,leaf_miner,3,0,,train
jmuben/05182.jpg,jmuben,train-3.parquet#3215:1(17394).jpg,3,leaf_miner,3,0,,train
jmuben/05183.jpg,jmuben,train-3.parquet#3225:1(15203).jpg,3,leaf_miner,3,0,,train
jmuben/05184.jpg,jmuben,train-3.parquet#3242:1(8458).jpg,3,leaf_miner,3,0,,train
jmuben/05185.jpg,jmuben,train-3.parquet#3243:1(16356).jpg,3,leaf_miner,3,0,,train
jmuben/05186.jpg,jmuben,train-3.parquet#3246:1(5790).jpg,3,leaf_miner,3,0,,train
jmuben/05187.jpg,jmuben,train-3.parquet#3250:1(6016).jpg,3,leaf_miner,3,0,,train
jmuben/05188.jpg,jmuben,train-3.parquet#3254:1(3214).jpg,3,leaf_miner,3,0,,train
jmuben/05189.jpg,jmuben,train-3.parquet#3257:1(1383).jpg,3,leaf_miner,3,0,,train
jmuben/05190.jpg,jmuben,train-3.parquet#3263:1(10282).jpg,3,leaf_miner,3,0,,train
jmuben/05191.jpg,jmuben,train-3.parquet#3265:1(17547).jpg,3,leaf_miner,3,0,,train
jmuben/05193.jpg,jmuben,train-3.parquet#3284:1(11186).jpg,3,leaf_miner,3,0,,train
jmuben/05195.jpg,jmuben,train-3.parquet#3299:1(1911).jpg,3,leaf_miner,3,0,,train
jmuben/05197.jpg,jmuben,train-3.parquet#3328:1(14853).jpg,3,leaf_miner,3,0,,train
jmuben/05201.jpg,jmuben,train-3.parquet#3440:1(3306).jpg,3,leaf_miner,3,0,,train
jmuben/05202.jpg,jmuben,train-3.parquet#3449:1(16950).jpg,3,leaf_miner,3,0,,train
jmuben/05203.jpg,jmuben,train-3.parquet#3459:1(7502).jpg,3,leaf_miner,3,0,,train
jmuben/05206.jpg,jmuben,train-3.parquet#3550:1(4457).jpg,3,leaf_miner,3,0,,train
jmuben/05208.jpg,jmuben,train-3.parquet#3556:1(15106).jpg,3,leaf_miner,3,0,,train
jmuben/05209.jpg,jmuben,train-3.parquet#3561:1(10304).jpg,3,leaf_miner,3,0,,train
jmuben/05210.jpg,jmuben,train-3.parquet#3573:1(5246).jpg,3,leaf_miner,3,0,,train
jmuben/05211.jpg,jmuben,train-3.parquet#3581:1(5616).jpg,3,leaf_miner,3,0,,train
jmuben/05214.jpg,jmuben,train-3.parquet#3632:1(1194).jpg,3,leaf_miner,3,0,,train
jmuben/05215.jpg,jmuben,train-3.parquet#3647:1(14486).jpg,3,leaf_miner,3,0,,train
jmuben/05216.jpg,jmuben,train-3.parquet#3657:1(9727).jpg,3,leaf_miner,3,0,,train
jmuben/05218.jpg,jmuben,train-3.parquet#3724:1(11811).jpg,3,leaf_miner,3,0,,train
jmuben/05219.jpg,jmuben,train-3.parquet#3733:1(4695).jpg,3,leaf_miner,3,0,,train
jmuben/05221.jpg,jmuben,train-3.parquet#3786:1(10579).jpg,3,leaf_miner,3,0,,train
jmuben/05222.jpg,jmuben,train-3.parquet#3807:1(13586).jpg,3,leaf_miner,3,0,,train
jmuben/05223.jpg,jmuben,train-3.parquet#3816:1(10650).jpg,3,leaf_miner,3,0,,train
jmuben/05226.jpg,jmuben,train-3.parquet#3869:1(5657).jpg,3,leaf_miner,3,0,,train
jmuben/05227.jpg,jmuben,train-3.parquet#3884:1(14078).jpg,3,leaf_miner,3,0,,train
jmuben/05228.jpg,jmuben,train-3.parquet#3907:1(3557).jpg,3,leaf_miner,3,0,,train
jmuben/05229.jpg,jmuben,train-3.parquet#3911:1(15239).jpg,3,leaf_miner,3,0,,train
jmuben/05230.jpg,jmuben,train-3.parquet#3930:1(16100).jpg,3,leaf_miner,3,0,,train
jmuben/05232.jpg,jmuben,train-3.parquet#3976:1(2080).jpg,3,leaf_miner,3,0,,train
jmuben/05233.jpg,jmuben,train-3.parquet#3977:1(7778).jpg,3,leaf_miner,3,0,,train
jmuben/05234.jpg,jmuben,train-3.parquet#3992:1(16696).jpg,3,leaf_miner,3,0,,train
jmuben/05237.jpg,jmuben,train-3.parquet#4054:1(11447).jpg,3,leaf_miner,3,0,,train
jmuben/05238.jpg,jmuben,train-3.parquet#4057:1(8526).jpg,3,leaf_miner,3,0,,train
jmuben/05239.jpg,jmuben,train-3.parquet#4068:1(5251).jpg,3,leaf_miner,3,0,,train
jmuben/05240.jpg,jmuben,train-3.parquet#4074:1(14350).jpg,3,leaf_miner,3,0,,train
jmuben/05242.jpg,jmuben,train-3.parquet#4100:1(9858).jpg,3,leaf_miner,3,0,,train
jmuben/05243.jpg,jmuben,train-3.parquet#4148:1(1584).jpg,3,leaf_miner,3,0,,train
jmuben/05244.jpg,jmuben,train-3.parquet#4164:1(5343).jpg,3,leaf_miner,3,0,,train
jmuben/05245.jpg,jmuben,train-3.parquet#4166:1(2486).jpg,3,leaf_miner,3,0,,train
jmuben/05246.jpg,jmuben,train-3.parquet#4167:1(16785).jpg,3,leaf_miner,3,0,,train
jmuben/05247.jpg,jmuben,train-3.parquet#4174:1(4801).jpg,3,leaf_miner,3,0,,train
jmuben/05249.jpg,jmuben,train-3.parquet#4205:1(1245).jpg,3,leaf_miner,3,0,,train
jmuben/05250.jpg,jmuben,train-3.parquet#4208:1(3278).jpg,3,leaf_miner,3,0,,train
jmuben/05251.jpg,jmuben,train-3.parquet#4228:1(14757).jpg,3,leaf_miner,3,0,,train
jmuben/05252.jpg,jmuben,train-3.parquet#4242:1(3151).jpg,3,leaf_miner,3,0,,train
jmuben/05253.jpg,jmuben,train-3.parquet#4248:1(6353).jpg,3,leaf_miner,3,0,,train
jmuben/05254.jpg,jmuben,train-3.parquet#4255:1(16443).jpg,3,leaf_miner,3,0,,train
jmuben/05255.jpg,jmuben,train-3.parquet#4258:1(5085).jpg,3,leaf_miner,3,0,,train
jmuben/05256.jpg,jmuben,train-3.parquet#4268:1(12816).jpg,3,leaf_miner,3,0,,train
jmuben/05257.jpg,jmuben,train-3.parquet#4269:1(11739).jpg,3,leaf_miner,3,0,,train
jmuben/05258.jpg,jmuben,train-3.parquet#4277:1(11369).jpg,3,leaf_miner,3,0,,train
jmuben/05259.jpg,jmuben,train-3.parquet#4292:1(17317).jpg,3,leaf_miner,3,0,,train
jmuben/05261.jpg,jmuben,train-3.parquet#4299:1(5969).jpg,3,leaf_miner,3,0,,train
jmuben/05263.jpg,jmuben,train-3.parquet#4307:1(10082).jpg,3,leaf_miner,3,0,,train
jmuben/05265.jpg,jmuben,train-3.parquet#4328:1(6579).jpg,3,leaf_miner,3,0,,train
jmuben/05267.jpg,jmuben,train-3.parquet#4336:1(11406).jpg,3,leaf_miner,3,0,,train
jmuben/05269.jpg,jmuben,train-3.parquet#4382:1(9233).jpg,3,leaf_miner,3,0,,train
jmuben/05270.jpg,jmuben,train-3.parquet#4391:1(9819).jpg,3,leaf_miner,3,0,,train
jmuben/05271.jpg,jmuben,train-3.parquet#4393:1(7554).jpg,3,leaf_miner,3,0,,train
jmuben/05273.jpg,jmuben,train-3.parquet#4418:1(14891).jpg,3,leaf_miner,3,0,,train
jmuben/05274.jpg,jmuben,train-3.parquet#4420:1(10581).jpg,3,leaf_miner,3,0,,train
jmuben/05276.jpg,jmuben,train-3.parquet#4430:1(7942).jpg,3,leaf_miner,3,0,,train
jmuben/05277.jpg,jmuben,train-3.parquet#4458:1(2097).jpg,3,leaf_miner,3,0,,train
jmuben/05278.jpg,jmuben,train-3.parquet#4460:1(5752).jpg,3,leaf_miner,3,0,,train
jmuben/05279.jpg,jmuben,train-3.parquet#4484:1(6484).jpg,3,leaf_miner,3,0,,train
jmuben/05281.jpg,jmuben,train-3.parquet#4527:1(4905).jpg,3,leaf_miner,3,0,,train
jmuben/05282.jpg,jmuben,train-3.parquet#4543:1(16402).jpg,3,leaf_miner,3,0,,train
jmuben/05283.jpg,jmuben,train-3.parquet#4549:1(5494).jpg,3,leaf_miner,3,0,,train
jmuben/05284.jpg,jmuben,train-3.parquet#4583:1(4790).jpg,3,leaf_miner,3,0,,train
jmuben/05285.jpg,jmuben,train-3.parquet#4602:1(12713).jpg,3,leaf_miner,3,0,,train
jmuben/05286.jpg,jmuben,train-3.parquet#4647:1(12656).jpg,3,leaf_miner,3,0,,train
jmuben/05288.jpg,jmuben,train-3.parquet#4682:1(12986).jpg,3,leaf_miner,3,0,,train
jmuben/05289.jpg,jmuben,train-3.parquet#4693:1(9073).jpg,3,leaf_miner,3,0,,train
jmuben/05290.jpg,jmuben,train-3.parquet#4721:1(18037).jpg,3,leaf_miner,3,0,,train
jmuben/05291.jpg,jmuben,train-3.parquet#4731:1(16183).jpg,3,leaf_miner,3,0,,train
jmuben/05293.jpg,jmuben,train-3.parquet#4746:1(6914).jpg,3,leaf_miner,3,0,,train
jmuben/05294.jpg,jmuben,train-3.parquet#4757:1(7256).jpg,3,leaf_miner,3,0,,train
jmuben/05295.jpg,jmuben,train-3.parquet#4770:1(9618).jpg,3,leaf_miner,3,0,,train
jmuben/05297.jpg,jmuben,train-3.parquet#4842:1(8265).jpg,3,leaf_miner,3,0,,train
jmuben/05300.jpg,jmuben,train-3.parquet#4847:1(14556).jpg,3,leaf_miner,3,0,,train
jmuben/05301.jpg,jmuben,train-3.parquet#4852:1(11754).jpg,3,leaf_miner,3,0,,train
jmuben/05302.jpg,jmuben,train-3.parquet#4872:1(3096).jpg,3,leaf_miner,3,0,,train
jmuben/05303.jpg,jmuben,train-3.parquet#4909:1(15994).jpg,3,leaf_miner,3,0,,train
jmuben/05305.jpg,jmuben,train-3.parquet#4919:1(16204).jpg,3,leaf_miner,3,0,,train
jmuben/05306.jpg,jmuben,train-3.parquet#4958:1(5441).jpg,3,leaf_miner,3,0,,train
jmuben/05307.jpg,jmuben,train-3.parquet#4974:1(3595).jpg,3,leaf_miner,3,0,,train
jmuben/05308.jpg,jmuben,train-3.parquet#4976:1(15351).jpg,3,leaf_miner,3,0,,train
jmuben/05310.jpg,jmuben,train-3.parquet#5041:1(5380).jpg,3,leaf_miner,3,0,,train
jmuben/05311.jpg,jmuben,train-3.parquet#5056:1(1269).jpg,3,leaf_miner,3,0,,train
jmuben/05312.jpg,jmuben,train-3.parquet#5136:1(1906).jpg,3,leaf_miner,3,0,,train
jmuben/05313.jpg,jmuben,train-3.parquet#5155:1(14452).jpg,3,leaf_miner,3,0,,train
jmuben/05316.jpg,jmuben,train-3.parquet#5193:1(16418).jpg,3,leaf_miner,3,0,,train
jmuben/05317.jpg,jmuben,train-3.parquet#5252:1(17966).jpg,3,leaf_miner,3,0,,train
jmuben/05318.jpg,jmuben,train-3.parquet#5278:1(8896).jpg,3,leaf_miner,3,0,,train
jmuben/05320.jpg,jmuben,train-3.parquet#5298:1(7630).jpg,3,leaf_miner,3,0,,train
jmuben/05323.jpg,jmuben,train-3.parquet#5317:1(1530).jpg,3,leaf_miner,3,0,,train
jmuben/05324.jpg,jmuben,train-3.parquet#5366:1(3761).jpg,3,leaf_miner,3,0,,train
jmuben/05326.jpg,jmuben,train-3.parquet#5396:1(15849).jpg,3,leaf_miner,3,0,,train
jmuben/05327.jpg,jmuben,train-3.parquet#5408:1(17177).jpg,3,leaf_miner,3,0,,train
jmuben/05328.jpg,jmuben,train-3.parquet#5418:1(3624).jpg,3,leaf_miner,3,0,,train
jmuben/05329.jpg,jmuben,train-3.parquet#5420:1(9546).jpg,3,leaf_miner,3,0,,train
jmuben/05330.jpg,jmuben,train-3.parquet#5426:1(10077).jpg,3,leaf_miner,3,0,,train
jmuben/05331.jpg,jmuben,train-3.parquet#5434:1(4724).jpg,3,leaf_miner,3,0,,train
jmuben/05332.jpg,jmuben,train-3.parquet#5437:1(8357).jpg,3,leaf_miner,3,0,,train
jmuben/05334.jpg,jmuben,train-3.parquet#5471:1(4661).jpg,3,leaf_miner,3,0,,train
jmuben/05336.jpg,jmuben,train-3.parquet#5484:1(2166).jpg,3,leaf_miner,3,0,,train
jmuben/05337.jpg,jmuben,train-3.parquet#5486:1(13437).jpg,3,leaf_miner,3,0,,train
jmuben/05338.jpg,jmuben,train-3.parquet#5508:1(15019).jpg,3,leaf_miner,3,0,,train
jmuben/05343.jpg,jmuben,train-3.parquet#5619:1(8496).jpg,3,leaf_miner,3,0,,train
jmuben/05344.jpg,jmuben,train-3.parquet#5626:1(13030).jpg,3,leaf_miner,3,0,,train
jmuben/05348.jpg,jmuben,train-3.parquet#5676:1(16160).jpg,3,leaf_miner,3,0,,train
jmuben/05349.jpg,jmuben,train-3.parquet#5690:1(13227).jpg,3,leaf_miner,3,0,,train
jmuben/05350.jpg,jmuben,train-3.parquet#5726:1(8052).jpg,3,leaf_miner,3,0,,train
jmuben/05351.jpg,jmuben,train-3.parquet#5742:1(11830).jpg,3,leaf_miner,3,0,,train
jmuben/05352.jpg,jmuben,train-3.parquet#5756:1(9356).jpg,3,leaf_miner,3,0,,train
jmuben/05354.jpg,jmuben,train-3.parquet#5780:1(9881).jpg,3,leaf_miner,3,0,,train
jmuben/05355.jpg,jmuben,train-3.parquet#5782:1(11758).jpg,3,leaf_miner,3,0,,train
jmuben/05356.jpg,jmuben,train-3.parquet#5783:1(13765).jpg,3,leaf_miner,3,0,,train
jmuben/05357.jpg,jmuben,train-3.parquet#5788:1(2664).jpg,3,leaf_miner,3,0,,train
jmuben/05359.jpg,jmuben,train-3.parquet#5794:1(2234).jpg,3,leaf_miner,3,0,,train
jmuben/05360.jpg,jmuben,train-3.parquet#5807:1(10519).jpg,3,leaf_miner,3,0,,train
jmuben/05361.jpg,jmuben,train-3.parquet#5814:1(17233).jpg,3,leaf_miner,3,0,,train
jmuben/05363.jpg,jmuben,train-3.parquet#5840:1(7173).jpg,3,leaf_miner,3,0,,train
jmuben/05364.jpg,jmuben,train-3.parquet#5860:1(14366).jpg,3,leaf_miner,3,0,,train
jmuben/05366.jpg,jmuben,train-3.parquet#5883:1(15961).jpg,3,leaf_miner,3,0,,train
jmuben/05367.jpg,jmuben,train-3.parquet#5887:1(4533).jpg,3,leaf_miner,3,0,,train
jmuben/05369.jpg,jmuben,train-3.parquet#5930:1(13266).jpg,3,leaf_miner,3,0,,train
jmuben/05370.jpg,jmuben,train-3.parquet#5948:1(4749).jpg,3,leaf_miner,3,0,,train
jmuben/05373.jpg,jmuben,train-3.parquet#6022:1(12836).jpg,3,leaf_miner,3,0,,train
jmuben/05374.jpg,jmuben,train-3.parquet#6028:1(2625).jpg,3,leaf_miner,3,0,,train
jmuben/05375.jpg,jmuben,train-3.parquet#6031:1(7077).jpg,3,leaf_miner,3,0,,train
jmuben/05376.jpg,jmuben,train-3.parquet#6051:1(14848).jpg,3,leaf_miner,3,0,,train
jmuben/05377.jpg,jmuben,train-3.parquet#6052:1(1459).jpg,3,leaf_miner,3,0,,train
jmuben/05378.jpg,jmuben,train-3.parquet#6059:1(17788).jpg,3,leaf_miner,3,0,,train
jmuben/05379.jpg,jmuben,train-3.parquet#6065:1(12420).jpg,3,leaf_miner,3,0,,train
jmuben/05383.jpg,jmuben,train-3.parquet#6095:1(12359).jpg,3,leaf_miner,3,0,,train
jmuben/05384.jpg,jmuben,train-3.parquet#6128:1(10671).jpg,3,leaf_miner,3,0,,train
jmuben/05385.jpg,jmuben,train-3.parquet#6130:1(1770).jpg,3,leaf_miner,3,0,,train
jmuben/05387.jpg,jmuben,train-3.parquet#6161:1(8250).jpg,3,leaf_miner,3,0,,train
jmuben/05388.jpg,jmuben,train-3.parquet#6165:1(9912).jpg,3,leaf_miner,3,0,,train
jmuben/05389.jpg,jmuben,train-3.parquet#6174:1(10936).jpg,3,leaf_miner,3,0,,train
jmuben/05390.jpg,jmuben,train-3.parquet#6177:1(9857).jpg,3,leaf_miner,3,0,,train
jmuben/05391.jpg,jmuben,train-3.parquet#6186:1(10035).jpg,3,leaf_miner,3,0,,train
jmuben/05392.jpg,jmuben,train-3.parquet#6191:1(3559).jpg,3,leaf_miner,3,0,,train
jmuben/05394.jpg,jmuben,train-3.parquet#6212:1(6921).jpg,3,leaf_miner,3,0,,train
jmuben/05396.jpg,jmuben,train-3.parquet#6260:1(16677).jpg,3,leaf_miner,3,0,,train
jmuben/05398.jpg,jmuben,train-3.parquet#6316:1(5570).jpg,3,leaf_miner,3,0,,train
jmuben/05399.jpg,jmuben,train-3.parquet#6338:1(2935).jpg,3,leaf_miner,3,0,,train
jmuben/05400.jpg,jmuben,train-3.parquet#6362:1(16270).jpg,3,leaf_miner,3,0,,train
jmuben/05402.jpg,jmuben,train-3.parquet#6376:1(2870).jpg,3,leaf_miner,3,0,,train
jmuben/05403.jpg,jmuben,train-3.parquet#6381:1(9695).jpg,3,leaf_miner,3,0,,train
jmuben/05404.jpg,jmuben,train-3.parquet#6382:1(8987).jpg,3,leaf_miner,3,0,,train
jmuben/05405.jpg,jmuben,train-3.parquet#6383:1(10131).jpg,3,leaf_miner,3,0,,train
jmuben/05406.jpg,jmuben,train-3.parquet#6394:1(15763).jpg,3,leaf_miner,3,0,,train
jmuben/05407.jpg,jmuben,train-3.parquet#6398:1(5423).jpg,3,leaf_miner,3,0,,train
jmuben/05408.jpg,jmuben,train-3.parquet#6405:1(1899).jpg,3,leaf_miner,3,0,,train
jmuben/05409.jpg,jmuben,train-3.parquet#6412:1(14467).jpg,3,leaf_miner,3,0,,train
jmuben/05410.jpg,jmuben,train-3.parquet#6468:1(9396).jpg,3,leaf_miner,3,0,,train
jmuben/05412.jpg,jmuben,train-3.parquet#6501:1(13434).jpg,3,leaf_miner,3,0,,train
jmuben/05413.jpg,jmuben,train-3.parquet#6517:1(16548).jpg,3,leaf_miner,3,0,,train
jmuben/05414.jpg,jmuben,train-3.parquet#6523:1(5474).jpg,3,leaf_miner,3,0,,train
jmuben/05415.jpg,jmuben,train-3.parquet#6532:1(4635).jpg,3,leaf_miner,3,0,,train
jmuben/05416.jpg,jmuben,train-3.parquet#6550:1(10023).jpg,3,leaf_miner,3,0,,train
jmuben/05419.jpg,jmuben,train-3.parquet#6585:1(6937).jpg,3,leaf_miner,3,0,,train
jmuben/05420.jpg,jmuben,train-3.parquet#6602:1(16661).jpg,3,leaf_miner,3,0,,train
jmuben/05421.jpg,jmuben,train-3.parquet#6604:1(8495).jpg,3,leaf_miner,3,0,,train
jmuben/05425.jpg,jmuben,train-3.parquet#6670:1(3888).jpg,3,leaf_miner,3,0,,train
jmuben/05426.jpg,jmuben,train-3.parquet#6701:1(2149).jpg,3,leaf_miner,3,0,,train
jmuben/05430.jpg,jmuben,train-3.parquet#6734:1(9210).jpg,3,leaf_miner,3,0,,train
jmuben/05433.jpg,jmuben,train-3.parquet#6811:1(11921).jpg,3,leaf_miner,3,0,,train
jmuben/05434.jpg,jmuben,train-3.parquet#6818:1(8840).jpg,3,leaf_miner,3,0,,train
jmuben/05435.jpg,jmuben,train-3.parquet#6831:1(14670).jpg,3,leaf_miner,3,0,,train
jmuben/05436.jpg,jmuben,train-3.parquet#6852:1(17549).jpg,3,leaf_miner,3,0,,train
jmuben/05438.jpg,jmuben,train-3.parquet#6900:1(2221).jpg,3,leaf_miner,3,0,,train
jmuben/05439.jpg,jmuben,train-3.parquet#6922:1(17363).jpg,3,leaf_miner,3,0,,train
jmuben/05441.jpg,jmuben,train-3.parquet#6949:1(10275).jpg,3,leaf_miner,3,0,,train
jmuben/05442.jpg,jmuben,train-3.parquet#6956:1(12618).jpg,3,leaf_miner,3,0,,train
jmuben/05443.jpg,jmuben,train-3.parquet#6958:1(4526).jpg,3,leaf_miner,3,0,,train
jmuben/05444.jpg,jmuben,train-3.parquet#6961:1(15132).jpg,3,leaf_miner,3,0,,train
jmuben/05445.jpg,jmuben,train-3.parquet#6991:1(13662).jpg,3,leaf_miner,3,0,,train
jmuben/05447.jpg,jmuben,train-3.parquet#7009:1(17621).jpg,3,leaf_miner,3,0,,train
jmuben/05448.jpg,jmuben,train-3.parquet#7015:1(6235).jpg,3,leaf_miner,3,0,,train
jmuben/05449.jpg,jmuben,train-3.parquet#7016:1(12136).jpg,3,leaf_miner,3,0,,train
jmuben/05450.jpg,jmuben,train-3.parquet#7023:1(12566).jpg,3,leaf_miner,3,0,,train
jmuben/05452.jpg,jmuben,train-3.parquet#7074:1(14324).jpg,3,leaf_miner,3,0,,train
jmuben/05453.jpg,jmuben,train-3.parquet#7083:1(8047).jpg,3,leaf_miner,3,0,,train
jmuben/05454.jpg,jmuben,train-3.parquet#7088:1(17508).jpg,3,leaf_miner,3,0,,train
jmuben/05455.jpg,jmuben,train-3.parquet#7089:1(15535).jpg,3,leaf_miner,3,0,,train
jmuben/05456.jpg,jmuben,train-3.parquet#7115:1(3386).jpg,3,leaf_miner,3,0,,train
jmuben/05457.jpg,jmuben,train-3.parquet#7126:1(15811).jpg,3,leaf_miner,3,0,,train
jmuben/05458.jpg,jmuben,train-3.parquet#7146:1(16381).jpg,3,leaf_miner,3,0,,train
jmuben/05464.jpg,jmuben,train-3.parquet#7198:1(6612).jpg,3,leaf_miner,3,0,,train
jmuben/05465.jpg,jmuben,train-3.parquet#7214:1(10469).jpg,3,leaf_miner,3,0,,train
jmuben/05466.jpg,jmuben,train-3.parquet#7226:1(12004).jpg,3,leaf_miner,3,0,,train
jmuben/05467.jpg,jmuben,train-3.parquet#7239:1(11782).jpg,3,leaf_miner,3,0,,train
jmuben/05468.jpg,jmuben,train-3.parquet#7243:1(11628).jpg,3,leaf_miner,3,0,,train
jmuben/05470.jpg,jmuben,train-3.parquet#7274:1(13838).jpg,3,leaf_miner,3,0,,train
jmuben/05472.jpg,jmuben,train-3.parquet#7316:1(14241).jpg,3,leaf_miner,3,0,,train
jmuben/05473.jpg,jmuben,train-3.parquet#7332:1(15329).jpg,3,leaf_miner,3,0,,train
jmuben/05474.jpg,jmuben,train-3.parquet#7337:1(4678).jpg,3,leaf_miner,3,0,,train
jmuben/05475.jpg,jmuben,train-3.parquet#7344:1(16856).jpg,3,leaf_miner,3,0,,train
jmuben/05476.jpg,jmuben,train-3.parquet#7349:1(10828).jpg,3,leaf_miner,3,0,,train
jmuben/05477.jpg,jmuben,train-3.parquet#7366:1(10982).jpg,3,leaf_miner,3,0,,train
jmuben/05478.jpg,jmuben,train-3.parquet#7383:1(3152).jpg,3,leaf_miner,3,0,,train
jmuben/05479.jpg,jmuben,train-3.parquet#7392:1(16913).jpg,3,leaf_miner,3,0,,train
jmuben/05480.jpg,jmuben,train-3.parquet#7393:1(7812).jpg,3,leaf_miner,3,0,,train
jmuben/05481.jpg,jmuben,train-3.parquet#7408:1(10701).jpg,3,leaf_miner,3,0,,train
jmuben/05482.jpg,jmuben,train-3.parquet#7410:1(11813).jpg,3,leaf_miner,3,0,,train
jmuben/05483.jpg,jmuben,train-3.parquet#7420:1(13087).jpg,3,leaf_miner,3,0,,train
jmuben/05486.jpg,jmuben,train-3.parquet#7457:1(4117).jpg,3,leaf_miner,3,0,,train
jmuben/05487.jpg,jmuben,train-3.parquet#7461:1(6080).jpg,3,leaf_miner,3,0,,train
jmuben/05488.jpg,jmuben,train-3.parquet#7475:1(14484).jpg,3,leaf_miner,3,0,,train
jmuben/05489.jpg,jmuben,train-3.parquet#7506:1(14938).jpg,3,leaf_miner,3,0,,train
jmuben/05490.jpg,jmuben,train-3.parquet#7536:1(16456).jpg,3,leaf_miner,3,0,,train
jmuben/05491.jpg,jmuben,train-3.parquet#7545:1(16378).jpg,3,leaf_miner,3,0,,train
jmuben/05492.jpg,jmuben,train-3.parquet#7555:1(16728).jpg,3,leaf_miner,3,0,,train
jmuben/05493.jpg,jmuben,train-3.parquet#7611:1(8499).jpg,3,leaf_miner,3,0,,train
jmuben/05494.jpg,jmuben,train-3.parquet#7617:1(14980).jpg,3,leaf_miner,3,0,,train
jmuben/05496.jpg,jmuben,train-3.parquet#7635:1(3406).jpg,3,leaf_miner,3,0,,train
jmuben/05498.jpg,jmuben,train-3.parquet#7654:1(16114).jpg,3,leaf_miner,3,0,,train
jmuben/05500.jpg,jmuben,train-3.parquet#7673:1(17210).jpg,3,leaf_miner,3,0,,train
jmuben/05501.jpg,jmuben,train-3.parquet#7684:1(15387).jpg,3,leaf_miner,3,0,,train
jmuben/05504.jpg,jmuben,train-3.parquet#7701:1(10238).jpg,3,leaf_miner,3,0,,train
jmuben/05505.jpg,jmuben,train-3.parquet#7728:1(16303).jpg,3,leaf_miner,3,0,,train
jmuben/05506.jpg,jmuben,train-3.parquet#7743:1(6413).jpg,3,leaf_miner,3,0,,train
jmuben/05507.jpg,jmuben,train-3.parquet#7748:1(3241).jpg,3,leaf_miner,3,0,,train
jmuben/05508.jpg,jmuben,train-3.parquet#7757:1(13382).jpg,3,leaf_miner,3,0,,train
jmuben/05510.jpg,jmuben,train-3.parquet#7778:1(3168).jpg,3,leaf_miner,3,0,,train
jmuben/05511.jpg,jmuben,train-3.parquet#7865:1(8909).jpg,3,leaf_miner,3,0,,train
jmuben/05512.jpg,jmuben,train-3.parquet#7870:1(15082).jpg,3,leaf_miner,3,0,,train
jmuben/05513.jpg,jmuben,train-3.parquet#7880:1(5638).jpg,3,leaf_miner,3,0,,train
jmuben/05515.jpg,jmuben,train-3.parquet#7900:1(10453).jpg,3,leaf_miner,3,0,,train
jmuben/05516.jpg,jmuben,train-3.parquet#7903:1(9498).jpg,3,leaf_miner,3,0,,train
jmuben/05517.jpg,jmuben,train-3.parquet#7911:1(4300).jpg,3,leaf_miner,3,0,,train
jmuben/05518.jpg,jmuben,train-3.parquet#7920:1(8289).jpg,3,leaf_miner,3,0,,train
jmuben/05519.jpg,jmuben,train-3.parquet#7921:1(8773).jpg,3,leaf_miner,3,0,,train
jmuben/05520.jpg,jmuben,train-3.parquet#7930:1(8323).jpg,3,leaf_miner,3,0,,train
jmuben/05521.jpg,jmuben,train-3.parquet#7939:1(5004).jpg,3,leaf_miner,3,0,,train
jmuben/05522.jpg,jmuben,train-3.parquet#7942:1(16568).jpg,3,leaf_miner,3,0,,train
jmuben/05523.jpg,jmuben,train-3.parquet#7989:1(9748).jpg,3,leaf_miner,3,0,,train
jmuben/05526.jpg,jmuben,train-3.parquet#8026:1(16712).jpg,3,leaf_miner,3,0,,train
jmuben/05529.jpg,jmuben,train-3.parquet#8051:1(10916).jpg,3,leaf_miner,3,0,,train
jmuben/05530.jpg,jmuben,train-3.parquet#8058:1(8765).jpg,3,leaf_miner,3,0,,train
jmuben/05531.jpg,jmuben,train-3.parquet#8065:1(3129).jpg,3,leaf_miner,3,0,,train
jmuben/05532.jpg,jmuben,train-3.parquet#8068:1(9524).jpg,3,leaf_miner,3,0,,train
jmuben/05533.jpg,jmuben,train-3.parquet#8077:1(14955).jpg,3,leaf_miner,3,0,,train
jmuben/05535.jpg,jmuben,train-3.parquet#8088:1(4253).jpg,3,leaf_miner,3,0,,train
jmuben/05536.jpg,jmuben,train-3.parquet#8112:1(7185).jpg,3,leaf_miner,3,0,,train
jmuben/05537.jpg,jmuben,train-3.parquet#8126:1(5696).jpg,3,leaf_miner,3,0,,train
jmuben/05538.jpg,jmuben,train-3.parquet#8135:1(3312).jpg,3,leaf_miner,3,0,,train
jmuben/05544.jpg,jmuben,train-3.parquet#8186:1(14328).jpg,3,leaf_miner,3,0,,train
jmuben/05545.jpg,jmuben,train-3.parquet#8221:1(14451).jpg,3,leaf_miner,3,0,,train
jmuben/05546.jpg,jmuben,train-3.parquet#8244:1(12839).jpg,3,leaf_miner,3,0,,train
jmuben/05547.jpg,jmuben,train-3.parquet#8255:1(17292).jpg,3,leaf_miner,3,0,,train
jmuben/05548.jpg,jmuben,train-3.parquet#8281:1(12584).jpg,3,leaf_miner,3,0,,train
jmuben/05549.jpg,jmuben,train-3.parquet#8288:1(8733).jpg,3,leaf_miner,3,0,,train
jmuben/05550.jpg,jmuben,train-3.parquet#8294:1(10940).jpg,3,leaf_miner,3,0,,train
jmuben/05552.jpg,jmuben,train-3.parquet#8306:1(14145).jpg,3,leaf_miner,3,0,,train
jmuben/05553.jpg,jmuben,train-3.parquet#8325:1(15754).jpg,3,leaf_miner,3,0,,train
jmuben/05555.jpg,jmuben,train-3.parquet#8340:1(10106).jpg,3,leaf_miner,3,0,,train
jmuben/05557.jpg,jmuben,train-3.parquet#8357:1(14796).jpg,3,leaf_miner,3,0,,train
jmuben/05559.jpg,jmuben,train-3.parquet#8363:1(10385).jpg,3,leaf_miner,3,0,,train
jmuben/05560.jpg,jmuben,train-3.parquet#8378:1(3256).jpg,3,leaf_miner,3,0,,train
jmuben/05561.jpg,jmuben,train-3.parquet#8387:1(12707).jpg,3,leaf_miner,3,0,,train
jmuben/05563.jpg,jmuben,train-3.parquet#8434:1(3128).jpg,3,leaf_miner,3,0,,train
jmuben/05564.jpg,jmuben,train-3.parquet#8462:1(15353).jpg,3,leaf_miner,3,0,,train
jmuben/05567.jpg,jmuben,train-3.parquet#8523:1(2555).jpg,3,leaf_miner,3,0,,train
jmuben/05568.jpg,jmuben,train-3.parquet#8570:1(1103).jpg,3,leaf_miner,3,0,,train
jmuben/05573.jpg,jmuben,train-3.parquet#8634:1(2543).jpg,3,leaf_miner,3,0,,train
jmuben/05574.jpg,jmuben,train-3.parquet#8640:1(13442).jpg,3,leaf_miner,3,0,,train
jmuben/05576.jpg,jmuben,train-3.parquet#8671:1(12746).jpg,3,leaf_miner,3,0,,train
jmuben/05577.jpg,jmuben,train-3.parquet#8673:1(11869).jpg,3,leaf_miner,3,0,,train
jmuben/05578.jpg,jmuben,train-3.parquet#8689:1(13157).jpg,3,leaf_miner,3,0,,train
jmuben/05581.jpg,jmuben,train-3.parquet#8727:1(12068).jpg,3,leaf_miner,3,0,,train
jmuben/05583.jpg,jmuben,train-3.parquet#8740:1(4706).jpg,3,leaf_miner,3,0,,train
jmuben/05584.jpg,jmuben,train-3.parquet#8760:1(5402).jpg,3,leaf_miner,3,0,,train
jmuben/05585.jpg,jmuben,train-3.parquet#8767:1(5052).jpg,3,leaf_miner,3,0,,train
jmuben/05586.jpg,jmuben,train-3.parquet#8784:1(10393).jpg,3,leaf_miner,3,0,,train
jmuben/05587.jpg,jmuben,train-3.parquet#8811:1(8119).jpg,3,leaf_miner,3,0,,train
jmuben/05590.jpg,jmuben,train-3.parquet#8857:1(12506).jpg,3,leaf_miner,3,0,,train
jmuben/05592.jpg,jmuben,train-3.parquet#8906:1(3542).jpg,3,leaf_miner,3,0,,train
jmuben/05593.jpg,jmuben,train-3.parquet#8907:1(17641).jpg,3,leaf_miner,3,0,,train
jmuben/05594.jpg,jmuben,train-3.parquet#8922:1(11146).jpg,3,leaf_miner,3,0,,train
jmuben/05595.jpg,jmuben,train-3.parquet#8923:1(5245).jpg,3,leaf_miner,3,0,,train
jmuben/05596.jpg,jmuben,train-3.parquet#8940:1(10757).jpg,3,leaf_miner,3,0,,train
jmuben/05597.jpg,jmuben,train-3.parquet#8963:1(17587).jpg,3,leaf_miner,3,0,,train
jmuben/05598.jpg,jmuben,train-3.parquet#8969:1(15040).jpg,3,leaf_miner,3,0,,train
jmuben/05599.jpg,jmuben,train-3.parquet#8996:1(14485).jpg,3,leaf_miner,3,0,,train
jmuben/05600.jpg,jmuben,train-3.parquet#9006:1(10096).jpg,3,leaf_miner,3,0,,train
jmuben/05602.jpg,jmuben,train-3.parquet#9028:1(17616).jpg,3,leaf_miner,3,0,,train
jmuben/05603.jpg,jmuben,train-3.parquet#9071:1(9661).jpg,3,leaf_miner,3,0,,train
jmuben/05605.jpg,jmuben,train-3.parquet#9133:1(11957).jpg,3,leaf_miner,3,0,,train
jmuben/05606.jpg,jmuben,train-3.parquet#9136:1(12117).jpg,3,leaf_miner,3,0,,train
jmuben/05607.jpg,jmuben,train-3.parquet#9151:1(16857).jpg,3,leaf_miner,3,0,,train
jmuben/05609.jpg,jmuben,train-3.parquet#9185:1(7110).jpg,3,leaf_miner,3,0,,train
jmuben/05610.jpg,jmuben,train-3.parquet#9210:1(15847).jpg,3,leaf_miner,3,0,,train
jmuben/05611.jpg,jmuben,train-3.parquet#9219:1(2191).jpg,3,leaf_miner,3,0,,train
jmuben/05613.jpg,jmuben,train-3.parquet#9241:1(3780).jpg,3,leaf_miner,3,0,,train
jmuben/05614.jpg,jmuben,train-3.parquet#9244:1(2892).jpg,3,leaf_miner,3,0,,train
jmuben/05615.jpg,jmuben,train-3.parquet#9250:1(9698).jpg,3,leaf_miner,3,0,,train
jmuben/05617.jpg,jmuben,train-3.parquet#9263:1(16787).jpg,3,leaf_miner,3,0,,train
jmuben/05618.jpg,jmuben,train-3.parquet#9272:1(6994).jpg,3,leaf_miner,3,0,,train
jmuben/05619.jpg,jmuben,train-3.parquet#9275:1(4803).jpg,3,leaf_miner,3,0,,train
jmuben/05620.jpg,jmuben,train-3.parquet#9300:1(17342).jpg,3,leaf_miner,3,0,,train
jmuben/05622.jpg,jmuben,train-3.parquet#9304:1(12140).jpg,3,leaf_miner,3,0,,train
jmuben/05625.jpg,jmuben,train-3.parquet#9353:1(15113).jpg,3,leaf_miner,3,0,,train
jmuben/05626.jpg,jmuben,train-3.parquet#9359:1(3387).jpg,3,leaf_miner,3,0,,train
jmuben/05628.jpg,jmuben,train-3.parquet#9501:1(9084).jpg,3,leaf_miner,3,0,,train
jmuben/05629.jpg,jmuben,train-3.parquet#9505:1(16898).jpg,3,leaf_miner,3,0,,train
jmuben/05632.jpg,jmuben,train-3.parquet#9562:1(8857).jpg,3,leaf_miner,3,0,,train
jmuben/05633.jpg,jmuben,train-3.parquet#9570:1(15426).jpg,3,leaf_miner,3,0,,train
jmuben/05634.jpg,jmuben,train-3.parquet#9584:1(10761).jpg,3,leaf_miner,3,0,,train
jmuben/05638.jpg,jmuben,train-3.parquet#9667:1(15430).jpg,3,leaf_miner,3,0,,train
jmuben/05639.jpg,jmuben,train-3.parquet#9668:1(1733).jpg,3,leaf_miner,3,0,,train
jmuben/05640.jpg,jmuben,train-3.parquet#9692:1(11166).jpg,3,leaf_miner,3,0,,train
jmuben/05641.jpg,jmuben,train-3.parquet#9720:1(4024).jpg,3,leaf_miner,3,0,,train
jmuben/05642.jpg,jmuben,train-3.parquet#9722:1(16420).jpg,3,leaf_miner,3,0,,train
jmuben/05643.jpg,jmuben,train-3.parquet#9728:1(13788).jpg,3,leaf_miner,3,0,,train
jmuben/05646.jpg,jmuben,train-3.parquet#9747:1(4248).jpg,3,leaf_miner,3,0,,train
jmuben/05647.jpg,jmuben,train-3.parquet#9765:1(13767).jpg,3,leaf_miner,3,0,,train
jmuben/05650.jpg,jmuben,train-3.parquet#9851:1(10059).jpg,3,leaf_miner,3,0,,train
jmuben/05651.jpg,jmuben,train-3.parquet#9853:1(12064).jpg,3,leaf_miner,3,0,,train
jmuben/05653.jpg,jmuben,train-3.parquet#9898:1(9587).jpg,3,leaf_miner,3,0,,train
jmuben/05654.jpg,jmuben,train-3.parquet#9931:1(13177).jpg,3,leaf_miner,3,0,,train
jmuben/05656.jpg,jmuben,train-3.parquet#9951:1(17071).jpg,3,leaf_miner,3,0,,train
jmuben/05657.jpg,jmuben,train-3.parquet#9967:1(11326).jpg,3,leaf_miner,3,0,,train
jmuben/05658.jpg,jmuben,train-3.parquet#9999:1(14962).jpg,3,leaf_miner,3,0,,train
jmuben/05660.jpg,jmuben,train-3.parquet#10022:1(16322).jpg,3,leaf_miner,3,0,,train
jmuben/05662.jpg,jmuben,train-3.parquet#10031:1(7673).jpg,3,leaf_miner,3,0,,train
jmuben/05663.jpg,jmuben,train-3.parquet#10062:1(10219).jpg,3,leaf_miner,3,0,,train
jmuben/05665.jpg,jmuben,train-3.parquet#10075:1(4819).jpg,3,leaf_miner,3,0,,train
jmuben/05666.jpg,jmuben,train-3.parquet#10093:1(4399).jpg,3,leaf_miner,3,0,,train
jmuben/05668.jpg,jmuben,train-3.parquet#10135:1(14935).jpg,3,leaf_miner,3,0,,train
jmuben/05669.jpg,jmuben,train-3.parquet#10153:1(8969).jpg,3,leaf_miner,3,0,,train
jmuben/05671.jpg,jmuben,train-3.parquet#10164:1(7665).jpg,3,leaf_miner,3,0,,train
jmuben/05672.jpg,jmuben,train-3.parquet#10167:1(6977).jpg,3,leaf_miner,3,0,,train
jmuben/05674.jpg,jmuben,train-3.parquet#10191:1(2488).jpg,3,leaf_miner,3,0,,train
jmuben/05675.jpg,jmuben,train-3.parquet#10194:1(17030).jpg,3,leaf_miner,3,0,,train
jmuben/05678.jpg,jmuben,train-3.parquet#10261:1(11672).jpg,3,leaf_miner,3,0,,train
jmuben/05679.jpg,jmuben,train-3.parquet#10294:1(12320).jpg,3,leaf_miner,3,0,,train
jmuben/05680.jpg,jmuben,train-3.parquet#10328:1(8178).jpg,3,leaf_miner,3,0,,train
jmuben/05681.jpg,jmuben,train-3.parquet#10341:1(1420).jpg,3,leaf_miner,3,0,,train
jmuben/05682.jpg,jmuben,train-3.parquet#10350:1(5199).jpg,3,leaf_miner,3,0,,train
jmuben/05683.jpg,jmuben,train-3.parquet#10358:1(14427).jpg,3,leaf_miner,3,0,,train
jmuben/05684.jpg,jmuben,train-3.parquet#10368:1(11275).jpg,3,leaf_miner,3,0,,train
jmuben/05685.jpg,jmuben,train-3.parquet#10369:1(5176).jpg,3,leaf_miner,3,0,,train
jmuben/05686.jpg,jmuben,train-3.parquet#10380:1(15666).jpg,3,leaf_miner,3,0,,train
jmuben/05688.jpg,jmuben,train-3.parquet#10394:1(5604).jpg,3,leaf_miner,3,0,,train
jmuben/05689.jpg,jmuben,train-3.parquet#10405:1(5254).jpg,3,leaf_miner,3,0,,train
jmuben/05690.jpg,jmuben,train-3.parquet#10419:1(6182).jpg,3,leaf_miner,3,0,,train
jmuben/05692.jpg,jmuben,train-3.parquet#10494:1(5468).jpg,3,leaf_miner,3,0,,train
jmuben/05693.jpg,jmuben,train-3.parquet#10511:1(14586).jpg,3,leaf_miner,3,0,,train
jmuben/05694.jpg,jmuben,train-3.parquet#10532:1(6301).jpg,3,leaf_miner,3,0,,train
jmuben/05695.jpg,jmuben,train-3.parquet#10548:1(12686).jpg,3,leaf_miner,3,0,,train
jmuben/05696.jpg,jmuben,train-3.parquet#10568:1(2179).jpg,3,leaf_miner,3,0,,train
jmuben/05697.jpg,jmuben,train-3.parquet#10579:1(15905).jpg,3,leaf_miner,3,0,,train
jmuben/05698.jpg,jmuben,train-3.parquet#10596:1(3292).jpg,3,leaf_miner,3,0,,train
jmuben/05701.jpg,jmuben,train-3.parquet#10612:1(13701).jpg,3,leaf_miner,3,0,,train
jmuben/05702.jpg,jmuben,train-3.parquet#10617:1(16153).jpg,3,leaf_miner,3,0,,train
jmuben/05703.jpg,jmuben,train-3.parquet#10623:1(3011).jpg,3,leaf_miner,3,0,,train
jmuben/05704.jpg,jmuben,train-3.parquet#10626:1(12110).jpg,3,leaf_miner,3,0,,train
jmuben/05707.jpg,jmuben,train-3.parquet#10640:1(6356).jpg,3,leaf_miner,3,0,,train
jmuben/05708.jpg,jmuben,train-3.parquet#10656:1(9109).jpg,3,leaf_miner,3,0,,train
jmuben/05709.jpg,jmuben,train-3.parquet#10663:1(13644).jpg,3,leaf_miner,3,0,,train
jmuben/05710.jpg,jmuben,train-3.parquet#10683:1(14744).jpg,3,leaf_miner,3,0,,train
jmuben/05712.jpg,jmuben,train-3.parquet#10736:1(15440).jpg,3,leaf_miner,3,0,,train
jmuben/05715.jpg,jmuben,train-3.parquet#10803:1(3841).jpg,3,leaf_miner,3,0,,train
jmuben/05716.jpg,jmuben,train-3.parquet#10815:1(10584).jpg,3,leaf_miner,3,0,,train
jmuben/05717.jpg,jmuben,train-3.parquet#10825:1(3396).jpg,3,leaf_miner,3,0,,train
jmuben/05719.jpg,jmuben,train-3.parquet#10830:1(9261).jpg,3,leaf_miner,3,0,,train
jmuben/05721.jpg,jmuben,train-3.parquet#10849:1(13486).jpg,3,leaf_miner,3,0,,train
jmuben/05723.jpg,jmuben,train-3.parquet#10873:1(13469).jpg,3,leaf_miner,3,0,,train
jmuben/05724.jpg,jmuben,train-3.parquet#10883:1(12628).jpg,3,leaf_miner,3,0,,train
jmuben/05725.jpg,jmuben,train-3.parquet#10892:1(13890).jpg,3,leaf_miner,3,0,,train
jmuben/05727.jpg,jmuben,train-3.parquet#10947:1(1578).jpg,3,leaf_miner,3,0,,train
jmuben/05729.jpg,jmuben,train-3.parquet#10987:1(4097).jpg,3,leaf_miner,3,0,,train
jmuben/05730.jpg,jmuben,train-3.parquet#10997:1(12203).jpg,3,leaf_miner,3,0,,train
jmuben/05732.jpg,jmuben,train-3.parquet#11011:1(12346).jpg,3,leaf_miner,3,0,,train
jmuben/05733.jpg,jmuben,train-3.parquet#11014:1(10681).jpg,3,leaf_miner,3,0,,train
jmuben/05734.jpg,jmuben,train-3.parquet#11015:1(3247).jpg,3,leaf_miner,3,0,,train
jmuben/05737.jpg,jmuben,train-3.parquet#11100:1(4214).jpg,3,leaf_miner,3,0,,train
jmuben/05738.jpg,jmuben,train-3.parquet#11103:1(12080).jpg,3,leaf_miner,3,0,,train
jmuben/05743.jpg,jmuben,train-3.parquet#11231:1(15712).jpg,3,leaf_miner,3,0,,train
jmuben/05746.jpg,jmuben,train-3.parquet#11275:1(13900).jpg,3,leaf_miner,3,0,,train
jmuben/05747.jpg,jmuben,train-3.parquet#11291:1(1391).jpg,3,leaf_miner,3,0,,train
jmuben/05748.jpg,jmuben,train-3.parquet#11300:1(6004).jpg,3,leaf_miner,3,0,,train
jmuben/05749.jpg,jmuben,train-3.parquet#11301:1(12307).jpg,3,leaf_miner,3,0,,train
jmuben/05751.jpg,jmuben,train-3.parquet#11309:1(14683).jpg,3,leaf_miner,3,0,,train
jmuben/05752.jpg,jmuben,train-3.parquet#11332:1(5852).jpg,3,leaf_miner,3,0,,train
jmuben/05753.jpg,jmuben,train-3.parquet#11357:1(7496).jpg,3,leaf_miner,3,0,,train
jmuben/05754.jpg,jmuben,train-3.parquet#11373:1(10855).jpg,3,leaf_miner,3,0,,train
jmuben/05756.jpg,jmuben,train-3.parquet#11385:1(17369).jpg,3,leaf_miner,3,0,,train
jmuben/05757.jpg,jmuben,train-3.parquet#11387:1(9467).jpg,3,leaf_miner,3,0,,train
jmuben/05759.jpg,jmuben,train-3.parquet#11428:1(8108).jpg,3,leaf_miner,3,0,,train
jmuben/05763.jpg,jmuben,train-3.parquet#11456:1(13111).jpg,3,leaf_miner,3,0,,train
jmuben/05764.jpg,jmuben,train-3.parquet#11468:1(2913).jpg,3,leaf_miner,3,0,,train
jmuben/05765.jpg,jmuben,train-3.parquet#11484:1(8364).jpg,3,leaf_miner,3,0,,train
jmuben/05766.jpg,jmuben,train-3.parquet#11496:1(9125).jpg,3,leaf_miner,3,0,,train
jmuben/05767.jpg,jmuben,train-3.parquet#11498:1(7838).jpg,3,leaf_miner,3,0,,train
jmuben/05769.jpg,jmuben,train-3.parquet#11529:1(15303).jpg,3,leaf_miner,3,0,,train
jmuben/05770.jpg,jmuben,train-3.parquet#11545:1(1903).jpg,3,leaf_miner,3,0,,train
jmuben/05771.jpg,jmuben,train-3.parquet#11561:1(8606).jpg,3,leaf_miner,3,0,,train
jmuben/05772.jpg,jmuben,train-3.parquet#11562:1(11337).jpg,3,leaf_miner,3,0,,train
jmuben/05774.jpg,jmuben,train-3.parquet#11604:1(11788).jpg,3,leaf_miner,3,0,,train
jmuben/05775.jpg,jmuben,train-3.parquet#11605:1(9851).jpg,3,leaf_miner,3,0,,train
jmuben/05776.jpg,jmuben,train-3.parquet#11629:1(2067).jpg,3,leaf_miner,3,0,,train
jmuben/05777.jpg,jmuben,train-3.parquet#11637:1(2437).jpg,3,leaf_miner,3,0,,train
jmuben/05778.jpg,jmuben,train-3.parquet#11645:1(13189).jpg,3,leaf_miner,3,0,,train
jmuben/05779.jpg,jmuben,train-3.parquet#11652:1(8485).jpg,3,leaf_miner,3,0,,train
jmuben/05780.jpg,jmuben,train-3.parquet#11653:1(3733).jpg,3,leaf_miner,3,0,,train
jmuben/05781.jpg,jmuben,train-3.parquet#11661:1(17060).jpg,3,leaf_miner,3,0,,train
jmuben/05782.jpg,jmuben,train-3.parquet#11663:1(3699).jpg,3,leaf_miner,3,0,,train
jmuben/05783.jpg,jmuben,train-3.parquet#11743:1(17172).jpg,3,leaf_miner,3,0,,train
jmuben/05785.jpg,jmuben,train-3.parquet#11786:1(11049).jpg,3,leaf_miner,3,0,,train
jmuben/05786.jpg,jmuben,train-3.parquet#11787:1(8082).jpg,3,leaf_miner,3,0,,train
jmuben/05787.jpg,jmuben,train-3.parquet#11803:1(16149).jpg,3,leaf_miner,3,0,,train
jmuben/05788.jpg,jmuben,train-3.parquet#11809:1(15335).jpg,3,leaf_miner,3,0,,train
jmuben/05789.jpg,jmuben,train-3.parquet#11827:1(9543).jpg,3,leaf_miner,3,0,,train
jmuben/05792.jpg,jmuben,train-3.parquet#11843:1(8352).jpg,3,leaf_miner,3,0,,train
jmuben/05793.jpg,jmuben,train-3.parquet#11846:1(1870).jpg,3,leaf_miner,3,0,,train
jmuben/05795.jpg,jmuben,train-3.parquet#11865:1(3267).jpg,3,leaf_miner,3,0,,train
jmuben/05796.jpg,jmuben,train-3.parquet#11874:1(16325).jpg,3,leaf_miner,3,0,,train
jmuben/05800.jpg,jmuben,train-3.parquet#12036:1(13222).jpg,3,leaf_miner,3,0,,train
jmuben/05801.jpg,jmuben,train-3.parquet#12087:1(7434).jpg,3,leaf_miner,3,0,,train
jmuben/05802.jpg,jmuben,train-3.parquet#12099:1(15030).jpg,3,leaf_miner,3,0,,train
jmuben/05805.jpg,jmuben,train-3.parquet#12114:1(15933).jpg,3,leaf_miner,3,0,,train
jmuben/05807.jpg,jmuben,train-3.parquet#12153:1(13808).jpg,3,leaf_miner,3,0,,train
jmuben/05808.jpg,jmuben,train-3.parquet#12186:1(16077).jpg,3,leaf_miner,3,0,,train
jmuben/05809.jpg,jmuben,train-3.parquet#12203:1(17373).jpg,3,leaf_miner,3,0,,train
jmuben/05810.jpg,jmuben,train-3.parquet#12210:1(3420).jpg,3,leaf_miner,3,0,,train
jmuben/05811.jpg,jmuben,train-3.parquet#12234:1(1734).jpg,3,leaf_miner,3,0,,train
jmuben/05812.jpg,jmuben,train-3.parquet#12244:1(12258).jpg,3,leaf_miner,3,0,,train
jmuben/05814.jpg,jmuben,train-3.parquet#12264:1(8450).jpg,3,leaf_miner,3,0,,train
jmuben/05815.jpg,jmuben,train-3.parquet#12271:1(14733).jpg,3,leaf_miner,3,0,,train
jmuben/05816.jpg,jmuben,train-3.parquet#12279:1(8295).jpg,3,leaf_miner,3,0,,train
jmuben/05817.jpg,jmuben,train-3.parquet#12287:1(12188).jpg,3,leaf_miner,3,0,,train
jmuben/05818.jpg,jmuben,train-3.parquet#12326:1(9892).jpg,3,leaf_miner,3,0,,train
jmuben/05819.jpg,jmuben,train-3.parquet#12327:1(8780).jpg,3,leaf_miner,3,0,,train
jmuben/05820.jpg,jmuben,train-3.parquet#12332:1(16574).jpg,3,leaf_miner,3,0,,train
jmuben/05822.jpg,jmuben,train-3.parquet#12338:1(10789).jpg,3,leaf_miner,3,0,,train
jmuben/05825.jpg,jmuben,train-3.parquet#12400:1(6726).jpg,3,leaf_miner,3,0,,train
jmuben/05826.jpg,jmuben,train-3.parquet#12403:1(18028).jpg,3,leaf_miner,3,0,,train
jmuben/05827.jpg,jmuben,train-3.parquet#12437:1(7072).jpg,3,leaf_miner,3,0,,train
jmuben/05829.jpg,jmuben,train-3.parquet#12465:1(13408).jpg,3,leaf_miner,3,0,,train
jmuben/05832.jpg,jmuben,train-3.parquet#12496:1(15163).jpg,3,leaf_miner,3,0,,train
jmuben/05835.jpg,jmuben,train-3.parquet#12523:1(2508).jpg,3,leaf_miner,3,0,,train
jmuben/05837.jpg,jmuben,train-3.parquet#12553:1(4063).jpg,3,leaf_miner,3,0,,train
jmuben/05839.jpg,jmuben,train-3.parquet#12571:1(14773).jpg,3,leaf_miner,3,0,,train
jmuben/05841.jpg,jmuben,train-3.parquet#12576:1(1148).jpg,3,leaf_miner,3,0,,train
jmuben/05842.jpg,jmuben,train-3.parquet#12616:1(16172).jpg,3,leaf_miner,3,0,,train
jmuben/05843.jpg,jmuben,train-3.parquet#12683:1(9256).jpg,3,leaf_miner,3,0,,train
jmuben/05844.jpg,jmuben,train-3.parquet#12702:1(16430).jpg,3,leaf_miner,3,0,,train
jmuben/05846.jpg,jmuben,train-3.parquet#12716:1(17221).jpg,3,leaf_miner,3,0,,train
jmuben/05848.jpg,jmuben,train-3.parquet#12762:1(17958).jpg,3,leaf_miner,3,0,,train
jmuben/05849.jpg,jmuben,train-3.parquet#12776:1(11926).jpg,3,leaf_miner,3,0,,train
jmuben/05850.jpg,jmuben,train-3.parquet#12777:1(15066).jpg,3,leaf_miner,3,0,,train
jmuben/05851.jpg,jmuben,train-3.parquet#12786:1(15089).jpg,3,leaf_miner,3,0,,train
jmuben/05852.jpg,jmuben,train-3.parquet#12800:1(5263).jpg,3,leaf_miner,3,0,,train
jmuben/05853.jpg,jmuben,train-3.parquet#12806:1(11530).jpg,3,leaf_miner,3,0,,train
jmuben/05854.jpg,jmuben,train-3.parquet#12809:1(15820).jpg,3,leaf_miner,3,0,,train
jmuben/05855.jpg,jmuben,train-3.parquet#12857:1(7032).jpg,3,leaf_miner,3,0,,train
jmuben/05856.jpg,jmuben,train-3.parquet#12860:1(17372).jpg,3,leaf_miner,3,0,,train
jmuben/05857.jpg,jmuben,train-3.parquet#12873:1(4130).jpg,3,leaf_miner,3,0,,train
jmuben/05858.jpg,jmuben,train-3.parquet#12878:1(1298).jpg,3,leaf_miner,3,0,,train
jmuben/05859.jpg,jmuben,train-3.parquet#12881:1(11971).jpg,3,leaf_miner,3,0,,train
jmuben/05860.jpg,jmuben,train-3.parquet#12890:1(15932).jpg,3,leaf_miner,3,0,,train
jmuben/05861.jpg,jmuben,train-3.parquet#12892:1(11072).jpg,3,leaf_miner,3,0,,train
jmuben/05862.jpg,jmuben,train-3.parquet#12895:1(4999).jpg,3,leaf_miner,3,0,,train
jmuben/05864.jpg,jmuben,train-3.parquet#12925:1(9217).jpg,3,leaf_miner,3,0,,train
jmuben/05865.jpg,jmuben,train-3.parquet#12935:1(13389).jpg,3,leaf_miner,3,0,,train
jmuben/05866.jpg,jmuben,train-3.parquet#12938:1(3860).jpg,3,leaf_miner,3,0,,train
jmuben/05867.jpg,jmuben,train-3.parquet#12944:1(9997).jpg,3,leaf_miner,3,0,,train
jmuben/05868.jpg,jmuben,train-3.parquet#12967:1(17775).jpg,3,leaf_miner,3,0,,train
jmuben/05869.jpg,jmuben,train-3.parquet#12968:1(15748).jpg,3,leaf_miner,3,0,,train
jmuben/05871.jpg,jmuben,train-3.parquet#12976:1(7065).jpg,3,leaf_miner,3,0,,train
jmuben/05872.jpg,jmuben,train-3.parquet#12977:1(13366).jpg,3,leaf_miner,3,0,,train
jmuben/05873.jpg,jmuben,train-3.parquet#12983:1(12824).jpg,3,leaf_miner,3,0,,train
jmuben/05875.jpg,jmuben,train-3.parquet#13017:1(13872).jpg,3,leaf_miner,3,0,,train
jmuben/05876.jpg,jmuben,train-3.parquet#13018:1(8884).jpg,3,leaf_miner,3,0,,train
jmuben/05877.jpg,jmuben,train-3.parquet#13040:1(13464).jpg,3,leaf_miner,3,0,,train
jmuben/05878.jpg,jmuben,train-3.parquet#13092:1(11635).jpg,3,leaf_miner,3,0,,train
jmuben/05883.jpg,jmuben,train-3.parquet#13123:1(6064).jpg,3,leaf_miner,3,0,,train
jmuben/05886.jpg,jmuben,train-3.parquet#13134:1(16324).jpg,3,leaf_miner,3,0,,train
jmuben/05887.jpg,jmuben,train-3.parquet#13138:1(13576).jpg,3,leaf_miner,3,0,,train
jmuben/05891.jpg,jmuben,train-3.parquet#13229:1(8353).jpg,3,leaf_miner,3,0,,train
jmuben/05892.jpg,jmuben,train-3.parquet#13269:1(9738).jpg,3,leaf_miner,3,0,,train
jmuben/05893.jpg,jmuben,train-3.parquet#13279:1(2877).jpg,3,leaf_miner,3,0,,train
jmuben/05894.jpg,jmuben,train-3.parquet#13284:1(6834).jpg,3,leaf_miner,3,0,,train
jmuben/05895.jpg,jmuben,train-3.parquet#13302:1(9041).jpg,3,leaf_miner,3,0,,train
jmuben/05896.jpg,jmuben,train-3.parquet#13329:1(14026).jpg,3,leaf_miner,3,0,,train
jmuben/05897.jpg,jmuben,train-3.parquet#13331:1(11224).jpg,3,leaf_miner,3,0,,train
jmuben/05898.jpg,jmuben,train-3.parquet#13353:1(9554).jpg,3,leaf_miner,3,0,,train
jmuben/05900.jpg,jmuben,train-3.parquet#13371:1(6025).jpg,3,leaf_miner,3,0,,train
jmuben/05902.jpg,jmuben,train-3.parquet#13376:1(15119).jpg,3,leaf_miner,3,0,,train
jmuben/05903.jpg,jmuben,train-3.parquet#13377:1(8938).jpg,3,leaf_miner,3,0,,train
jmuben/05904.jpg,jmuben,train-3.parquet#13378:1(8191).jpg,3,leaf_miner,3,0,,train
jmuben/05906.jpg,jmuben,train-3.parquet#13418:1(12263).jpg,3,leaf_miner,3,0,,train
jmuben/05907.jpg,jmuben,train-3.parquet#13424:1(7458).jpg,3,leaf_miner,3,0,,train
jmuben/05908.jpg,jmuben,train-3.parquet#13425:1(11766).jpg,3,leaf_miner,3,0,,train
jmuben/05909.jpg,jmuben,train-3.parquet#13438:1(1076).jpg,3,leaf_miner,3,0,,train
jmuben/05910.jpg,jmuben,train-3.parquet#13440:1(10177).jpg,3,leaf_miner,3,0,,train
jmuben/05911.jpg,jmuben,train-3.parquet#13443:1(9016).jpg,3,leaf_miner,3,0,,train
jmuben/05913.jpg,jmuben,train-3.parquet#13473:1(5170).jpg,3,leaf_miner,3,0,,train
jmuben/05914.jpg,jmuben,train-3.parquet#13490:1(7090).jpg,3,leaf_miner,3,0,,train
jmuben/05915.jpg,jmuben,train-3.parquet#13506:1(10415).jpg,3,leaf_miner,3,0,,train
jmuben/05916.jpg,jmuben,train-3.parquet#13517:1(3483).jpg,3,leaf_miner,3,0,,train
jmuben/05917.jpg,jmuben,train-3.parquet#13525:1(17295).jpg,3,leaf_miner,3,0,,train
jmuben/05918.jpg,jmuben,train-3.parquet#13538:1(16484).jpg,3,leaf_miner,3,0,,train
jmuben/05922.jpg,jmuben,train-3.parquet#13565:1(6547).jpg,3,leaf_miner,3,0,,train
jmuben/05923.jpg,jmuben,train-3.parquet#13572:1(2857).jpg,3,leaf_miner,3,0,,train
jmuben/05925.jpg,jmuben,train-3.parquet#13616:1(15494).jpg,3,leaf_miner,3,0,,train
jmuben/05926.jpg,jmuben,train-3.parquet#13624:1(4311).jpg,3,leaf_miner,3,0,,train
jmuben/05929.jpg,jmuben,train-3.parquet#13638:1(6286).jpg,3,leaf_miner,3,0,,train
jmuben/05930.jpg,jmuben,train-3.parquet#13640:1(11603).jpg,3,leaf_miner,3,0,,train
jmuben/05931.jpg,jmuben,train-3.parquet#13656:1(14051).jpg,3,leaf_miner,3,0,,train
jmuben/05932.jpg,jmuben,train-3.parquet#13699:1(4604).jpg,3,leaf_miner,3,0,,train
jmuben/05933.jpg,jmuben,train-3.parquet#13713:1(3712).jpg,3,leaf_miner,3,0,,train
jmuben/05936.jpg,jmuben,train-3.parquet#13773:1(9866).jpg,3,leaf_miner,3,0,,train
jmuben/05937.jpg,jmuben,train-3.parquet#13787:1(5516).jpg,3,leaf_miner,3,0,,train
jmuben/05938.jpg,jmuben,train-3.parquet#13794:1(6290).jpg,3,leaf_miner,3,0,,train
jmuben/05939.jpg,jmuben,train-3.parquet#13798:1(17391).jpg,3,leaf_miner,3,0,,train
jmuben/05945.jpg,jmuben,train-3.parquet#13864:1(6855).jpg,3,leaf_miner,3,0,,train
jmuben/05946.jpg,jmuben,train-3.parquet#13890:1(2050).jpg,3,leaf_miner,3,0,,train
jmuben/05947.jpg,jmuben,train-3.parquet#13908:1(15085).jpg,3,leaf_miner,3,0,,train
jmuben/05948.jpg,jmuben,train-3.parquet#13915:1(3495).jpg,3,leaf_miner,3,0,,train
jmuben/05949.jpg,jmuben,train-3.parquet#13973:1(9427).jpg,3,leaf_miner,3,0,,train
jmuben/05950.jpg,jmuben,train-3.parquet#13974:1(10116).jpg,3,leaf_miner,3,0,,train
jmuben/05951.jpg,jmuben,train-3.parquet#13978:1(15744).jpg,3,leaf_miner,3,0,,train
jmuben/05952.jpg,jmuben,train-3.parquet#13979:1(1447).jpg,3,leaf_miner,3,0,,train
jmuben/05954.jpg,jmuben,train-3.parquet#14000:1(16611).jpg,3,leaf_miner,3,0,,train
jmuben/05955.jpg,jmuben,train-3.parquet#14009:1(17450).jpg,3,leaf_miner,3,0,,train
jmuben/05956.jpg,jmuben,train-3.parquet#14020:1(12717).jpg,3,leaf_miner,3,0,,train
jmuben/05958.jpg,jmuben,train-3.parquet#14049:1(7655).jpg,3,leaf_miner,3,0,,train
jmuben/05960.jpg,jmuben,train-3.parquet#14114:1(16406).jpg,3,leaf_miner,3,0,,train
jmuben/05961.jpg,jmuben,train-3.parquet#14118:1(11269).jpg,3,leaf_miner,3,0,,train
jmuben/05962.jpg,jmuben,train-3.parquet#14140:1(15103).jpg,3,leaf_miner,3,0,,train
jmuben/05963.jpg,jmuben,train-3.parquet#14143:1(9630).jpg,3,leaf_miner,3,0,,train
jmuben/05965.jpg,jmuben,train-3.parquet#14150:1(13487).jpg,3,leaf_miner,3,0,,train
jmuben/05966.jpg,jmuben,train-3.parquet#14151:1(7784).jpg,3,leaf_miner,3,0,,train
jmuben/05967.jpg,jmuben,train-3.parquet#14162:1(8534).jpg,3,leaf_miner,3,0,,train
jmuben/05968.jpg,jmuben,train-3.parquet#14167:1(13192).jpg,3,leaf_miner,3,0,,train
jmuben/05969.jpg,jmuben,train-3.parquet#14179:1(2093).jpg,3,leaf_miner,3,0,,train
jmuben/05970.jpg,jmuben,train-3.parquet#14182:1(1715).jpg,3,leaf_miner,3,0,,train
jmuben/05972.jpg,jmuben,train-3.parquet#14211:1(10090).jpg,3,leaf_miner,3,0,,train
jmuben/05973.jpg,jmuben,train-3.parquet#14223:1(14483).jpg,3,leaf_miner,3,0,,train
jmuben/05974.jpg,jmuben,train-3.parquet#14247:1(11394).jpg,3,leaf_miner,3,0,,train
jmuben/05976.jpg,jmuben,train-3.parquet#14316:1(1312).jpg,3,leaf_miner,3,0,,train
jmuben/05978.jpg,jmuben,train-3.parquet#14379:1(10069).jpg,3,leaf_miner,3,0,,train
jmuben/05979.jpg,jmuben,train-3.parquet#14399:1(16914).jpg,3,leaf_miner,3,0,,train
jmuben/05980.jpg,jmuben,train-3.parquet#14402:1(14180).jpg,3,leaf_miner,3,0,,train
jmuben/05981.jpg,jmuben,train-3.parquet#14403:1(7546).jpg,3,leaf_miner,3,0,,train
jmuben/05983.jpg,jmuben,train-3.parquet#14425:1(3786).jpg,3,leaf_miner,3,0,,train
jmuben/05985.jpg,jmuben,train-3.parquet#14485:1(8826).jpg,3,leaf_miner,3,0,,train
jmuben/05986.jpg,jmuben,train-3.parquet#14487:1(1304).jpg,3,leaf_miner,3,0,,train
jmuben/05988.jpg,jmuben,train-3.parquet#14497:1(17714).jpg,3,leaf_miner,3,0,,train
jmuben/05989.jpg,jmuben,train-3.parquet#14508:1(17344).jpg,3,leaf_miner,3,0,,train
jmuben/05990.jpg,jmuben,train-3.parquet#14521:1(7454).jpg,3,leaf_miner,3,0,,train
jmuben/05991.jpg,jmuben,train-3.parquet#14535:1(11785).jpg,3,leaf_miner,3,0,,train
jmuben/05992.jpg,jmuben,train-3.parquet#14541:1(3801).jpg,3,leaf_miner,3,0,,train
jmuben/05993.jpg,jmuben,train-3.parquet#14559:1(6300).jpg,3,leaf_miner,3,0,,train
jmuben/05994.jpg,jmuben,train-3.parquet#14568:1(4917).jpg,3,leaf_miner,3,0,,train
jmuben/05997.jpg,jmuben,train-3.parquet#14604:1(3694).jpg,3,leaf_miner,3,0,,train
jmuben/05998.jpg,jmuben,train-3.parquet#14612:1(12795).jpg,3,leaf_miner,3,0,,train
jmuben/05999.jpg,jmuben,train-3.parquet#14636:1(14211).jpg,3,leaf_miner,3,0,,train
beans/00000.jpg,beans,train.parquet#0:angular_leaf_spot_train.0.jpg,6,not_coffee_leaf,0,0,,train
beans/00002.jpg,beans,train.parquet#2:angular_leaf_spot_train.10.jpg,6,not_coffee_leaf,0,0,,train
beans/00003.jpg,beans,train.parquet#3:angular_leaf_spot_train.100.jpg,6,not_coffee_leaf,0,0,,train
beans/00005.jpg,beans,train.parquet#5:angular_leaf_spot_train.102.jpg,6,not_coffee_leaf,0,0,,train
beans/00006.jpg,beans,train.parquet#6:angular_leaf_spot_train.103.jpg,6,not_coffee_leaf,0,0,,train
beans/00007.jpg,beans,train.parquet#7:angular_leaf_spot_train.104.jpg,6,not_coffee_leaf,0,0,,train
beans/00009.jpg,beans,train.parquet#9:angular_leaf_spot_train.106.jpg,6,not_coffee_leaf,0,0,,train
beans/00010.jpg,beans,train.parquet#10:angular_leaf_spot_train.107.jpg,6,not_coffee_leaf,0,0,,train
beans/00011.jpg,beans,train.parquet#11:angular_leaf_spot_train.108.jpg,6,not_coffee_leaf,0,0,,train
beans/00012.jpg,beans,train.parquet#12:angular_leaf_spot_train.109.jpg,6,not_coffee_leaf,0,0,,train
beans/00015.jpg,beans,train.parquet#15:angular_leaf_spot_train.111.jpg,6,not_coffee_leaf,0,0,,train
beans/00016.jpg,beans,train.parquet#16:angular_leaf_spot_train.112.jpg,6,not_coffee_leaf,0,0,,train
beans/00017.jpg,beans,train.parquet#17:angular_leaf_spot_train.113.jpg,6,not_coffee_leaf,0,0,,train
beans/00018.jpg,beans,train.parquet#18:angular_leaf_spot_train.114.jpg,6,not_coffee_leaf,0,0,,train
beans/00019.jpg,beans,train.parquet#19:angular_leaf_spot_train.115.jpg,6,not_coffee_leaf,0,0,,train
beans/00022.jpg,beans,train.parquet#22:angular_leaf_spot_train.118.jpg,6,not_coffee_leaf,0,0,,train
beans/00023.jpg,beans,train.parquet#23:angular_leaf_spot_train.119.jpg,6,not_coffee_leaf,0,0,,train
beans/00024.jpg,beans,train.parquet#24:angular_leaf_spot_train.12.jpg,6,not_coffee_leaf,0,0,,train
beans/00025.jpg,beans,train.parquet#25:angular_leaf_spot_train.120.jpg,6,not_coffee_leaf,0,0,,train
beans/00026.jpg,beans,train.parquet#26:angular_leaf_spot_train.121.jpg,6,not_coffee_leaf,0,0,,train
beans/00028.jpg,beans,train.parquet#28:angular_leaf_spot_train.123.jpg,6,not_coffee_leaf,0,0,,train
beans/00029.jpg,beans,train.parquet#29:angular_leaf_spot_train.124.jpg,6,not_coffee_leaf,0,0,,train
beans/00030.jpg,beans,train.parquet#30:angular_leaf_spot_train.125.jpg,6,not_coffee_leaf,0,0,,train
beans/00031.jpg,beans,train.parquet#31:angular_leaf_spot_train.126.jpg,6,not_coffee_leaf,0,0,,train
beans/00033.jpg,beans,train.parquet#33:angular_leaf_spot_train.128.jpg,6,not_coffee_leaf,0,0,,train
beans/00035.jpg,beans,train.parquet#35:angular_leaf_spot_train.13.jpg,6,not_coffee_leaf,0,0,,train
beans/00036.jpg,beans,train.parquet#36:angular_leaf_spot_train.130.jpg,6,not_coffee_leaf,0,0,,train
beans/00037.jpg,beans,train.parquet#37:angular_leaf_spot_train.131.jpg,6,not_coffee_leaf,0,0,,train
beans/00038.jpg,beans,train.parquet#38:angular_leaf_spot_train.132.jpg,6,not_coffee_leaf,0,0,,train
beans/00039.jpg,beans,train.parquet#39:angular_leaf_spot_train.133.jpg,6,not_coffee_leaf,0,0,,train
beans/00041.jpg,beans,train.parquet#41:angular_leaf_spot_train.135.jpg,6,not_coffee_leaf,0,0,,train
beans/00042.jpg,beans,train.parquet#42:angular_leaf_spot_train.136.jpg,6,not_coffee_leaf,0,0,,train
beans/00044.jpg,beans,train.parquet#44:angular_leaf_spot_train.138.jpg,6,not_coffee_leaf,0,0,,train
beans/00045.jpg,beans,train.parquet#45:angular_leaf_spot_train.139.jpg,6,not_coffee_leaf,0,0,,train
beans/00046.jpg,beans,train.parquet#46:angular_leaf_spot_train.14.jpg,6,not_coffee_leaf,0,0,,train
beans/00051.jpg,beans,train.parquet#51:angular_leaf_spot_train.144.jpg,6,not_coffee_leaf,0,0,,train
beans/00055.jpg,beans,train.parquet#55:angular_leaf_spot_train.148.jpg,6,not_coffee_leaf,0,0,,train
beans/00056.jpg,beans,train.parquet#56:angular_leaf_spot_train.149.jpg,6,not_coffee_leaf,0,0,,train
beans/00057.jpg,beans,train.parquet#57:angular_leaf_spot_train.15.jpg,6,not_coffee_leaf,0,0,,train
beans/00059.jpg,beans,train.parquet#59:angular_leaf_spot_train.151.jpg,6,not_coffee_leaf,0,0,,train
beans/00060.jpg,beans,train.parquet#60:angular_leaf_spot_train.152.jpg,6,not_coffee_leaf,0,0,,train
beans/00063.jpg,beans,train.parquet#63:angular_leaf_spot_train.155.jpg,6,not_coffee_leaf,0,0,,train
beans/00065.jpg,beans,train.parquet#65:angular_leaf_spot_train.157.jpg,6,not_coffee_leaf,0,0,,train
beans/00066.jpg,beans,train.parquet#66:angular_leaf_spot_train.158.jpg,6,not_coffee_leaf,0,0,,train
beans/00067.jpg,beans,train.parquet#67:angular_leaf_spot_train.159.jpg,6,not_coffee_leaf,0,0,,train
beans/00068.jpg,beans,train.parquet#68:angular_leaf_spot_train.16.jpg,6,not_coffee_leaf,0,0,,train
beans/00069.jpg,beans,train.parquet#69:angular_leaf_spot_train.160.jpg,6,not_coffee_leaf,0,0,,train
beans/00070.jpg,beans,train.parquet#70:angular_leaf_spot_train.161.jpg,6,not_coffee_leaf,0,0,,train
beans/00072.jpg,beans,train.parquet#72:angular_leaf_spot_train.163.jpg,6,not_coffee_leaf,0,0,,train
beans/00073.jpg,beans,train.parquet#73:angular_leaf_spot_train.164.jpg,6,not_coffee_leaf,0,0,,train
beans/00074.jpg,beans,train.parquet#74:angular_leaf_spot_train.165.jpg,6,not_coffee_leaf,0,0,,train
beans/00075.jpg,beans,train.parquet#75:angular_leaf_spot_train.166.jpg,6,not_coffee_leaf,0,0,,train
beans/00076.jpg,beans,train.parquet#76:angular_leaf_spot_train.167.jpg,6,not_coffee_leaf,0,0,,train
beans/00077.jpg,beans,train.parquet#77:angular_leaf_spot_train.168.jpg,6,not_coffee_leaf,0,0,,train
beans/00078.jpg,beans,train.parquet#78:angular_leaf_spot_train.169.jpg,6,not_coffee_leaf,0,0,,train
beans/00079.jpg,beans,train.parquet#79:angular_leaf_spot_train.17.jpg,6,not_coffee_leaf,0,0,,train
beans/00081.jpg,beans,train.parquet#81:angular_leaf_spot_train.171.jpg,6,not_coffee_leaf,0,0,,train
beans/00082.jpg,beans,train.parquet#82:angular_leaf_spot_train.172.jpg,6,not_coffee_leaf,0,0,,train
beans/00083.jpg,beans,train.parquet#83:angular_leaf_spot_train.173.jpg,6,not_coffee_leaf,0,0,,train
beans/00084.jpg,beans,train.parquet#84:angular_leaf_spot_train.174.jpg,6,not_coffee_leaf,0,0,,train
beans/00085.jpg,beans,train.parquet#85:angular_leaf_spot_train.175.jpg,6,not_coffee_leaf,0,0,,train
beans/00086.jpg,beans,train.parquet#86:angular_leaf_spot_train.176.jpg,6,not_coffee_leaf,0,0,,train
beans/00089.jpg,beans,train.parquet#89:angular_leaf_spot_train.179.jpg,6,not_coffee_leaf,0,0,,train
beans/00090.jpg,beans,train.parquet#90:angular_leaf_spot_train.18.jpg,6,not_coffee_leaf,0,0,,train
beans/00092.jpg,beans,train.parquet#92:angular_leaf_spot_train.181.jpg,6,not_coffee_leaf,0,0,,train
beans/00093.jpg,beans,train.parquet#93:angular_leaf_spot_train.182.jpg,6,not_coffee_leaf,0,0,,train
beans/00094.jpg,beans,train.parquet#94:angular_leaf_spot_train.183.jpg,6,not_coffee_leaf,0,0,,train
beans/00095.jpg,beans,train.parquet#95:angular_leaf_spot_train.184.jpg,6,not_coffee_leaf,0,0,,train
beans/00096.jpg,beans,train.parquet#96:angular_leaf_spot_train.185.jpg,6,not_coffee_leaf,0,0,,train
beans/00097.jpg,beans,train.parquet#97:angular_leaf_spot_train.186.jpg,6,not_coffee_leaf,0,0,,train
beans/00101.jpg,beans,train.parquet#101:angular_leaf_spot_train.19.jpg,6,not_coffee_leaf,0,0,,train
beans/00103.jpg,beans,train.parquet#103:angular_leaf_spot_train.191.jpg,6,not_coffee_leaf,0,0,,train
beans/00104.jpg,beans,train.parquet#104:angular_leaf_spot_train.192.jpg,6,not_coffee_leaf,0,0,,train
beans/00107.jpg,beans,train.parquet#107:angular_leaf_spot_train.195.jpg,6,not_coffee_leaf,0,0,,train
beans/00108.jpg,beans,train.parquet#108:angular_leaf_spot_train.196.jpg,6,not_coffee_leaf,0,0,,train
beans/00109.jpg,beans,train.parquet#109:angular_leaf_spot_train.197.jpg,6,not_coffee_leaf,0,0,,train
beans/00110.jpg,beans,train.parquet#110:angular_leaf_spot_train.198.jpg,6,not_coffee_leaf,0,0,,train
beans/00111.jpg,beans,train.parquet#111:angular_leaf_spot_train.199.jpg,6,not_coffee_leaf,0,0,,train
beans/00112.jpg,beans,train.parquet#112:angular_leaf_spot_train.2.jpg,6,not_coffee_leaf,0,0,,train
beans/00113.jpg,beans,train.parquet#113:angular_leaf_spot_train.20.jpg,6,not_coffee_leaf,0,0,,train
beans/00114.jpg,beans,train.parquet#114:angular_leaf_spot_train.200.jpg,6,not_coffee_leaf,0,0,,train
beans/00115.jpg,beans,train.parquet#115:angular_leaf_spot_train.201.jpg,6,not_coffee_leaf,0,0,,train
beans/00116.jpg,beans,train.parquet#116:angular_leaf_spot_train.202.jpg,6,not_coffee_leaf,0,0,,train
beans/00117.jpg,beans,train.parquet#117:angular_leaf_spot_train.203.jpg,6,not_coffee_leaf,0,0,,train
beans/00118.jpg,beans,train.parquet#118:angular_leaf_spot_train.204.jpg,6,not_coffee_leaf,0,0,,train
beans/00119.jpg,beans,train.parquet#119:angular_leaf_spot_train.205.jpg,6,not_coffee_leaf,0,0,,train
beans/00120.jpg,beans,train.parquet#120:angular_leaf_spot_train.206.jpg,6,not_coffee_leaf,0,0,,train
beans/00122.jpg,beans,train.parquet#122:angular_leaf_spot_train.208.jpg,6,not_coffee_leaf,0,0,,train
beans/00123.jpg,beans,train.parquet#123:angular_leaf_spot_train.209.jpg,6,not_coffee_leaf,0,0,,train
beans/00124.jpg,beans,train.parquet#124:angular_leaf_spot_train.21.jpg,6,not_coffee_leaf,0,0,,train
beans/00125.jpg,beans,train.parquet#125:angular_leaf_spot_train.210.jpg,6,not_coffee_leaf,0,0,,train
beans/00126.jpg,beans,train.parquet#126:angular_leaf_spot_train.211.jpg,6,not_coffee_leaf,0,0,,train
beans/00127.jpg,beans,train.parquet#127:angular_leaf_spot_train.212.jpg,6,not_coffee_leaf,0,0,,train
beans/00129.jpg,beans,train.parquet#129:angular_leaf_spot_train.214.jpg,6,not_coffee_leaf,0,0,,train
beans/00131.jpg,beans,train.parquet#131:angular_leaf_spot_train.216.jpg,6,not_coffee_leaf,0,0,,train
beans/00132.jpg,beans,train.parquet#132:angular_leaf_spot_train.217.jpg,6,not_coffee_leaf,0,0,,train
beans/00133.jpg,beans,train.parquet#133:angular_leaf_spot_train.218.jpg,6,not_coffee_leaf,0,0,,train
beans/00136.jpg,beans,train.parquet#136:angular_leaf_spot_train.220.jpg,6,not_coffee_leaf,0,0,,train
beans/00137.jpg,beans,train.parquet#137:angular_leaf_spot_train.221.jpg,6,not_coffee_leaf,0,0,,train
beans/00139.jpg,beans,train.parquet#139:angular_leaf_spot_train.223.jpg,6,not_coffee_leaf,0,0,,train
beans/00140.jpg,beans,train.parquet#140:angular_leaf_spot_train.224.jpg,6,not_coffee_leaf,0,0,,train
beans/00141.jpg,beans,train.parquet#141:angular_leaf_spot_train.225.jpg,6,not_coffee_leaf,0,0,,train
beans/00142.jpg,beans,train.parquet#142:angular_leaf_spot_train.226.jpg,6,not_coffee_leaf,0,0,,train
beans/00143.jpg,beans,train.parquet#143:angular_leaf_spot_train.227.jpg,6,not_coffee_leaf,0,0,,train
beans/00144.jpg,beans,train.parquet#144:angular_leaf_spot_train.228.jpg,6,not_coffee_leaf,0,0,,train
beans/00145.jpg,beans,train.parquet#145:angular_leaf_spot_train.229.jpg,6,not_coffee_leaf,0,0,,train
beans/00146.jpg,beans,train.parquet#146:angular_leaf_spot_train.23.jpg,6,not_coffee_leaf,0,0,,train
beans/00147.jpg,beans,train.parquet#147:angular_leaf_spot_train.230.jpg,6,not_coffee_leaf,0,0,,train
beans/00148.jpg,beans,train.parquet#148:angular_leaf_spot_train.231.jpg,6,not_coffee_leaf,0,0,,train
beans/00150.jpg,beans,train.parquet#150:angular_leaf_spot_train.233.jpg,6,not_coffee_leaf,0,0,,train
beans/00152.jpg,beans,train.parquet#152:angular_leaf_spot_train.235.jpg,6,not_coffee_leaf,0,0,,train
beans/00153.jpg,beans,train.parquet#153:angular_leaf_spot_train.236.jpg,6,not_coffee_leaf,0,0,,train
beans/00154.jpg,beans,train.parquet#154:angular_leaf_spot_train.237.jpg,6,not_coffee_leaf,0,0,,train
beans/00155.jpg,beans,train.parquet#155:angular_leaf_spot_train.238.jpg,6,not_coffee_leaf,0,0,,train
beans/00157.jpg,beans,train.parquet#157:angular_leaf_spot_train.24.jpg,6,not_coffee_leaf,0,0,,train
beans/00158.jpg,beans,train.parquet#158:angular_leaf_spot_train.240.jpg,6,not_coffee_leaf,0,0,,train
beans/00159.jpg,beans,train.parquet#159:angular_leaf_spot_train.241.jpg,6,not_coffee_leaf,0,0,,train
beans/00163.jpg,beans,train.parquet#163:angular_leaf_spot_train.245.jpg,6,not_coffee_leaf,0,0,,train
beans/00164.jpg,beans,train.parquet#164:angular_leaf_spot_train.246.jpg,6,not_coffee_leaf,0,0,,train
beans/00165.jpg,beans,train.parquet#165:angular_leaf_spot_train.247.jpg,6,not_coffee_leaf,0,0,,train
beans/00167.jpg,beans,train.parquet#167:angular_leaf_spot_train.249.jpg,6,not_coffee_leaf,0,0,,train
beans/00168.jpg,beans,train.parquet#168:angular_leaf_spot_train.25.jpg,6,not_coffee_leaf,0,0,,train
beans/00170.jpg,beans,train.parquet#170:angular_leaf_spot_train.251.jpg,6,not_coffee_leaf,0,0,,train
beans/00172.jpg,beans,train.parquet#172:angular_leaf_spot_train.253.jpg,6,not_coffee_leaf,0,0,,train
beans/00173.jpg,beans,train.parquet#173:angular_leaf_spot_train.254.jpg,6,not_coffee_leaf,0,0,,train
beans/00175.jpg,beans,train.parquet#175:angular_leaf_spot_train.256.jpg,6,not_coffee_leaf,0,0,,train
beans/00176.jpg,beans,train.parquet#176:angular_leaf_spot_train.257.jpg,6,not_coffee_leaf,0,0,,train
beans/00177.jpg,beans,train.parquet#177:angular_leaf_spot_train.258.jpg,6,not_coffee_leaf,0,0,,train
beans/00178.jpg,beans,train.parquet#178:angular_leaf_spot_train.259.jpg,6,not_coffee_leaf,0,0,,train
beans/00179.jpg,beans,train.parquet#179:angular_leaf_spot_train.26.jpg,6,not_coffee_leaf,0,0,,train
beans/00180.jpg,beans,train.parquet#180:angular_leaf_spot_train.260.jpg,6,not_coffee_leaf,0,0,,train
beans/00181.jpg,beans,train.parquet#181:angular_leaf_spot_train.261.jpg,6,not_coffee_leaf,0,0,,train
beans/00182.jpg,beans,train.parquet#182:angular_leaf_spot_train.262.jpg,6,not_coffee_leaf,0,0,,train
beans/00183.jpg,beans,train.parquet#183:angular_leaf_spot_train.263.jpg,6,not_coffee_leaf,0,0,,train
beans/00184.jpg,beans,train.parquet#184:angular_leaf_spot_train.264.jpg,6,not_coffee_leaf,0,0,,train
beans/00185.jpg,beans,train.parquet#185:angular_leaf_spot_train.265.jpg,6,not_coffee_leaf,0,0,,train
beans/00186.jpg,beans,train.parquet#186:angular_leaf_spot_train.266.jpg,6,not_coffee_leaf,0,0,,train
beans/00192.jpg,beans,train.parquet#192:angular_leaf_spot_train.271.jpg,6,not_coffee_leaf,0,0,,train
beans/00193.jpg,beans,train.parquet#193:angular_leaf_spot_train.272.jpg,6,not_coffee_leaf,0,0,,train
beans/00194.jpg,beans,train.parquet#194:angular_leaf_spot_train.273.jpg,6,not_coffee_leaf,0,0,,train
beans/00195.jpg,beans,train.parquet#195:angular_leaf_spot_train.274.jpg,6,not_coffee_leaf,0,0,,train
beans/00196.jpg,beans,train.parquet#196:angular_leaf_spot_train.275.jpg,6,not_coffee_leaf,0,0,,train
beans/00197.jpg,beans,train.parquet#197:angular_leaf_spot_train.276.jpg,6,not_coffee_leaf,0,0,,train
beans/00198.jpg,beans,train.parquet#198:angular_leaf_spot_train.277.jpg,6,not_coffee_leaf,0,0,,train
beans/00199.jpg,beans,train.parquet#199:angular_leaf_spot_train.278.jpg,6,not_coffee_leaf,0,0,,train
beans/00202.jpg,beans,train.parquet#202:angular_leaf_spot_train.280.jpg,6,not_coffee_leaf,0,0,,train
beans/00203.jpg,beans,train.parquet#203:angular_leaf_spot_train.281.jpg,6,not_coffee_leaf,0,0,,train
beans/00204.jpg,beans,train.parquet#204:angular_leaf_spot_train.282.jpg,6,not_coffee_leaf,0,0,,train
beans/00206.jpg,beans,train.parquet#206:angular_leaf_spot_train.284.jpg,6,not_coffee_leaf,0,0,,train
beans/00208.jpg,beans,train.parquet#208:angular_leaf_spot_train.286.jpg,6,not_coffee_leaf,0,0,,train
beans/00209.jpg,beans,train.parquet#209:angular_leaf_spot_train.287.jpg,6,not_coffee_leaf,0,0,,train
beans/00210.jpg,beans,train.parquet#210:angular_leaf_spot_train.288.jpg,6,not_coffee_leaf,0,0,,train
beans/00211.jpg,beans,train.parquet#211:angular_leaf_spot_train.289.jpg,6,not_coffee_leaf,0,0,,train
beans/00218.jpg,beans,train.parquet#218:angular_leaf_spot_train.295.jpg,6,not_coffee_leaf,0,0,,train
beans/00219.jpg,beans,train.parquet#219:angular_leaf_spot_train.296.jpg,6,not_coffee_leaf,0,0,,train
beans/00220.jpg,beans,train.parquet#220:angular_leaf_spot_train.297.jpg,6,not_coffee_leaf,0,0,,train
beans/00221.jpg,beans,train.parquet#221:angular_leaf_spot_train.298.jpg,6,not_coffee_leaf,0,0,,train
beans/00222.jpg,beans,train.parquet#222:angular_leaf_spot_train.299.jpg,6,not_coffee_leaf,0,0,,train
beans/00223.jpg,beans,train.parquet#223:angular_leaf_spot_train.3.jpg,6,not_coffee_leaf,0,0,,train
beans/00224.jpg,beans,train.parquet#224:angular_leaf_spot_train.30.jpg,6,not_coffee_leaf,0,0,,train
beans/00225.jpg,beans,train.parquet#225:angular_leaf_spot_train.300.jpg,6,not_coffee_leaf,0,0,,train
beans/00227.jpg,beans,train.parquet#227:angular_leaf_spot_train.302.jpg,6,not_coffee_leaf,0,0,,train
beans/00228.jpg,beans,train.parquet#228:angular_leaf_spot_train.303.jpg,6,not_coffee_leaf,0,0,,train
beans/00229.jpg,beans,train.parquet#229:angular_leaf_spot_train.304.jpg,6,not_coffee_leaf,0,0,,train
beans/00231.jpg,beans,train.parquet#231:angular_leaf_spot_train.306.jpg,6,not_coffee_leaf,0,0,,train
beans/00232.jpg,beans,train.parquet#232:angular_leaf_spot_train.307.jpg,6,not_coffee_leaf,0,0,,train
beans/00233.jpg,beans,train.parquet#233:angular_leaf_spot_train.308.jpg,6,not_coffee_leaf,0,0,,train
beans/00234.jpg,beans,train.parquet#234:angular_leaf_spot_train.309.jpg,6,not_coffee_leaf,0,0,,train
beans/00237.jpg,beans,train.parquet#237:angular_leaf_spot_train.311.jpg,6,not_coffee_leaf,0,0,,train
beans/00238.jpg,beans,train.parquet#238:angular_leaf_spot_train.312.jpg,6,not_coffee_leaf,0,0,,train
beans/00239.jpg,beans,train.parquet#239:angular_leaf_spot_train.313.jpg,6,not_coffee_leaf,0,0,,train
beans/00240.jpg,beans,train.parquet#240:angular_leaf_spot_train.314.jpg,6,not_coffee_leaf,0,0,,train
beans/00242.jpg,beans,train.parquet#242:angular_leaf_spot_train.316.jpg,6,not_coffee_leaf,0,0,,train
beans/00244.jpg,beans,train.parquet#244:angular_leaf_spot_train.318.jpg,6,not_coffee_leaf,0,0,,train
beans/00245.jpg,beans,train.parquet#245:angular_leaf_spot_train.319.jpg,6,not_coffee_leaf,0,0,,train
beans/00246.jpg,beans,train.parquet#246:angular_leaf_spot_train.32.jpg,6,not_coffee_leaf,0,0,,train
beans/00247.jpg,beans,train.parquet#247:angular_leaf_spot_train.320.jpg,6,not_coffee_leaf,0,0,,train
beans/00248.jpg,beans,train.parquet#248:angular_leaf_spot_train.321.jpg,6,not_coffee_leaf,0,0,,train
beans/00249.jpg,beans,train.parquet#249:angular_leaf_spot_train.322.jpg,6,not_coffee_leaf,0,0,,train
beans/00250.jpg,beans,train.parquet#250:angular_leaf_spot_train.323.jpg,6,not_coffee_leaf,0,0,,train
beans/00253.jpg,beans,train.parquet#253:angular_leaf_spot_train.326.jpg,6,not_coffee_leaf,0,0,,train
beans/00255.jpg,beans,train.parquet#255:angular_leaf_spot_train.328.jpg,6,not_coffee_leaf,0,0,,train
beans/00258.jpg,beans,train.parquet#258:angular_leaf_spot_train.330.jpg,6,not_coffee_leaf,0,0,,train
beans/00261.jpg,beans,train.parquet#261:angular_leaf_spot_train.333.jpg,6,not_coffee_leaf,0,0,,train
beans/00262.jpg,beans,train.parquet#262:angular_leaf_spot_train.334.jpg,6,not_coffee_leaf,0,0,,train
beans/00265.jpg,beans,train.parquet#265:angular_leaf_spot_train.337.jpg,6,not_coffee_leaf,0,0,,train
beans/00266.jpg,beans,train.parquet#266:angular_leaf_spot_train.338.jpg,6,not_coffee_leaf,0,0,,train
beans/00268.jpg,beans,train.parquet#268:angular_leaf_spot_train.34.jpg,6,not_coffee_leaf,0,0,,train
beans/00271.jpg,beans,train.parquet#271:angular_leaf_spot_train.342.jpg,6,not_coffee_leaf,0,0,,train
beans/00272.jpg,beans,train.parquet#272:angular_leaf_spot_train.343.jpg,6,not_coffee_leaf,0,0,,train
beans/00274.jpg,beans,train.parquet#274:angular_leaf_spot_train.35.jpg,6,not_coffee_leaf,0,0,,train
beans/00275.jpg,beans,train.parquet#275:angular_leaf_spot_train.36.jpg,6,not_coffee_leaf,0,0,,train
beans/00277.jpg,beans,train.parquet#277:angular_leaf_spot_train.38.jpg,6,not_coffee_leaf,0,0,,train
beans/00278.jpg,beans,train.parquet#278:angular_leaf_spot_train.39.jpg,6,not_coffee_leaf,0,0,,train
beans/00280.jpg,beans,train.parquet#280:angular_leaf_spot_train.40.jpg,6,not_coffee_leaf,0,0,,train
beans/00281.jpg,beans,train.parquet#281:angular_leaf_spot_train.41.jpg,6,not_coffee_leaf,0,0,,train
beans/00282.jpg,beans,train.parquet#282:angular_leaf_spot_train.42.jpg,6,not_coffee_leaf,0,0,,train
beans/00283.jpg,beans,train.parquet#283:angular_leaf_spot_train.43.jpg,6,not_coffee_leaf,0,0,,train
beans/00284.jpg,beans,train.parquet#284:angular_leaf_spot_train.44.jpg,6,not_coffee_leaf,0,0,,train
beans/00285.jpg,beans,train.parquet#285:angular_leaf_spot_train.45.jpg,6,not_coffee_leaf,0,0,,train
beans/00286.jpg,beans,train.parquet#286:angular_leaf_spot_train.46.jpg,6,not_coffee_leaf,0,0,,train
beans/00287.jpg,beans,train.parquet#287:angular_leaf_spot_train.47.jpg,6,not_coffee_leaf,0,0,,train
beans/00289.jpg,beans,train.parquet#289:angular_leaf_spot_train.49.jpg,6,not_coffee_leaf,0,0,,train
beans/00290.jpg,beans,train.parquet#290:angular_leaf_spot_train.5.jpg,6,not_coffee_leaf,0,0,,train
beans/00291.jpg,beans,train.parquet#291:angular_leaf_spot_train.50.jpg,6,not_coffee_leaf,0,0,,train
beans/00294.jpg,beans,train.parquet#294:angular_leaf_spot_train.53.jpg,6,not_coffee_leaf,0,0,,train
beans/00296.jpg,beans,train.parquet#296:angular_leaf_spot_train.55.jpg,6,not_coffee_leaf,0,0,,train
beans/00297.jpg,beans,train.parquet#297:angular_leaf_spot_train.56.jpg,6,not_coffee_leaf,0,0,,train
beans/00298.jpg,beans,train.parquet#298:angular_leaf_spot_train.57.jpg,6,not_coffee_leaf,0,0,,train
beans/00299.jpg,beans,train.parquet#299:angular_leaf_spot_train.58.jpg,6,not_coffee_leaf,0,0,,train
beans/00301.jpg,beans,train.parquet#301:angular_leaf_spot_train.6.jpg,6,not_coffee_leaf,0,0,,train
beans/00302.jpg,beans,train.parquet#302:angular_leaf_spot_train.60.jpg,6,not_coffee_leaf,0,0,,train
beans/00304.jpg,beans,train.parquet#304:angular_leaf_spot_train.62.jpg,6,not_coffee_leaf,0,0,,train
beans/00305.jpg,beans,train.parquet#305:angular_leaf_spot_train.63.jpg,6,not_coffee_leaf,0,0,,train
beans/00307.jpg,beans,train.parquet#307:angular_leaf_spot_train.65.jpg,6,not_coffee_leaf,0,0,,train
beans/00310.jpg,beans,train.parquet#310:angular_leaf_spot_train.68.jpg,6,not_coffee_leaf,0,0,,train
beans/00311.jpg,beans,train.parquet#311:angular_leaf_spot_train.69.jpg,6,not_coffee_leaf,0,0,,train
beans/00312.jpg,beans,train.parquet#312:angular_leaf_spot_train.7.jpg,6,not_coffee_leaf,0,0,,train
beans/00314.jpg,beans,train.parquet#314:angular_leaf_spot_train.71.jpg,6,not_coffee_leaf,0,0,,train
beans/00316.jpg,beans,train.parquet#316:angular_leaf_spot_train.73.jpg,6,not_coffee_leaf,0,0,,train
beans/00317.jpg,beans,train.parquet#317:angular_leaf_spot_train.74.jpg,6,not_coffee_leaf,0,0,,train
beans/00318.jpg,beans,train.parquet#318:angular_leaf_spot_train.75.jpg,6,not_coffee_leaf,0,0,,train
beans/00320.jpg,beans,train.parquet#320:angular_leaf_spot_train.77.jpg,6,not_coffee_leaf,0,0,,train
beans/00321.jpg,beans,train.parquet#321:angular_leaf_spot_train.78.jpg,6,not_coffee_leaf,0,0,,train
beans/00322.jpg,beans,train.parquet#322:angular_leaf_spot_train.79.jpg,6,not_coffee_leaf,0,0,,train
beans/00323.jpg,beans,train.parquet#323:angular_leaf_spot_train.8.jpg,6,not_coffee_leaf,0,0,,train
beans/00324.jpg,beans,train.parquet#324:angular_leaf_spot_train.80.jpg,6,not_coffee_leaf,0,0,,train
beans/00325.jpg,beans,train.parquet#325:angular_leaf_spot_train.81.jpg,6,not_coffee_leaf,0,0,,train
beans/00327.jpg,beans,train.parquet#327:angular_leaf_spot_train.83.jpg,6,not_coffee_leaf,0,0,,train
beans/00329.jpg,beans,train.parquet#329:angular_leaf_spot_train.85.jpg,6,not_coffee_leaf,0,0,,train
beans/00331.jpg,beans,train.parquet#331:angular_leaf_spot_train.87.jpg,6,not_coffee_leaf,0,0,,train
beans/00332.jpg,beans,train.parquet#332:angular_leaf_spot_train.88.jpg,6,not_coffee_leaf,0,0,,train
beans/00333.jpg,beans,train.parquet#333:angular_leaf_spot_train.89.jpg,6,not_coffee_leaf,0,0,,train
beans/00334.jpg,beans,train.parquet#334:angular_leaf_spot_train.9.jpg,6,not_coffee_leaf,0,0,,train
beans/00335.jpg,beans,train.parquet#335:angular_leaf_spot_train.90.jpg,6,not_coffee_leaf,0,0,,train
beans/00336.jpg,beans,train.parquet#336:angular_leaf_spot_train.91.jpg,6,not_coffee_leaf,0,0,,train
beans/00340.jpg,beans,train.parquet#340:angular_leaf_spot_train.95.jpg,6,not_coffee_leaf,0,0,,train
beans/00341.jpg,beans,train.parquet#341:angular_leaf_spot_train.96.jpg,6,not_coffee_leaf,0,0,,train
beans/00342.jpg,beans,train.parquet#342:angular_leaf_spot_train.97.jpg,6,not_coffee_leaf,0,0,,train
beans/00345.jpg,beans,train.parquet#345:bean_rust_train.0.jpg,6,not_coffee_leaf,1,0,,train
beans/00346.jpg,beans,train.parquet#346:bean_rust_train.1.jpg,6,not_coffee_leaf,1,0,,train
beans/00347.jpg,beans,train.parquet#347:bean_rust_train.10.jpg,6,not_coffee_leaf,1,0,,train
beans/00349.jpg,beans,train.parquet#349:bean_rust_train.101.jpg,6,not_coffee_leaf,1,0,,train
beans/00350.jpg,beans,train.parquet#350:bean_rust_train.102.jpg,6,not_coffee_leaf,1,0,,train
beans/00351.jpg,beans,train.parquet#351:bean_rust_train.103.jpg,6,not_coffee_leaf,1,0,,train
beans/00352.jpg,beans,train.parquet#352:bean_rust_train.104.jpg,6,not_coffee_leaf,1,0,,train
beans/00353.jpg,beans,train.parquet#353:bean_rust_train.105.jpg,6,not_coffee_leaf,1,0,,train
beans/00355.jpg,beans,train.parquet#355:bean_rust_train.107.jpg,6,not_coffee_leaf,1,0,,train
beans/00358.jpg,beans,train.parquet#358:bean_rust_train.11.jpg,6,not_coffee_leaf,1,0,,train
beans/00359.jpg,beans,train.parquet#359:bean_rust_train.110.jpg,6,not_coffee_leaf,1,0,,train
beans/00361.jpg,beans,train.parquet#361:bean_rust_train.112.jpg,6,not_coffee_leaf,1,0,,train
beans/00362.jpg,beans,train.parquet#362:bean_rust_train.113.jpg,6,not_coffee_leaf,1,0,,train
beans/00364.jpg,beans,train.parquet#364:bean_rust_train.115.jpg,6,not_coffee_leaf,1,0,,train
beans/00365.jpg,beans,train.parquet#365:bean_rust_train.116.jpg,6,not_coffee_leaf,1,0,,train
beans/00366.jpg,beans,train.parquet#366:bean_rust_train.117.jpg,6,not_coffee_leaf,1,0,,train
beans/00368.jpg,beans,train.parquet#368:bean_rust_train.119.jpg,6,not_coffee_leaf,1,0,,train
beans/00370.jpg,beans,train.parquet#370:bean_rust_train.120.jpg,6,not_coffee_leaf,1,0,,train
beans/00371.jpg,beans,train.parquet#371:bean_rust_train.121.jpg,6,not_coffee_leaf,1,0,,train
beans/00372.jpg,beans,train.parquet#372:bean_rust_train.122.jpg,6,not_coffee_leaf,1,0,,train
beans/00373.jpg,beans,train.parquet#373:bean_rust_train.123.jpg,6,not_coffee_leaf,1,0,,train
beans/00374.jpg,beans,train.parquet#374:bean_rust_train.124.jpg,6,not_coffee_leaf,1,0,,train
beans/00375.jpg,beans,train.parquet#375:bean_rust_train.125.jpg,6,not_coffee_leaf,1,0,,train
beans/00376.jpg,beans,train.parquet#376:bean_rust_train.126.jpg,6,not_coffee_leaf,1,0,,train
beans/00378.jpg,beans,train.parquet#378:bean_rust_train.128.jpg,6,not_coffee_leaf,1,0,,train
beans/00382.jpg,beans,train.parquet#382:bean_rust_train.131.jpg,6,not_coffee_leaf,1,0,,train
beans/00384.jpg,beans,train.parquet#384:bean_rust_train.133.jpg,6,not_coffee_leaf,1,0,,train
beans/00385.jpg,beans,train.parquet#385:bean_rust_train.134.jpg,6,not_coffee_leaf,1,0,,train
beans/00386.jpg,beans,train.parquet#386:bean_rust_train.135.jpg,6,not_coffee_leaf,1,0,,train
beans/00389.jpg,beans,train.parquet#389:bean_rust_train.138.jpg,6,not_coffee_leaf,1,0,,train
beans/00390.jpg,beans,train.parquet#390:bean_rust_train.139.jpg,6,not_coffee_leaf,1,0,,train
beans/00392.jpg,beans,train.parquet#392:bean_rust_train.140.jpg,6,not_coffee_leaf,1,0,,train
beans/00393.jpg,beans,train.parquet#393:bean_rust_train.141.jpg,6,not_coffee_leaf,1,0,,train
beans/00394.jpg,beans,train.parquet#394:bean_rust_train.142.jpg,6,not_coffee_leaf,1,0,,train
beans/00395.jpg,beans,train.parquet#395:bean_rust_train.143.jpg,6,not_coffee_leaf,1,0,,train
beans/00398.jpg,beans,train.parquet#398:bean_rust_train.146.jpg,6,not_coffee_leaf,1,0,,train
beans/00399.jpg,beans,train.parquet#399:bean_rust_train.147.jpg,6,not_coffee_leaf,1,0,,train
beans/00400.jpg,beans,train.parquet#400:bean_rust_train.148.jpg,6,not_coffee_leaf,1,0,,train
beans/00402.jpg,beans,train.parquet#402:bean_rust_train.15.jpg,6,not_coffee_leaf,1,0,,train
beans/00403.jpg,beans,train.parquet#403:bean_rust_train.150.jpg,6,not_coffee_leaf,1,0,,train
beans/00404.jpg,beans,train.parquet#404:bean_rust_train.151.jpg,6,not_coffee_leaf,1,0,,train
beans/00405.jpg,beans,train.parquet#405:bean_rust_train.152.jpg,6,not_coffee_leaf,1,0,,train
beans/00407.jpg,beans,train.parquet#407:bean_rust_train.154.jpg,6,not_coffee_leaf,1,0,,train
beans/00408.jpg,beans,train.parquet#408:bean_rust_train.155.jpg,6,not_coffee_leaf,1,0,,train
beans/00410.jpg,beans,train.parquet#410:bean_rust_train.157.jpg,6,not_coffee_leaf,1,0,,train
beans/00411.jpg,beans,train.parquet#411:bean_rust_train.158.jpg,6,not_coffee_leaf,1,0,,train
beans/00412.jpg,beans,train.parquet#412:bean_rust_train.159.jpg,6,not_coffee_leaf,1,0,,train
beans/00414.jpg,beans,train.parquet#414:bean_rust_train.160.jpg,6,not_coffee_leaf,1,0,,train
beans/00415.jpg,beans,train.parquet#415:bean_rust_train.161.jpg,6,not_coffee_leaf,1,0,,train
beans/00416.jpg,beans,train.parquet#416:bean_rust_train.162.jpg,6,not_coffee_leaf,1,0,,train
beans/00417.jpg,beans,train.parquet#417:bean_rust_train.163.jpg,6,not_coffee_leaf,1,0,,train
beans/00418.jpg,beans,train.parquet#418:bean_rust_train.164.jpg,6,not_coffee_leaf,1,0,,train
beans/00421.jpg,beans,train.parquet#421:bean_rust_train.167.jpg,6,not_coffee_leaf,1,0,,train
beans/00422.jpg,beans,train.parquet#422:bean_rust_train.168.jpg,6,not_coffee_leaf,1,0,,train
beans/00423.jpg,beans,train.parquet#423:bean_rust_train.169.jpg,6,not_coffee_leaf,1,0,,train
beans/00424.jpg,beans,train.parquet#424:bean_rust_train.17.jpg,6,not_coffee_leaf,1,0,,train
beans/00425.jpg,beans,train.parquet#425:bean_rust_train.170.jpg,6,not_coffee_leaf,1,0,,train
beans/00426.jpg,beans,train.parquet#426:bean_rust_train.171.jpg,6,not_coffee_leaf,1,0,,train
beans/00427.jpg,beans,train.parquet#427:bean_rust_train.172.jpg,6,not_coffee_leaf,1,0,,train
beans/00429.jpg,beans,train.parquet#429:bean_rust_train.174.jpg,6,not_coffee_leaf,1,0,,train
beans/00431.jpg,beans,train.parquet#431:bean_rust_train.176.jpg,6,not_coffee_leaf,1,0,,train
beans/00432.jpg,beans,train.parquet#432:bean_rust_train.177.jpg,6,not_coffee_leaf,1,0,,train
beans/00433.jpg,beans,train.parquet#433:bean_rust_train.178.jpg,6,not_coffee_leaf,1,0,,train
beans/00435.jpg,beans,train.parquet#435:bean_rust_train.18.jpg,6,not_coffee_leaf,1,0,,train
beans/00436.jpg,beans,train.parquet#436:bean_rust_train.180.jpg,6,not_coffee_leaf,1,0,,train
beans/00441.jpg,beans,train.parquet#441:bean_rust_train.185.jpg,6,not_coffee_leaf,1,0,,train
beans/00442.jpg,beans,train.parquet#442:bean_rust_train.186.jpg,6,not_coffee_leaf,1,0,,train
beans/00446.jpg,beans,train.parquet#446:bean_rust_train.19.jpg,6,not_coffee_leaf,1,0,,train
beans/00447.jpg,beans,train.parquet#447:bean_rust_train.190.jpg,6,not_coffee_leaf,1,0,,train
beans/00448.jpg,beans,train.parquet#448:bean_rust_train.191.jpg,6,not_coffee_leaf,1,0,,train
beans/00450.jpg,beans,train.parquet#450:bean_rust_train.193.jpg,6,not_coffee_leaf,1,0,,train
beans/00451.jpg,beans,train.parquet#451:bean_rust_train.194.jpg,6,not_coffee_leaf,1,0,,train
beans/00452.jpg,beans,train.parquet#452:bean_rust_train.195.jpg,6,not_coffee_leaf,1,0,,train
beans/00453.jpg,beans,train.parquet#453:bean_rust_train.196.jpg,6,not_coffee_leaf,1,0,,train
beans/00454.jpg,beans,train.parquet#454:bean_rust_train.197.jpg,6,not_coffee_leaf,1,0,,train
beans/00455.jpg,beans,train.parquet#455:bean_rust_train.198.jpg,6,not_coffee_leaf,1,0,,train
beans/00456.jpg,beans,train.parquet#456:bean_rust_train.199.jpg,6,not_coffee_leaf,1,0,,train
beans/00457.jpg,beans,train.parquet#457:bean_rust_train.2.jpg,6,not_coffee_leaf,1,0,,train
beans/00460.jpg,beans,train.parquet#460:bean_rust_train.201.jpg,6,not_coffee_leaf,1,0,,train
beans/00461.jpg,beans,train.parquet#461:bean_rust_train.202.jpg,6,not_coffee_leaf,1,0,,train
beans/00462.jpg,beans,train.parquet#462:bean_rust_train.203.jpg,6,not_coffee_leaf,1,0,,train
beans/00463.jpg,beans,train.parquet#463:bean_rust_train.204.jpg,6,not_coffee_leaf,1,0,,train
beans/00464.jpg,beans,train.parquet#464:bean_rust_train.205.jpg,6,not_coffee_leaf,1,0,,train
beans/00465.jpg,beans,train.parquet#465:bean_rust_train.206.jpg,6,not_coffee_leaf,1,0,,train
beans/00466.jpg,beans,train.parquet#466:bean_rust_train.207.jpg,6,not_coffee_leaf,1,0,,train
beans/00467.jpg,beans,train.parquet#467:bean_rust_train.208.jpg,6,not_coffee_leaf,1,0,,train
beans/00468.jpg,beans,train.parquet#468:bean_rust_train.209.jpg,6,not_coffee_leaf,1,0,,train
beans/00469.jpg,beans,train.parquet#469:bean_rust_train.21.jpg,6,not_coffee_leaf,1,0,,train
beans/00470.jpg,beans,train.parquet#470:bean_rust_train.210.jpg,6,not_coffee_leaf,1,0,,train
beans/00471.jpg,beans,train.parquet#471:bean_rust_train.211.jpg,6,not_coffee_leaf,1,0,,train
beans/00472.jpg,beans,train.parquet#472:bean_rust_train.212.jpg,6,not_coffee_leaf,1,0,,train
beans/00473.jpg,beans,train.parquet#473:bean_rust_train.213.jpg,6,not_coffee_leaf,1,0,,train
beans/00474.jpg,beans,train.parquet#474:bean_rust_train.214.jpg,6,not_coffee_leaf,1,0,,train
beans/00475.jpg,beans,train.parquet#475:bean_rust_train.215.jpg,6,not_coffee_leaf,1,0,,train
beans/00476.jpg,beans,train.parquet#476:bean_rust_train.216.jpg,6,not_coffee_leaf,1,0,,train
beans/00477.jpg,beans,train.parquet#477:bean_rust_train.217.jpg,6,not_coffee_leaf,1,0,,train
beans/00478.jpg,beans,train.parquet#478:bean_rust_train.218.jpg,6,not_coffee_leaf,1,0,,train
beans/00479.jpg,beans,train.parquet#479:bean_rust_train.219.jpg,6,not_coffee_leaf,1,0,,train
beans/00480.jpg,beans,train.parquet#480:bean_rust_train.22.jpg,6,not_coffee_leaf,1,0,,train
beans/00481.jpg,beans,train.parquet#481:bean_rust_train.220.jpg,6,not_coffee_leaf,1,0,,train
beans/00482.jpg,beans,train.parquet#482:bean_rust_train.221.jpg,6,not_coffee_leaf,1,0,,train
beans/00483.jpg,beans,train.parquet#483:bean_rust_train.222.jpg,6,not_coffee_leaf,1,0,,train
beans/00484.jpg,beans,train.parquet#484:bean_rust_train.223.jpg,6,not_coffee_leaf,1,0,,train
beans/00485.jpg,beans,train.parquet#485:bean_rust_train.224.jpg,6,not_coffee_leaf,1,0,,train
beans/00486.jpg,beans,train.parquet#486:bean_rust_train.225.jpg,6,not_coffee_leaf,1,0,,train
beans/00487.jpg,beans,train.parquet#487:bean_rust_train.226.jpg,6,not_coffee_leaf,1,0,,train
beans/00489.jpg,beans,train.parquet#489:bean_rust_train.228.jpg,6,not_coffee_leaf,1,0,,train
beans/00490.jpg,beans,train.parquet#490:bean_rust_train.229.jpg,6,not_coffee_leaf,1,0,,train
beans/00492.jpg,beans,train.parquet#492:bean_rust_train.230.jpg,6,not_coffee_leaf,1,0,,train
beans/00493.jpg,beans,train.parquet#493:bean_rust_train.231.jpg,6,not_coffee_leaf,1,0,,train
beans/00494.jpg,beans,train.parquet#494:bean_rust_train.232.jpg,6,not_coffee_leaf,1,0,,train
beans/00497.jpg,beans,train.parquet#497:bean_rust_train.235.jpg,6,not_coffee_leaf,1,0,,train
beans/00499.jpg,beans,train.parquet#499:bean_rust_train.237.jpg,6,not_coffee_leaf,1,0,,train
beans/00500.jpg,beans,train.parquet#500:bean_rust_train.238.jpg,6,not_coffee_leaf,1,0,,train
beans/00501.jpg,beans,train.parquet#501:bean_rust_train.239.jpg,6,not_coffee_leaf,1,0,,train
beans/00502.jpg,beans,train.parquet#502:bean_rust_train.24.jpg,6,not_coffee_leaf,1,0,,train
beans/00503.jpg,beans,train.parquet#503:bean_rust_train.240.jpg,6,not_coffee_leaf,1,0,,train
beans/00505.jpg,beans,train.parquet#505:bean_rust_train.242.jpg,6,not_coffee_leaf,1,0,,train
beans/00506.jpg,beans,train.parquet#506:bean_rust_train.243.jpg,6,not_coffee_leaf,1,0,,train
beans/00509.jpg,beans,train.parquet#509:bean_rust_train.246.jpg,6,not_coffee_leaf,1,0,,train
beans/00510.jpg,beans,train.parquet#510:bean_rust_train.247.jpg,6,not_coffee_leaf,1,0,,train
beans/00511.jpg,beans,train.parquet#511:bean_rust_train.248.jpg,6,not_coffee_leaf,1,0,,train
beans/00513.jpg,beans,train.parquet#513:bean_rust_train.25.jpg,6,not_coffee_leaf,1,0,,train
beans/00514.jpg,beans,train.parquet#514:bean_rust_train.250.jpg,6,not_coffee_leaf,1,0,,train
beans/00515.jpg,beans,train.parquet#515:bean_rust_train.251.jpg,6,not_coffee_leaf,1,0,,train
beans/00516.jpg,beans,train.parquet#516:bean_rust_train.252.jpg,6,not_coffee_leaf,1,0,,train
beans/00517.jpg,beans,train.parquet#517:bean_rust_train.253.jpg,6,not_coffee_leaf,1,0,,train
beans/00518.jpg,beans,train.parquet#518:bean_rust_train.254.jpg,6,not_coffee_leaf,1,0,,train
beans/00519.jpg,beans,train.parquet#519:bean_rust_train.255.jpg,6,not_coffee_leaf,1,0,,train
beans/00520.jpg,beans,train.parquet#520:bean_rust_train.256.jpg,6,not_coffee_leaf,1,0,,train
beans/00525.jpg,beans,train.parquet#525:bean_rust_train.260.jpg,6,not_coffee_leaf,1,0,,train
beans/00526.jpg,beans,train.parquet#526:bean_rust_train.261.jpg,6,not_coffee_leaf,1,0,,train
beans/00528.jpg,beans,train.parquet#528:bean_rust_train.263.jpg,6,not_coffee_leaf,1,0,,train
beans/00530.jpg,beans,train.parquet#530:bean_rust_train.265.jpg,6,not_coffee_leaf,1,0,,train
beans/00532.jpg,beans,train.parquet#532:bean_rust_train.267.jpg,6,not_coffee_leaf,1,0,,train
beans/00535.jpg,beans,train.parquet#535:bean_rust_train.27.jpg,6,not_coffee_leaf,1,0,,train
beans/00537.jpg,beans,train.parquet#537:bean_rust_train.271.jpg,6,not_coffee_leaf,1,0,,train
beans/00538.jpg,beans,train.parquet#538:bean_rust_train.272.jpg,6,not_coffee_leaf,1,0,,train
beans/00539.jpg,beans,train.parquet#539:bean_rust_train.273.jpg,6,not_coffee_leaf,1,0,,train
beans/00541.jpg,beans,train.parquet#541:bean_rust_train.275.jpg,6,not_coffee_leaf,1,0,,train
beans/00542.jpg,beans,train.parquet#542:bean_rust_train.276.jpg,6,not_coffee_leaf,1,0,,train
beans/00543.jpg,beans,train.parquet#543:bean_rust_train.277.jpg,6,not_coffee_leaf,1,0,,train
beans/00544.jpg,beans,train.parquet#544:bean_rust_train.278.jpg,6,not_coffee_leaf,1,0,,train
beans/00545.jpg,beans,train.parquet#545:bean_rust_train.279.jpg,6,not_coffee_leaf,1,0,,train
beans/00546.jpg,beans,train.parquet#546:bean_rust_train.28.jpg,6,not_coffee_leaf,1,0,,train
beans/00547.jpg,beans,train.parquet#547:bean_rust_train.280.jpg,6,not_coffee_leaf,1,0,,train
beans/00549.jpg,beans,train.parquet#549:bean_rust_train.282.jpg,6,not_coffee_leaf,1,0,,train
beans/00551.jpg,beans,train.parquet#551:bean_rust_train.284.jpg,6,not_coffee_leaf,1,0,,train
beans/00552.jpg,beans,train.parquet#552:bean_rust_train.285.jpg,6,not_coffee_leaf,1,0,,train
beans/00553.jpg,beans,train.parquet#553:bean_rust_train.286.jpg,6,not_coffee_leaf,1,0,,train
beans/00554.jpg,beans,train.parquet#554:bean_rust_train.287.jpg,6,not_coffee_leaf,1,0,,train
beans/00555.jpg,beans,train.parquet#555:bean_rust_train.288.jpg,6,not_coffee_leaf,1,0,,train
beans/00556.jpg,beans,train.parquet#556:bean_rust_train.289.jpg,6,not_coffee_leaf,1,0,,train
beans/00557.jpg,beans,train.parquet#557:bean_rust_train.29.jpg,6,not_coffee_leaf,1,0,,train
beans/00558.jpg,beans,train.parquet#558:bean_rust_train.290.jpg,6,not_coffee_leaf,1,0,,train
beans/00560.jpg,beans,train.parquet#560:bean_rust_train.292.jpg,6,not_coffee_leaf,1,0,,train
beans/00563.jpg,beans,train.parquet#563:bean_rust_train.295.jpg,6,not_coffee_leaf,1,0,,train
beans/00565.jpg,beans,train.parquet#565:bean_rust_train.297.jpg,6,not_coffee_leaf,1,0,,train
beans/00569.jpg,beans,train.parquet#569:bean_rust_train.30.jpg,6,not_coffee_leaf,1,0,,train
beans/00570.jpg,beans,train.parquet#570:bean_rust_train.300.jpg,6,not_coffee_leaf,1,0,,train
beans/00572.jpg,beans,train.parquet#572:bean_rust_train.302.jpg,6,not_coffee_leaf,1,0,,train
beans/00573.jpg,beans,train.parquet#573:bean_rust_train.303.jpg,6,not_coffee_leaf,1,0,,train
beans/00574.jpg,beans,train.parquet#574:bean_rust_train.304.jpg,6,not_coffee_leaf,1,0,,train
beans/00575.jpg,beans,train.parquet#575:bean_rust_train.305.jpg,6,not_coffee_leaf,1,0,,train
beans/00576.jpg,beans,train.parquet#576:bean_rust_train.306.jpg,6,not_coffee_leaf,1,0,,train
beans/00578.jpg,beans,train.parquet#578:bean_rust_train.308.jpg,6,not_coffee_leaf,1,0,,train
beans/00579.jpg,beans,train.parquet#579:bean_rust_train.309.jpg,6,not_coffee_leaf,1,0,,train
beans/00580.jpg,beans,train.parquet#580:bean_rust_train.31.jpg,6,not_coffee_leaf,1,0,,train
beans/00581.jpg,beans,train.parquet#581:bean_rust_train.310.jpg,6,not_coffee_leaf,1,0,,train
beans/00583.jpg,beans,train.parquet#583:bean_rust_train.312.jpg,6,not_coffee_leaf,1,0,,train
beans/00584.jpg,beans,train.parquet#584:bean_rust_train.313.jpg,6,not_coffee_leaf,1,0,,train
beans/00585.jpg,beans,train.parquet#585:bean_rust_train.314.jpg,6,not_coffee_leaf,1,0,,train
beans/00587.jpg,beans,train.parquet#587:bean_rust_train.316.jpg,6,not_coffee_leaf,1,0,,train
beans/00588.jpg,beans,train.parquet#588:bean_rust_train.317.jpg,6,not_coffee_leaf,1,0,,train
beans/00589.jpg,beans,train.parquet#589:bean_rust_train.318.jpg,6,not_coffee_leaf,1,0,,train
beans/00592.jpg,beans,train.parquet#592:bean_rust_train.320.jpg,6,not_coffee_leaf,1,0,,train
beans/00595.jpg,beans,train.parquet#595:bean_rust_train.323.jpg,6,not_coffee_leaf,1,0,,train
beans/00596.jpg,beans,train.parquet#596:bean_rust_train.324.jpg,6,not_coffee_leaf,1,0,,train
beans/00599.jpg,beans,train.parquet#599:bean_rust_train.327.jpg,6,not_coffee_leaf,1,0,,train
beans/00600.jpg,beans,train.parquet#600:bean_rust_train.328.jpg,6,not_coffee_leaf,1,0,,train
beans/00603.jpg,beans,train.parquet#603:bean_rust_train.330.jpg,6,not_coffee_leaf,1,0,,train
beans/00604.jpg,beans,train.parquet#604:bean_rust_train.331.jpg,6,not_coffee_leaf,1,0,,train
beans/00605.jpg,beans,train.parquet#605:bean_rust_train.332.jpg,6,not_coffee_leaf,1,0,,train
beans/00606.jpg,beans,train.parquet#606:bean_rust_train.333.jpg,6,not_coffee_leaf,1,0,,train
beans/00607.jpg,beans,train.parquet#607:bean_rust_train.334.jpg,6,not_coffee_leaf,1,0,,train
beans/00610.jpg,beans,train.parquet#610:bean_rust_train.337.jpg,6,not_coffee_leaf,1,0,,train
beans/00611.jpg,beans,train.parquet#611:bean_rust_train.338.jpg,6,not_coffee_leaf,1,0,,train
beans/00613.jpg,beans,train.parquet#613:bean_rust_train.34.jpg,6,not_coffee_leaf,1,0,,train
beans/00614.jpg,beans,train.parquet#614:bean_rust_train.340.jpg,6,not_coffee_leaf,1,0,,train
beans/00615.jpg,beans,train.parquet#615:bean_rust_train.341.jpg,6,not_coffee_leaf,1,0,,train
beans/00618.jpg,beans,train.parquet#618:bean_rust_train.344.jpg,6,not_coffee_leaf,1,0,,train
beans/00619.jpg,beans,train.parquet#619:bean_rust_train.345.jpg,6,not_coffee_leaf,1,0,,train
beans/00620.jpg,beans,train.parquet#620:bean_rust_train.346.jpg,6,not_coffee_leaf,1,0,,train
beans/00625.jpg,beans,train.parquet#625:bean_rust_train.38.jpg,6,not_coffee_leaf,1,0,,train
beans/00626.jpg,beans,train.parquet#626:bean_rust_train.39.jpg,6,not_coffee_leaf,1,0,,train
beans/00627.jpg,beans,train.parquet#627:bean_rust_train.4.jpg,6,not_coffee_leaf,1,0,,train
beans/00631.jpg,beans,train.parquet#631:bean_rust_train.43.jpg,6,not_coffee_leaf,1,0,,train
beans/00632.jpg,beans,train.parquet#632:bean_rust_train.44.jpg,6,not_coffee_leaf,1,0,,train
beans/00635.jpg,beans,train.parquet#635:bean_rust_train.47.jpg,6,not_coffee_leaf,1,0,,train
beans/00636.jpg,beans,train.parquet#636:bean_rust_train.48.jpg,6,not_coffee_leaf,1,0,,train
beans/00637.jpg,beans,train.parquet#637:bean_rust_train.49.jpg,6,not_coffee_leaf,1,0,,train
beans/00638.jpg,beans,train.parquet#638:bean_rust_train.5.jpg,6,not_coffee_leaf,1,0,,train
beans/00639.jpg,beans,train.parquet#639:bean_rust_train.50.jpg,6,not_coffee_leaf,1,0,,train
beans/00640.jpg,beans,train.parquet#640:bean_rust_train.51.jpg,6,not_coffee_leaf,1,0,,train
beans/00641.jpg,beans,train.parquet#641:bean_rust_train.52.jpg,6,not_coffee_leaf,1,0,,train
beans/00642.jpg,beans,train.parquet#642:bean_rust_train.53.jpg,6,not_coffee_leaf,1,0,,train
beans/00643.jpg,beans,train.parquet#643:bean_rust_train.54.jpg,6,not_coffee_leaf,1,0,,train
beans/00644.jpg,beans,train.parquet#644:bean_rust_train.55.jpg,6,not_coffee_leaf,1,0,,train
beans/00645.jpg,beans,train.parquet#645:bean_rust_train.56.jpg,6,not_coffee_leaf,1,0,,train
beans/00647.jpg,beans,train.parquet#647:bean_rust_train.58.jpg,6,not_coffee_leaf,1,0,,train
beans/00648.jpg,beans,train.parquet#648:bean_rust_train.59.jpg,6,not_coffee_leaf,1,0,,train
beans/00649.jpg,beans,train.parquet#649:bean_rust_train.6.jpg,6,not_coffee_leaf,1,0,,train
beans/00650.jpg,beans,train.parquet#650:bean_rust_train.60.jpg,6,not_coffee_leaf,1,0,,train
beans/00651.jpg,beans,train.parquet#651:bean_rust_train.61.jpg,6,not_coffee_leaf,1,0,,train
beans/00652.jpg,beans,train.parquet#652:bean_rust_train.62.jpg,6,not_coffee_leaf,1,0,,train
beans/00653.jpg,beans,train.parquet#653:bean_rust_train.63.jpg,6,not_coffee_leaf,1,0,,train
beans/00654.jpg,beans,train.parquet#654:bean_rust_train.64.jpg,6,not_coffee_leaf,1,0,,train
beans/00655.jpg,beans,train.parquet#655:bean_rust_train.65.jpg,6,not_coffee_leaf,1,0,,train
beans/00656.jpg,beans,train.parquet#656:bean_rust_train.66.jpg,6,not_coffee_leaf,1,0,,train
beans/00657.jpg,beans,train.parquet#657:bean_rust_train.67.jpg,6,not_coffee_leaf,1,0,,train
beans/00659.jpg,beans,train.parquet#659:bean_rust_train.69.jpg,6,not_coffee_leaf,1,0,,train
beans/00660.jpg,beans,train.parquet#660:bean_rust_train.7.jpg,6,not_coffee_leaf,1,0,,train
beans/00661.jpg,beans,train.parquet#661:bean_rust_train.70.jpg,6,not_coffee_leaf,1,0,,train
beans/00662.jpg,beans,train.parquet#662:bean_rust_train.71.jpg,6,not_coffee_leaf,1,0,,train
beans/00663.jpg,beans,train.parquet#663:bean_rust_train.72.jpg,6,not_coffee_leaf,1,0,,train
beans/00664.jpg,beans,train.parquet#664:bean_rust_train.73.jpg,6,not_coffee_leaf,1,0,,train
beans/00665.jpg,beans,train.parquet#665:bean_rust_train.74.jpg,6,not_coffee_leaf,1,0,,train
beans/00666.jpg,beans,train.parquet#666:bean_rust_train.75.jpg,6,not_coffee_leaf,1,0,,train
beans/00668.jpg,beans,train.parquet#668:bean_rust_train.77.jpg,6,not_coffee_leaf,1,0,,train
beans/00670.jpg,beans,train.parquet#670:bean_rust_train.79.jpg,6,not_coffee_leaf,1,0,,train
beans/00671.jpg,beans,train.parquet#671:bean_rust_train.8.jpg,6,not_coffee_leaf,1,0,,train
beans/00672.jpg,beans,train.parquet#672:bean_rust_train.80.jpg,6,not_coffee_leaf,1,0,,train
beans/00673.jpg,beans,train.parquet#673:bean_rust_train.81.jpg,6,not_coffee_leaf,1,0,,train
beans/00676.jpg,beans,train.parquet#676:bean_rust_train.84.jpg,6,not_coffee_leaf,1,0,,train
beans/00677.jpg,beans,train.parquet#677:bean_rust_train.85.jpg,6,not_coffee_leaf,1,0,,train
beans/00678.jpg,beans,train.parquet#678:bean_rust_train.86.jpg,6,not_coffee_leaf,1,0,,train
beans/00679.jpg,beans,train.parquet#679:bean_rust_train.87.jpg,6,not_coffee_leaf,1,0,,train
beans/00682.jpg,beans,train.parquet#682:bean_rust_train.9.jpg,6,not_coffee_leaf,1,0,,train
beans/00686.jpg,beans,train.parquet#686:bean_rust_train.93.jpg,6,not_coffee_leaf,1,0,,train
beans/00689.jpg,beans,train.parquet#689:bean_rust_train.96.jpg,6,not_coffee_leaf,1,0,,train
beans/00690.jpg,beans,train.parquet#690:bean_rust_train.97.jpg,6,not_coffee_leaf,1,0,,train
beans/00691.jpg,beans,train.parquet#691:bean_rust_train.98.jpg,6,not_coffee_leaf,1,0,,train
beans/00692.jpg,beans,train.parquet#692:bean_rust_train.99.jpg,6,not_coffee_leaf,1,0,,train
beans/00694.jpg,beans,train.parquet#694:healthy_train.1.jpg,6,not_coffee_leaf,2,0,,train
beans/00695.jpg,beans,train.parquet#695:healthy_train.10.jpg,6,not_coffee_leaf,2,0,,train
beans/00697.jpg,beans,train.parquet#697:healthy_train.101.jpg,6,not_coffee_leaf,2,0,,train
beans/00699.jpg,beans,train.parquet#699:healthy_train.103.jpg,6,not_coffee_leaf,2,0,,train
beans/00700.jpg,beans,train.parquet#700:healthy_train.104.jpg,6,not_coffee_leaf,2,0,,train
beans/00701.jpg,beans,train.parquet#701:healthy_train.105.jpg,6,not_coffee_leaf,2,0,,train
beans/00703.jpg,beans,train.parquet#703:healthy_train.107.jpg,6,not_coffee_leaf,2,0,,train
beans/00704.jpg,beans,train.parquet#704:healthy_train.108.jpg,6,not_coffee_leaf,2,0,,train
beans/00706.jpg,beans,train.parquet#706:healthy_train.11.jpg,6,not_coffee_leaf,2,0,,train
beans/00707.jpg,beans,train.parquet#707:healthy_train.110.jpg,6,not_coffee_leaf,2,0,,train
beans/00708.jpg,beans,train.parquet#708:healthy_train.111.jpg,6,not_coffee_leaf,2,0,,train
beans/00709.jpg,beans,train.parquet#709:healthy_train.112.jpg,6,not_coffee_leaf,2,0,,train
beans/00710.jpg,beans,train.parquet#710:healthy_train.113.jpg,6,not_coffee_leaf,2,0,,train
beans/00711.jpg,beans,train.parquet#711:healthy_train.114.jpg,6,not_coffee_leaf,2,0,,train
beans/00713.jpg,beans,train.parquet#713:healthy_train.116.jpg,6,not_coffee_leaf,2,0,,train
beans/00714.jpg,beans,train.parquet#714:healthy_train.117.jpg,6,not_coffee_leaf,2,0,,train
beans/00715.jpg,beans,train.parquet#715:healthy_train.118.jpg,6,not_coffee_leaf,2,0,,train
beans/00716.jpg,beans,train.parquet#716:healthy_train.119.jpg,6,not_coffee_leaf,2,0,,train
beans/00719.jpg,beans,train.parquet#719:healthy_train.122.jpg,6,not_coffee_leaf,2,0,,train
beans/00720.jpg,beans,train.parquet#720:healthy_train.123.jpg,6,not_coffee_leaf,2,0,,train
beans/00721.jpg,beans,train.parquet#721:healthy_train.124.jpg,6,not_coffee_leaf,2,0,,train
beans/00722.jpg,beans,train.parquet#722:healthy_train.125.jpg,6,not_coffee_leaf,2,0,,train
beans/00724.jpg,beans,train.parquet#724:healthy_train.127.jpg,6,not_coffee_leaf,2,0,,train
beans/00725.jpg,beans,train.parquet#725:healthy_train.128.jpg,6,not_coffee_leaf,2,0,,train
beans/00729.jpg,beans,train.parquet#729:healthy_train.131.jpg,6,not_coffee_leaf,2,0,,train
beans/00731.jpg,beans,train.parquet#731:healthy_train.133.jpg,6,not_coffee_leaf,2,0,,train
beans/00733.jpg,beans,train.parquet#733:healthy_train.135.jpg,6,not_coffee_leaf,2,0,,train
beans/00735.jpg,beans,train.parquet#735:healthy_train.137.jpg,6,not_coffee_leaf,2,0,,train
beans/00736.jpg,beans,train.parquet#736:healthy_train.138.jpg,6,not_coffee_leaf,2,0,,train
beans/00737.jpg,beans,train.parquet#737:healthy_train.139.jpg,6,not_coffee_leaf,2,0,,train
beans/00738.jpg,beans,train.parquet#738:healthy_train.14.jpg,6,not_coffee_leaf,2,0,,train
beans/00740.jpg,beans,train.parquet#740:healthy_train.141.jpg,6,not_coffee_leaf,2,0,,train
beans/00741.jpg,beans,train.parquet#741:healthy_train.142.jpg,6,not_coffee_leaf,2,0,,train
beans/00742.jpg,beans,train.parquet#742:healthy_train.143.jpg,6,not_coffee_leaf,2,0,,train
beans/00743.jpg,beans,train.parquet#743:healthy_train.144.jpg,6,not_coffee_leaf,2,0,,train
beans/00744.jpg,beans,train.parquet#744:healthy_train.145.jpg,6,not_coffee_leaf,2,0,,train
beans/00745.jpg,beans,train.parquet#745:healthy_train.146.jpg,6,not_coffee_leaf,2,0,,train
beans/00746.jpg,beans,train.parquet#746:healthy_train.147.jpg,6,not_coffee_leaf,2,0,,train
beans/00747.jpg,beans,train.parquet#747:healthy_train.148.jpg,6,not_coffee_leaf,2,0,,train
beans/00748.jpg,beans,train.parquet#748:healthy_train.149.jpg,6,not_coffee_leaf,2,0,,train
beans/00749.jpg,beans,train.parquet#749:healthy_train.15.jpg,6,not_coffee_leaf,2,0,,train
beans/00750.jpg,beans,train.parquet#750:healthy_train.150.jpg,6,not_coffee_leaf,2,0,,train
beans/00751.jpg,beans,train.parquet#751:healthy_train.151.jpg,6,not_coffee_leaf,2,0,,train
beans/00753.jpg,beans,train.parquet#753:healthy_train.153.jpg,6,not_coffee_leaf,2,0,,train
beans/00755.jpg,beans,train.parquet#755:healthy_train.155.jpg,6,not_coffee_leaf,2,0,,train
beans/00756.jpg,beans,train.parquet#756:healthy_train.156.jpg,6,not_coffee_leaf,2,0,,train
beans/00757.jpg,beans,train.parquet#757:healthy_train.157.jpg,6,not_coffee_leaf,2,0,,train
beans/00758.jpg,beans,train.parquet#758:healthy_train.158.jpg,6,not_coffee_leaf,2,0,,train
beans/00763.jpg,beans,train.parquet#763:healthy_train.162.jpg,6,not_coffee_leaf,2,0,,train
beans/00764.jpg,beans,train.parquet#764:healthy_train.163.jpg,6,not_coffee_leaf,2,0,,train
beans/00765.jpg,beans,train.parquet#765:healthy_train.164.jpg,6,not_coffee_leaf,2,0,,train
beans/00766.jpg,beans,train.parquet#766:healthy_train.165.jpg,6,not_coffee_leaf,2,0,,train
beans/00769.jpg,beans,train.parquet#769:healthy_train.168.jpg,6,not_coffee_leaf,2,0,,train
beans/00770.jpg,beans,train.parquet#770:healthy_train.169.jpg,6,not_coffee_leaf,2,0,,train
beans/00771.jpg,beans,train.parquet#771:healthy_train.17.jpg,6,not_coffee_leaf,2,0,,train
beans/00772.jpg,beans,train.parquet#772:healthy_train.170.jpg,6,not_coffee_leaf,2,0,,train
beans/00773.jpg,beans,train.parquet#773:healthy_train.171.jpg,6,not_coffee_leaf,2,0,,train
beans/00774.jpg,beans,train.parquet#774:healthy_train.172.jpg,6,not_coffee_leaf,2,0,,train
beans/00777.jpg,beans,train.parquet#777:healthy_train.175.jpg,6,not_coffee_leaf,2,0,,train
beans/00779.jpg,beans,train.parquet#779:healthy_train.177.jpg,6,not_coffee_leaf,2,0,,train
beans/00780.jpg,beans,train.parquet#780:healthy_train.178.jpg,6,not_coffee_leaf,2,0,,train
beans/00781.jpg,beans,train.parquet#781:healthy_train.179.jpg,6,not_coffee_leaf,2,0,,train
beans/00783.jpg,beans,train.parquet#783:healthy_train.180.jpg,6,not_coffee_leaf,2,0,,train
beans/00784.jpg,beans,train.parquet#784:healthy_train.181.jpg,6,not_coffee_leaf,2,0,,train
beans/00785.jpg,beans,train.parquet#785:healthy_train.182.jpg,6,not_coffee_leaf,2,0,,train
beans/00788.jpg,beans,train.parquet#788:healthy_train.185.jpg,6,not_coffee_leaf,2,0,,train
beans/00789.jpg,beans,train.parquet#789:healthy_train.186.jpg,6,not_coffee_leaf,2,0,,train
beans/00790.jpg,beans,train.parquet#790:healthy_train.187.jpg,6,not_coffee_leaf,2,0,,train
beans/00791.jpg,beans,train.parquet#791:healthy_train.188.jpg,6,not_coffee_leaf,2,0,,train
beans/00792.jpg,beans,train.parquet#792:healthy_train.189.jpg,6,not_coffee_leaf,2,0,,train
beans/00794.jpg,beans,train.parquet#794:healthy_train.190.jpg,6,not_coffee_leaf,2,0,,train
beans/00795.jpg,beans,train.parquet#795:healthy_train.191.jpg,6,not_coffee_leaf,2,0,,train
beans/00796.jpg,beans,train.parquet#796:healthy_train.192.jpg,6,not_coffee_leaf,2,0,,train
beans/00797.jpg,beans,train.parquet#797:healthy_train.193.jpg,6,not_coffee_leaf,2,0,,train
beans/00798.jpg,beans,train.parquet#798:healthy_train.194.jpg,6,not_coffee_leaf,2,0,,train
beans/00799.jpg,beans,train.parquet#799:healthy_train.195.jpg,6,not_coffee_leaf,2,0,,train
beans/00800.jpg,beans,train.parquet#800:healthy_train.196.jpg,6,not_coffee_leaf,2,0,,train
beans/00802.jpg,beans,train.parquet#802:healthy_train.198.jpg,6,not_coffee_leaf,2,0,,train
beans/00806.jpg,beans,train.parquet#806:healthy_train.200.jpg,6,not_coffee_leaf,2,0,,train
beans/00807.jpg,beans,train.parquet#807:healthy_train.201.jpg,6,not_coffee_leaf,2,0,,train
beans/00808.jpg,beans,train.parquet#808:healthy_train.202.jpg,6,not_coffee_leaf,2,0,,train
beans/00809.jpg,beans,train.parquet#809:healthy_train.203.jpg,6,not_coffee_leaf,2,0,,train
beans/00811.jpg,beans,train.parquet#811:healthy_train.205.jpg,6,not_coffee_leaf,2,0,,train
beans/00812.jpg,beans,train.parquet#812:healthy_train.206.jpg,6,not_coffee_leaf,2,0,,train
beans/00813.jpg,beans,train.parquet#813:healthy_train.207.jpg,6,not_coffee_leaf,2,0,,train
beans/00814.jpg,beans,train.parquet#814:healthy_train.208.jpg,6,not_coffee_leaf,2,0,,train
beans/00815.jpg,beans,train.parquet#815:healthy_train.209.jpg,6,not_coffee_leaf,2,0,,train
beans/00816.jpg,beans,train.parquet#816:healthy_train.21.jpg,6,not_coffee_leaf,2,0,,train
beans/00817.jpg,beans,train.parquet#817:healthy_train.210.jpg,6,not_coffee_leaf,2,0,,train
beans/00819.jpg,beans,train.parquet#819:healthy_train.212.jpg,6,not_coffee_leaf,2,0,,train
beans/00820.jpg,beans,train.parquet#820:healthy_train.213.jpg,6,not_coffee_leaf,2,0,,train
beans/00821.jpg,beans,train.parquet#821:healthy_train.214.jpg,6,not_coffee_leaf,2,0,,train
beans/00823.jpg,beans,train.parquet#823:healthy_train.216.jpg,6,not_coffee_leaf,2,0,,train
beans/00824.jpg,beans,train.parquet#824:healthy_train.217.jpg,6,not_coffee_leaf,2,0,,train
beans/00827.jpg,beans,train.parquet#827:healthy_train.22.jpg,6,not_coffee_leaf,2,0,,train
beans/00828.jpg,beans,train.parquet#828:healthy_train.220.jpg,6,not_coffee_leaf,2,0,,train
beans/00833.jpg,beans,train.parquet#833:healthy_train.225.jpg,6,not_coffee_leaf,2,0,,train
beans/00835.jpg,beans,train.parquet#835:healthy_train.227.jpg,6,not_coffee_leaf,2,0,,train
beans/00836.jpg,beans,train.parquet#836:healthy_train.228.jpg,6,not_coffee_leaf,2,0,,train
beans/00839.jpg,beans,train.parquet#839:healthy_train.230.jpg,6,not_coffee_leaf,2,0,,train
beans/00840.jpg,beans,train.parquet#840:healthy_train.231.jpg,6,not_coffee_leaf,2,0,,train
beans/00841.jpg,beans,train.parquet#841:healthy_train.232.jpg,6,not_coffee_leaf,2,0,,train
beans/00843.jpg,beans,train.parquet#843:healthy_train.234.jpg,6,not_coffee_leaf,2,0,,train
beans/00845.jpg,beans,train.parquet#845:healthy_train.236.jpg,6,not_coffee_leaf,2,0,,train
beans/00846.jpg,beans,train.parquet#846:healthy_train.237.jpg,6,not_coffee_leaf,2,0,,train
beans/00847.jpg,beans,train.parquet#847:healthy_train.238.jpg,6,not_coffee_leaf,2,0,,train
beans/00848.jpg,beans,train.parquet#848:healthy_train.239.jpg,6,not_coffee_leaf,2,0,,train
beans/00849.jpg,beans,train.parquet#849:healthy_train.24.jpg,6,not_coffee_leaf,2,0,,train
beans/00850.jpg,beans,train.parquet#850:healthy_train.240.jpg,6,not_coffee_leaf,2,0,,train
beans/00851.jpg,beans,train.parquet#851:healthy_train.241.jpg,6,not_coffee_leaf,2,0,,train
beans/00852.jpg,beans,train.parquet#852:healthy_train.242.jpg,6,not_coffee_leaf,2,0,,train
beans/00854.jpg,beans,train.parquet#854:healthy_train.244.jpg,6,not_coffee_leaf,2,0,,train
beans/00855.jpg,beans,train.parquet#855:healthy_train.245.jpg,6,not_coffee_leaf,2,0,,train
beans/00856.jpg,beans,train.parquet#856:healthy_train.246.jpg,6,not_coffee_leaf,2,0,,train
beans/00858.jpg,beans,train.parquet#858:healthy_train.248.jpg,6,not_coffee_leaf,2,0,,train
beans/00859.jpg,beans,train.parquet#859:healthy_train.249.jpg,6,not_coffee_leaf,2,0,,train
beans/00861.jpg,beans,train.parquet#861:healthy_train.250.jpg,6,not_coffee_leaf,2,0,,train
beans/00862.jpg,beans,train.parquet#862:healthy_train.251.jpg,6,not_coffee_leaf,2,0,,train
beans/00863.jpg,beans,train.parquet#863:healthy_train.252.jpg,6,not_coffee_leaf,2,0,,train
beans/00866.jpg,beans,train.parquet#866:healthy_train.255.jpg,6,not_coffee_leaf,2,0,,train
beans/00867.jpg,beans,train.parquet#867:healthy_train.256.jpg,6,not_coffee_leaf,2,0,,train
beans/00868.jpg,beans,train.parquet#868:healthy_train.257.jpg,6,not_coffee_leaf,2,0,,train
beans/00869.jpg,beans,train.parquet#869:healthy_train.258.jpg,6,not_coffee_leaf,2,0,,train
beans/00871.jpg,beans,train.parquet#871:healthy_train.26.jpg,6,not_coffee_leaf,2,0,,train
beans/00873.jpg,beans,train.parquet#873:healthy_train.261.jpg,6,not_coffee_leaf,2,0,,train
beans/00874.jpg,beans,train.parquet#874:healthy_train.262.jpg,6,not_coffee_leaf,2,0,,train
beans/00875.jpg,beans,train.parquet#875:healthy_train.263.jpg,6,not_coffee_leaf,2,0,,train
beans/00876.jpg,beans,train.parquet#876:healthy_train.264.jpg,6,not_coffee_leaf,2,0,,train
beans/00877.jpg,beans,train.parquet#877:healthy_train.265.jpg,6,not_coffee_leaf,2,0,,train
beans/00878.jpg,beans,train.parquet#878:healthy_train.266.jpg,6,not_coffee_leaf,2,0,,train
beans/00879.jpg,beans,train.parquet#879:healthy_train.267.jpg,6,not_coffee_leaf,2,0,,train
beans/00880.jpg,beans,train.parquet#880:healthy_train.268.jpg,6,not_coffee_leaf,2,0,,train
beans/00881.jpg,beans,train.parquet#881:healthy_train.269.jpg,6,not_coffee_leaf,2,0,,train
beans/00882.jpg,beans,train.parquet#882:healthy_train.27.jpg,6,not_coffee_leaf,2,0,,train
beans/00883.jpg,beans,train.parquet#883:healthy_train.270.jpg,6,not_coffee_leaf,2,0,,train
beans/00884.jpg,beans,train.parquet#884:healthy_train.271.jpg,6,not_coffee_leaf,2,0,,train
beans/00885.jpg,beans,train.parquet#885:healthy_train.272.jpg,6,not_coffee_leaf,2,0,,train
beans/00887.jpg,beans,train.parquet#887:healthy_train.274.jpg,6,not_coffee_leaf,2,0,,train
beans/00888.jpg,beans,train.parquet#888:healthy_train.275.jpg,6,not_coffee_leaf,2,0,,train
beans/00889.jpg,beans,train.parquet#889:healthy_train.276.jpg,6,not_coffee_leaf,2,0,,train
beans/00891.jpg,beans,train.parquet#891:healthy_train.278.jpg,6,not_coffee_leaf,2,0,,train
beans/00892.jpg,beans,train.parquet#892:healthy_train.279.jpg,6,not_coffee_leaf,2,0,,train
beans/00893.jpg,beans,train.parquet#893:healthy_train.28.jpg,6,not_coffee_leaf,2,0,,train
beans/00894.jpg,beans,train.parquet#894:healthy_train.280.jpg,6,not_coffee_leaf,2,0,,train
beans/00896.jpg,beans,train.parquet#896:healthy_train.282.jpg,6,not_coffee_leaf,2,0,,train
beans/00897.jpg,beans,train.parquet#897:healthy_train.283.jpg,6,not_coffee_leaf,2,0,,train
beans/00898.jpg,beans,train.parquet#898:healthy_train.284.jpg,6,not_coffee_leaf,2,0,,train
beans/00899.jpg,beans,train.parquet#899:healthy_train.285.jpg,6,not_coffee_leaf,2,0,,train
beans/00900.jpg,beans,train.parquet#900:healthy_train.286.jpg,6,not_coffee_leaf,2,0,,train
beans/00901.jpg,beans,train.parquet#901:healthy_train.287.jpg,6,not_coffee_leaf,2,0,,train
beans/00902.jpg,beans,train.parquet#902:healthy_train.288.jpg,6,not_coffee_leaf,2,0,,train
beans/00903.jpg,beans,train.parquet#903:healthy_train.289.jpg,6,not_coffee_leaf,2,0,,train
beans/00906.jpg,beans,train.parquet#906:healthy_train.291.jpg,6,not_coffee_leaf,2,0,,train
beans/00907.jpg,beans,train.parquet#907:healthy_train.292.jpg,6,not_coffee_leaf,2,0,,train
beans/00908.jpg,beans,train.parquet#908:healthy_train.293.jpg,6,not_coffee_leaf,2,0,,train
beans/00909.jpg,beans,train.parquet#909:healthy_train.294.jpg,6,not_coffee_leaf,2,0,,train
beans/00910.jpg,beans,train.parquet#910:healthy_train.295.jpg,6,not_coffee_leaf,2,0,,train
beans/00911.jpg,beans,train.parquet#911:healthy_train.296.jpg,6,not_coffee_leaf,2,0,,train
beans/00913.jpg,beans,train.parquet#913:healthy_train.298.jpg,6,not_coffee_leaf,2,0,,train
beans/00914.jpg,beans,train.parquet#914:healthy_train.299.jpg,6,not_coffee_leaf,2,0,,train
beans/00916.jpg,beans,train.parquet#916:healthy_train.30.jpg,6,not_coffee_leaf,2,0,,train
beans/00919.jpg,beans,train.parquet#919:healthy_train.302.jpg,6,not_coffee_leaf,2,0,,train
beans/00922.jpg,beans,train.parquet#922:healthy_train.305.jpg,6,not_coffee_leaf,2,0,,train
beans/00924.jpg,beans,train.parquet#924:healthy_train.307.jpg,6,not_coffee_leaf,2,0,,train
beans/00926.jpg,beans,train.parquet#926:healthy_train.309.jpg,6,not_coffee_leaf,2,0,,train
beans/00927.jpg,beans,train.parquet#927:healthy_train.31.jpg,6,not_coffee_leaf,2,0,,train
beans/00929.jpg,beans,train.parquet#929:healthy_train.311.jpg,6,not_coffee_leaf,2,0,,train
beans/00930.jpg,beans,train.parquet#930:healthy_train.312.jpg,6,not_coffee_leaf,2,0,,train
beans/00931.jpg,beans,train.parquet#931:healthy_train.313.jpg,6,not_coffee_leaf,2,0,,train
beans/00932.jpg,beans,train.parquet#932:healthy_train.314.jpg,6,not_coffee_leaf,2,0,,train
beans/00933.jpg,beans,train.parquet#933:healthy_train.315.jpg,6,not_coffee_leaf,2,0,,train
beans/00934.jpg,beans,train.parquet#934:healthy_train.316.jpg,6,not_coffee_leaf,2,0,,train
beans/00936.jpg,beans,train.parquet#936:healthy_train.318.jpg,6,not_coffee_leaf,2,0,,train
beans/00937.jpg,beans,train.parquet#937:healthy_train.319.jpg,6,not_coffee_leaf,2,0,,train
beans/00938.jpg,beans,train.parquet#938:healthy_train.32.jpg,6,not_coffee_leaf,2,0,,train
beans/00940.jpg,beans,train.parquet#940:healthy_train.321.jpg,6,not_coffee_leaf,2,0,,train
beans/00941.jpg,beans,train.parquet#941:healthy_train.322.jpg,6,not_coffee_leaf,2,0,,train
beans/00942.jpg,beans,train.parquet#942:healthy_train.323.jpg,6,not_coffee_leaf,2,0,,train
beans/00943.jpg,beans,train.parquet#943:healthy_train.324.jpg,6,not_coffee_leaf,2,0,,train
beans/00944.jpg,beans,train.parquet#944:healthy_train.325.jpg,6,not_coffee_leaf,2,0,,train
beans/00945.jpg,beans,train.parquet#945:healthy_train.326.jpg,6,not_coffee_leaf,2,0,,train
beans/00946.jpg,beans,train.parquet#946:healthy_train.327.jpg,6,not_coffee_leaf,2,0,,train
beans/00947.jpg,beans,train.parquet#947:healthy_train.328.jpg,6,not_coffee_leaf,2,0,,train
beans/00948.jpg,beans,train.parquet#948:healthy_train.329.jpg,6,not_coffee_leaf,2,0,,train
beans/00949.jpg,beans,train.parquet#949:healthy_train.33.jpg,6,not_coffee_leaf,2,0,,train
beans/00950.jpg,beans,train.parquet#950:healthy_train.330.jpg,6,not_coffee_leaf,2,0,,train
beans/00952.jpg,beans,train.parquet#952:healthy_train.332.jpg,6,not_coffee_leaf,2,0,,train
beans/00954.jpg,beans,train.parquet#954:healthy_train.334.jpg,6,not_coffee_leaf,2,0,,train
beans/00955.jpg,beans,train.parquet#955:healthy_train.335.jpg,6,not_coffee_leaf,2,0,,train
beans/00958.jpg,beans,train.parquet#958:healthy_train.338.jpg,6,not_coffee_leaf,2,0,,train
beans/00960.jpg,beans,train.parquet#960:healthy_train.34.jpg,6,not_coffee_leaf,2,0,,train
beans/00961.jpg,beans,train.parquet#961:healthy_train.340.jpg,6,not_coffee_leaf,2,0,,train
beans/00963.jpg,beans,train.parquet#963:healthy_train.35.jpg,6,not_coffee_leaf,2,0,,train
beans/00964.jpg,beans,train.parquet#964:healthy_train.36.jpg,6,not_coffee_leaf,2,0,,train
beans/00966.jpg,beans,train.parquet#966:healthy_train.38.jpg,6,not_coffee_leaf,2,0,,train
beans/00968.jpg,beans,train.parquet#968:healthy_train.4.jpg,6,not_coffee_leaf,2,0,,train
beans/00970.jpg,beans,train.parquet#970:healthy_train.41.jpg,6,not_coffee_leaf,2,0,,train
beans/00971.jpg,beans,train.parquet#971:healthy_train.42.jpg,6,not_coffee_leaf,2,0,,train
beans/00972.jpg,beans,train.parquet#972:healthy_train.43.jpg,6,not_coffee_leaf,2,0,,train
beans/00973.jpg,beans,train.parquet#973:healthy_train.44.jpg,6,not_coffee_leaf,2,0,,train
beans/00975.jpg,beans,train.parquet#975:healthy_train.46.jpg,6,not_coffee_leaf,2,0,,train
beans/00976.jpg,beans,train.parquet#976:healthy_train.47.jpg,6,not_coffee_leaf,2,0,,train
beans/00977.jpg,beans,train.parquet#977:healthy_train.48.jpg,6,not_coffee_leaf,2,0,,train
beans/00979.jpg,beans,train.parquet#979:healthy_train.5.jpg,6,not_coffee_leaf,2,0,,train
beans/00980.jpg,beans,train.parquet#980:healthy_train.50.jpg,6,not_coffee_leaf,2,0,,train
beans/00982.jpg,beans,train.parquet#982:healthy_train.52.jpg,6,not_coffee_leaf,2,0,,train
beans/00984.jpg,beans,train.parquet#984:healthy_train.54.jpg,6,not_coffee_leaf,2,0,,train
beans/00986.jpg,beans,train.parquet#986:healthy_train.56.jpg,6,not_coffee_leaf,2,0,,train
beans/00987.jpg,beans,train.parquet#987:healthy_train.57.jpg,6,not_coffee_leaf,2,0,,train
beans/00989.jpg,beans,train.parquet#989:healthy_train.59.jpg,6,not_coffee_leaf,2,0,,train
beans/00990.jpg,beans,train.parquet#990:healthy_train.6.jpg,6,not_coffee_leaf,2,0,,train
beans/00991.jpg,beans,train.parquet#991:healthy_train.60.jpg,6,not_coffee_leaf,2,0,,train
beans/00993.jpg,beans,train.parquet#993:healthy_train.62.jpg,6,not_coffee_leaf,2,0,,train
beans/00994.jpg,beans,train.parquet#994:healthy_train.63.jpg,6,not_coffee_leaf,2,0,,train
beans/00995.jpg,beans,train.parquet#995:healthy_train.64.jpg,6,not_coffee_leaf,2,0,,train
beans/00996.jpg,beans,train.parquet#996:healthy_train.65.jpg,6,not_coffee_leaf,2,0,,train
beans/00998.jpg,beans,train.parquet#998:healthy_train.67.jpg,6,not_coffee_leaf,2,0,,train
beans/00999.jpg,beans,train.parquet#999:healthy_train.68.jpg,6,not_coffee_leaf,2,0,,train
beans/01000.jpg,beans,train.parquet#1000:healthy_train.69.jpg,6,not_coffee_leaf,2,0,,train
beans/01001.jpg,beans,train.parquet#1001:healthy_train.7.jpg,6,not_coffee_leaf,2,0,,train
beans/01002.jpg,beans,train.parquet#1002:healthy_train.70.jpg,6,not_coffee_leaf,2,0,,train
beans/01004.jpg,beans,train.parquet#1004:healthy_train.72.jpg,6,not_coffee_leaf,2,0,,train
beans/01005.jpg,beans,train.parquet#1005:healthy_train.73.jpg,6,not_coffee_leaf,2,0,,train
beans/01006.jpg,beans,train.parquet#1006:healthy_train.74.jpg,6,not_coffee_leaf,2,0,,train
beans/01008.jpg,beans,train.parquet#1008:healthy_train.76.jpg,6,not_coffee_leaf,2,0,,train
beans/01009.jpg,beans,train.parquet#1009:healthy_train.77.jpg,6,not_coffee_leaf,2,0,,train
beans/01015.jpg,beans,train.parquet#1015:healthy_train.82.jpg,6,not_coffee_leaf,2,0,,train
beans/01017.jpg,beans,train.parquet#1017:healthy_train.84.jpg,6,not_coffee_leaf,2,0,,train
beans/01019.jpg,beans,train.parquet#1019:healthy_train.86.jpg,6,not_coffee_leaf,2,0,,train
beans/01020.jpg,beans,train.parquet#1020:healthy_train.87.jpg,6,not_coffee_leaf,2,0,,train
beans/01021.jpg,beans,train.parquet#1021:healthy_train.88.jpg,6,not_coffee_leaf,2,0,,train
beans/01022.jpg,beans,train.parquet#1022:healthy_train.89.jpg,6,not_coffee_leaf,2,0,,train
beans/01024.jpg,beans,train.parquet#1024:healthy_train.90.jpg,6,not_coffee_leaf,2,0,,train
beans/01026.jpg,beans,train.parquet#1026:healthy_train.92.jpg,6,not_coffee_leaf,2,0,,train
beans/01028.jpg,beans,train.parquet#1028:healthy_train.94.jpg,6,not_coffee_leaf,2,0,,train
beans/01029.jpg,beans,train.parquet#1029:healthy_train.95.jpg,6,not_coffee_leaf,2,0,,train
beans/01031.jpg,beans,train.parquet#1031:healthy_train.97.jpg,6,not_coffee_leaf,2,0,,train
beans/01032.jpg,beans,train.parquet#1032:healthy_train.98.jpg,6,not_coffee_leaf,2,0,,train
beans/01033.jpg,beans,train.parquet#1033:healthy_train.99.jpg,6,not_coffee_leaf,2,0,,train
beans/01035.jpg,beans,validation.parquet#1:angular_leaf_spot_val.1.jpg,6,not_coffee_leaf,0,0,,train
beans/01036.jpg,beans,validation.parquet#2:angular_leaf_spot_val.10.jpg,6,not_coffee_leaf,0,0,,train
beans/01038.jpg,beans,validation.parquet#4:angular_leaf_spot_val.12.jpg,6,not_coffee_leaf,0,0,,train
beans/01040.jpg,beans,validation.parquet#6:angular_leaf_spot_val.14.jpg,6,not_coffee_leaf,0,0,,train
beans/01041.jpg,beans,validation.parquet#7:angular_leaf_spot_val.15.jpg,6,not_coffee_leaf,0,0,,train
beans/01042.jpg,beans,validation.parquet#8:angular_leaf_spot_val.16.jpg,6,not_coffee_leaf,0,0,,train
beans/01044.jpg,beans,validation.parquet#10:angular_leaf_spot_val.18.jpg,6,not_coffee_leaf,0,0,,train
beans/01045.jpg,beans,validation.parquet#11:angular_leaf_spot_val.19.jpg,6,not_coffee_leaf,0,0,,train
beans/01046.jpg,beans,validation.parquet#12:angular_leaf_spot_val.2.jpg,6,not_coffee_leaf,0,0,,train
beans/01047.jpg,beans,validation.parquet#13:angular_leaf_spot_val.20.jpg,6,not_coffee_leaf,0,0,,train
beans/01049.jpg,beans,validation.parquet#15:angular_leaf_spot_val.22.jpg,6,not_coffee_leaf,0,0,,train
beans/01050.jpg,beans,validation.parquet#16:angular_leaf_spot_val.23.jpg,6,not_coffee_leaf,0,0,,train
beans/01051.jpg,beans,validation.parquet#17:angular_leaf_spot_val.24.jpg,6,not_coffee_leaf,0,0,,train
beans/01053.jpg,beans,validation.parquet#19:angular_leaf_spot_val.26.jpg,6,not_coffee_leaf,0,0,,train
beans/01054.jpg,beans,validation.parquet#20:angular_leaf_spot_val.27.jpg,6,not_coffee_leaf,0,0,,train
beans/01056.jpg,beans,validation.parquet#22:angular_leaf_spot_val.29.jpg,6,not_coffee_leaf,0,0,,train
beans/01058.jpg,beans,validation.parquet#24:angular_leaf_spot_val.30.jpg,6,not_coffee_leaf,0,0,,train
beans/01060.jpg,beans,validation.parquet#26:angular_leaf_spot_val.32.jpg,6,not_coffee_leaf,0,0,,train
beans/01062.jpg,beans,validation.parquet#28:angular_leaf_spot_val.34.jpg,6,not_coffee_leaf,0,0,,train
beans/01063.jpg,beans,validation.parquet#29:angular_leaf_spot_val.35.jpg,6,not_coffee_leaf,0,0,,train
beans/01065.jpg,beans,validation.parquet#31:angular_leaf_spot_val.37.jpg,6,not_coffee_leaf,0,0,,train
beans/01066.jpg,beans,validation.parquet#32:angular_leaf_spot_val.38.jpg,6,not_coffee_leaf,0,0,,train
beans/01067.jpg,beans,validation.parquet#33:angular_leaf_spot_val.39.jpg,6,not_coffee_leaf,0,0,,train
beans/01068.jpg,beans,validation.parquet#34:angular_leaf_spot_val.4.jpg,6,not_coffee_leaf,0,0,,train
beans/01069.jpg,beans,validation.parquet#35:angular_leaf_spot_val.40.jpg,6,not_coffee_leaf,0,0,,train
beans/01070.jpg,beans,validation.parquet#36:angular_leaf_spot_val.41.jpg,6,not_coffee_leaf,0,0,,train
beans/01071.jpg,beans,validation.parquet#37:angular_leaf_spot_val.42.jpg,6,not_coffee_leaf,0,0,,train
beans/01072.jpg,beans,validation.parquet#38:angular_leaf_spot_val.43.jpg,6,not_coffee_leaf,0,0,,train
beans/01073.jpg,beans,validation.parquet#39:angular_leaf_spot_val.5.jpg,6,not_coffee_leaf,0,0,,train
beans/01076.jpg,beans,validation.parquet#42:angular_leaf_spot_val.8.jpg,6,not_coffee_leaf,0,0,,train
beans/01080.jpg,beans,validation.parquet#46:bean_rust_val.10.jpg,6,not_coffee_leaf,1,0,,train
beans/01081.jpg,beans,validation.parquet#47:bean_rust_val.11.jpg,6,not_coffee_leaf,1,0,,train
beans/01083.jpg,beans,validation.parquet#49:bean_rust_val.13.jpg,6,not_coffee_leaf,1,0,,train
beans/01084.jpg,beans,validation.parquet#50:bean_rust_val.14.jpg,6,not_coffee_leaf,1,0,,train
beans/01085.jpg,beans,validation.parquet#51:bean_rust_val.15.jpg,6,not_coffee_leaf,1,0,,train
beans/01087.jpg,beans,validation.parquet#53:bean_rust_val.17.jpg,6,not_coffee_leaf,1,0,,train
beans/01088.jpg,beans,validation.parquet#54:bean_rust_val.18.jpg,6,not_coffee_leaf,1,0,,train
beans/01090.jpg,beans,validation.parquet#56:bean_rust_val.2.jpg,6,not_coffee_leaf,1,0,,train
beans/01091.jpg,beans,validation.parquet#57:bean_rust_val.20.jpg,6,not_coffee_leaf,1,0,,train
beans/01092.jpg,beans,validation.parquet#58:bean_rust_val.21.jpg,6,not_coffee_leaf,1,0,,train
beans/01093.jpg,beans,validation.parquet#59:bean_rust_val.22.jpg,6,not_coffee_leaf,1,0,,train
beans/01094.jpg,beans,validation.parquet#60:bean_rust_val.23.jpg,6,not_coffee_leaf,1,0,,train
beans/01095.jpg,beans,validation.parquet#61:bean_rust_val.24.jpg,6,not_coffee_leaf,1,0,,train
beans/01096.jpg,beans,validation.parquet#62:bean_rust_val.25.jpg,6,not_coffee_leaf,1,0,,train
beans/01097.jpg,beans,validation.parquet#63:bean_rust_val.26.jpg,6,not_coffee_leaf,1,0,,train
beans/01098.jpg,beans,validation.parquet#64:bean_rust_val.27.jpg,6,not_coffee_leaf,1,0,,train
beans/01099.jpg,beans,validation.parquet#65:bean_rust_val.28.jpg,6,not_coffee_leaf,1,0,,train
beans/01100.jpg,beans,validation.parquet#66:bean_rust_val.29.jpg,6,not_coffee_leaf,1,0,,train
beans/01101.jpg,beans,validation.parquet#67:bean_rust_val.3.jpg,6,not_coffee_leaf,1,0,,train
beans/01102.jpg,beans,validation.parquet#68:bean_rust_val.30.jpg,6,not_coffee_leaf,1,0,,train
beans/01103.jpg,beans,validation.parquet#69:bean_rust_val.31.jpg,6,not_coffee_leaf,1,0,,train
beans/01104.jpg,beans,validation.parquet#70:bean_rust_val.32.jpg,6,not_coffee_leaf,1,0,,train
beans/01106.jpg,beans,validation.parquet#72:bean_rust_val.34.jpg,6,not_coffee_leaf,1,0,,train
beans/01107.jpg,beans,validation.parquet#73:bean_rust_val.35.jpg,6,not_coffee_leaf,1,0,,train
beans/01108.jpg,beans,validation.parquet#74:bean_rust_val.36.jpg,6,not_coffee_leaf,1,0,,train
beans/01110.jpg,beans,validation.parquet#76:bean_rust_val.38.jpg,6,not_coffee_leaf,1,0,,train
beans/01111.jpg,beans,validation.parquet#77:bean_rust_val.39.jpg,6,not_coffee_leaf,1,0,,train
beans/01115.jpg,beans,validation.parquet#81:bean_rust_val.42.jpg,6,not_coffee_leaf,1,0,,train
beans/01116.jpg,beans,validation.parquet#82:bean_rust_val.43.jpg,6,not_coffee_leaf,1,0,,train
beans/01117.jpg,beans,validation.parquet#83:bean_rust_val.44.jpg,6,not_coffee_leaf,1,0,,train
beans/01118.jpg,beans,validation.parquet#84:bean_rust_val.5.jpg,6,not_coffee_leaf,1,0,,train
beans/01119.jpg,beans,validation.parquet#85:bean_rust_val.6.jpg,6,not_coffee_leaf,1,0,,train
beans/01120.jpg,beans,validation.parquet#86:bean_rust_val.7.jpg,6,not_coffee_leaf,1,0,,train
beans/01121.jpg,beans,validation.parquet#87:bean_rust_val.8.jpg,6,not_coffee_leaf,1,0,,train
beans/01122.jpg,beans,validation.parquet#88:bean_rust_val.9.jpg,6,not_coffee_leaf,1,0,,train
beans/01124.jpg,beans,validation.parquet#90:healthy_val.1.jpg,6,not_coffee_leaf,2,0,,train
beans/01125.jpg,beans,validation.parquet#91:healthy_val.10.jpg,6,not_coffee_leaf,2,0,,train
beans/01126.jpg,beans,validation.parquet#92:healthy_val.11.jpg,6,not_coffee_leaf,2,0,,train
beans/01127.jpg,beans,validation.parquet#93:healthy_val.12.jpg,6,not_coffee_leaf,2,0,,train
beans/01128.jpg,beans,validation.parquet#94:healthy_val.13.jpg,6,not_coffee_leaf,2,0,,train
beans/01129.jpg,beans,validation.parquet#95:healthy_val.14.jpg,6,not_coffee_leaf,2,0,,train
beans/01130.jpg,beans,validation.parquet#96:healthy_val.15.jpg,6,not_coffee_leaf,2,0,,train
beans/01132.jpg,beans,validation.parquet#98:healthy_val.17.jpg,6,not_coffee_leaf,2,0,,train
beans/01133.jpg,beans,validation.parquet#99:healthy_val.18.jpg,6,not_coffee_leaf,2,0,,train
beans/01134.jpg,beans,validation.parquet#100:healthy_val.19.jpg,6,not_coffee_leaf,2,0,,train
beans/01135.jpg,beans,validation.parquet#101:healthy_val.2.jpg,6,not_coffee_leaf,2,0,,train
beans/01136.jpg,beans,validation.parquet#102:healthy_val.20.jpg,6,not_coffee_leaf,2,0,,train
beans/01137.jpg,beans,validation.parquet#103:healthy_val.21.jpg,6,not_coffee_leaf,2,0,,train
beans/01138.jpg,beans,validation.parquet#104:healthy_val.22.jpg,6,not_coffee_leaf,2,0,,train
beans/01139.jpg,beans,validation.parquet#105:healthy_val.23.jpg,6,not_coffee_leaf,2,0,,train
beans/01140.jpg,beans,validation.parquet#106:healthy_val.24.jpg,6,not_coffee_leaf,2,0,,train
beans/01141.jpg,beans,validation.parquet#107:healthy_val.25.jpg,6,not_coffee_leaf,2,0,,train
beans/01144.jpg,beans,validation.parquet#110:healthy_val.28.jpg,6,not_coffee_leaf,2,0,,train
beans/01147.jpg,beans,validation.parquet#113:healthy_val.30.jpg,6,not_coffee_leaf,2,0,,train
beans/01148.jpg,beans,validation.parquet#114:healthy_val.31.jpg,6,not_coffee_leaf,2,0,,train
beans/01149.jpg,beans,validation.parquet#115:healthy_val.32.jpg,6,not_coffee_leaf,2,0,,train
beans/01151.jpg,beans,validation.parquet#117:healthy_val.34.jpg,6,not_coffee_leaf,2,0,,train
beans/01152.jpg,beans,validation.parquet#118:healthy_val.35.jpg,6,not_coffee_leaf,2,0,,train
beans/01154.jpg,beans,validation.parquet#120:healthy_val.37.jpg,6,not_coffee_leaf,2,0,,train
beans/01155.jpg,beans,validation.parquet#121:healthy_val.38.jpg,6,not_coffee_leaf,2,0,,train
beans/01156.jpg,beans,validation.parquet#122:healthy_val.39.jpg,6,not_coffee_leaf,2,0,,train
beans/01157.jpg,beans,validation.parquet#123:healthy_val.4.jpg,6,not_coffee_leaf,2,0,,train
beans/01159.jpg,beans,validation.parquet#125:healthy_val.41.jpg,6,not_coffee_leaf,2,0,,train
beans/01160.jpg,beans,validation.parquet#126:healthy_val.42.jpg,6,not_coffee_leaf,2,0,,train
beans/01162.jpg,beans,validation.parquet#128:healthy_val.5.jpg,6,not_coffee_leaf,2,0,,train
beans/01163.jpg,beans,validation.parquet#129:healthy_val.6.jpg,6,not_coffee_leaf,2,0,,train
beans/01164.jpg,beans,validation.parquet#130:healthy_val.7.jpg,6,not_coffee_leaf,2,0,,train
beans/01167.jpg,beans,test.parquet#0:angular_leaf_spot_test.0.jpg,6,not_coffee_leaf,0,0,,train
beans/01168.jpg,beans,test.parquet#1:angular_leaf_spot_test.1.jpg,6,not_coffee_leaf,0,0,,train
beans/01169.jpg,beans,test.parquet#2:angular_leaf_spot_test.10.jpg,6,not_coffee_leaf,0,0,,train
beans/01170.jpg,beans,test.parquet#3:angular_leaf_spot_test.11.jpg,6,not_coffee_leaf,0,0,,train
beans/01171.jpg,beans,test.parquet#4:angular_leaf_spot_test.12.jpg,6,not_coffee_leaf,0,0,,train
beans/01172.jpg,beans,test.parquet#5:angular_leaf_spot_test.13.jpg,6,not_coffee_leaf,0,0,,train
beans/01176.jpg,beans,test.parquet#9:angular_leaf_spot_test.17.jpg,6,not_coffee_leaf,0,0,,train
beans/01177.jpg,beans,test.parquet#10:angular_leaf_spot_test.18.jpg,6,not_coffee_leaf,0,0,,train
beans/01178.jpg,beans,test.parquet#11:angular_leaf_spot_test.19.jpg,6,not_coffee_leaf,0,0,,train
beans/01179.jpg,beans,test.parquet#12:angular_leaf_spot_test.2.jpg,6,not_coffee_leaf,0,0,,train
beans/01180.jpg,beans,test.parquet#13:angular_leaf_spot_test.20.jpg,6,not_coffee_leaf,0,0,,train
beans/01181.jpg,beans,test.parquet#14:angular_leaf_spot_test.21.jpg,6,not_coffee_leaf,0,0,,train
beans/01182.jpg,beans,test.parquet#15:angular_leaf_spot_test.22.jpg,6,not_coffee_leaf,0,0,,train
beans/01183.jpg,beans,test.parquet#16:angular_leaf_spot_test.23.jpg,6,not_coffee_leaf,0,0,,train
beans/01184.jpg,beans,test.parquet#17:angular_leaf_spot_test.24.jpg,6,not_coffee_leaf,0,0,,train
beans/01185.jpg,beans,test.parquet#18:angular_leaf_spot_test.25.jpg,6,not_coffee_leaf,0,0,,train
beans/01186.jpg,beans,test.parquet#19:angular_leaf_spot_test.26.jpg,6,not_coffee_leaf,0,0,,train
beans/01187.jpg,beans,test.parquet#20:angular_leaf_spot_test.27.jpg,6,not_coffee_leaf,0,0,,train
beans/01188.jpg,beans,test.parquet#21:angular_leaf_spot_test.28.jpg,6,not_coffee_leaf,0,0,,train
beans/01189.jpg,beans,test.parquet#22:angular_leaf_spot_test.29.jpg,6,not_coffee_leaf,0,0,,train
beans/01190.jpg,beans,test.parquet#23:angular_leaf_spot_test.3.jpg,6,not_coffee_leaf,0,0,,train
beans/01191.jpg,beans,test.parquet#24:angular_leaf_spot_test.30.jpg,6,not_coffee_leaf,0,0,,train
beans/01192.jpg,beans,test.parquet#25:angular_leaf_spot_test.31.jpg,6,not_coffee_leaf,0,0,,train
beans/01194.jpg,beans,test.parquet#27:angular_leaf_spot_test.33.jpg,6,not_coffee_leaf,0,0,,train
beans/01196.jpg,beans,test.parquet#29:angular_leaf_spot_test.35.jpg,6,not_coffee_leaf,0,0,,train
beans/01198.jpg,beans,test.parquet#31:angular_leaf_spot_test.37.jpg,6,not_coffee_leaf,0,0,,train
beans/01199.jpg,beans,test.parquet#32:angular_leaf_spot_test.38.jpg,6,not_coffee_leaf,0,0,,train
beans/01201.jpg,beans,test.parquet#34:angular_leaf_spot_test.4.jpg,6,not_coffee_leaf,0,0,,train
beans/01202.jpg,beans,test.parquet#35:angular_leaf_spot_test.40.jpg,6,not_coffee_leaf,0,0,,train
beans/01204.jpg,beans,test.parquet#37:angular_leaf_spot_test.42.jpg,6,not_coffee_leaf,0,0,,train
beans/01205.jpg,beans,test.parquet#38:angular_leaf_spot_test.5.jpg,6,not_coffee_leaf,0,0,,train
beans/01206.jpg,beans,test.parquet#39:angular_leaf_spot_test.6.jpg,6,not_coffee_leaf,0,0,,train
beans/01208.jpg,beans,test.parquet#41:angular_leaf_spot_test.8.jpg,6,not_coffee_leaf,0,0,,train
beans/01212.jpg,beans,test.parquet#45:bean_rust_test.10.jpg,6,not_coffee_leaf,1,0,,train
beans/01213.jpg,beans,test.parquet#46:bean_rust_test.11.jpg,6,not_coffee_leaf,1,0,,train
beans/01214.jpg,beans,test.parquet#47:bean_rust_test.12.jpg,6,not_coffee_leaf,1,0,,train
beans/01217.jpg,beans,test.parquet#50:bean_rust_test.15.jpg,6,not_coffee_leaf,1,0,,train
beans/01220.jpg,beans,test.parquet#53:bean_rust_test.18.jpg,6,not_coffee_leaf,1,0,,train
beans/01221.jpg,beans,test.parquet#54:bean_rust_test.19.jpg,6,not_coffee_leaf,1,0,,train
beans/01223.jpg,beans,test.parquet#56:bean_rust_test.20.jpg,6,not_coffee_leaf,1,0,,train
beans/01224.jpg,beans,test.parquet#57:bean_rust_test.21.jpg,6,not_coffee_leaf,1,0,,train
beans/01225.jpg,beans,test.parquet#58:bean_rust_test.22.jpg,6,not_coffee_leaf,1,0,,train
beans/01226.jpg,beans,test.parquet#59:bean_rust_test.23.jpg,6,not_coffee_leaf,1,0,,train
beans/01227.jpg,beans,test.parquet#60:bean_rust_test.24.jpg,6,not_coffee_leaf,1,0,,train
beans/01230.jpg,beans,test.parquet#63:bean_rust_test.27.jpg,6,not_coffee_leaf,1,0,,train
beans/01231.jpg,beans,test.parquet#64:bean_rust_test.28.jpg,6,not_coffee_leaf,1,0,,train
beans/01232.jpg,beans,test.parquet#65:bean_rust_test.29.jpg,6,not_coffee_leaf,1,0,,train
beans/01233.jpg,beans,test.parquet#66:bean_rust_test.3.jpg,6,not_coffee_leaf,1,0,,train
beans/01234.jpg,beans,test.parquet#67:bean_rust_test.30.jpg,6,not_coffee_leaf,1,0,,train
beans/01235.jpg,beans,test.parquet#68:bean_rust_test.31.jpg,6,not_coffee_leaf,1,0,,train
beans/01236.jpg,beans,test.parquet#69:bean_rust_test.32.jpg,6,not_coffee_leaf,1,0,,train
beans/01238.jpg,beans,test.parquet#71:bean_rust_test.34.jpg,6,not_coffee_leaf,1,0,,train
beans/01240.jpg,beans,test.parquet#73:bean_rust_test.36.jpg,6,not_coffee_leaf,1,0,,train
beans/01241.jpg,beans,test.parquet#74:bean_rust_test.37.jpg,6,not_coffee_leaf,1,0,,train
beans/01243.jpg,beans,test.parquet#76:bean_rust_test.39.jpg,6,not_coffee_leaf,1,0,,train
beans/01246.jpg,beans,test.parquet#79:bean_rust_test.41.jpg,6,not_coffee_leaf,1,0,,train
beans/01247.jpg,beans,test.parquet#80:bean_rust_test.42.jpg,6,not_coffee_leaf,1,0,,train
beans/01250.jpg,beans,test.parquet#83:bean_rust_test.7.jpg,6,not_coffee_leaf,1,0,,train
beans/01251.jpg,beans,test.parquet#84:bean_rust_test.8.jpg,6,not_coffee_leaf,1,0,,train
beans/01252.jpg,beans,test.parquet#85:bean_rust_test.9.jpg,6,not_coffee_leaf,1,0,,train
beans/01253.jpg,beans,test.parquet#86:healthy_test.0.jpg,6,not_coffee_leaf,2,0,,train
beans/01254.jpg,beans,test.parquet#87:healthy_test.1.jpg,6,not_coffee_leaf,2,0,,train
beans/01255.jpg,beans,test.parquet#88:healthy_test.10.jpg,6,not_coffee_leaf,2,0,,train
beans/01256.jpg,beans,test.parquet#89:healthy_test.11.jpg,6,not_coffee_leaf,2,0,,train
beans/01257.jpg,beans,test.parquet#90:healthy_test.12.jpg,6,not_coffee_leaf,2,0,,train
beans/01258.jpg,beans,test.parquet#91:healthy_test.13.jpg,6,not_coffee_leaf,2,0,,train
beans/01262.jpg,beans,test.parquet#95:healthy_test.17.jpg,6,not_coffee_leaf,2,0,,train
beans/01263.jpg,beans,test.parquet#96:healthy_test.18.jpg,6,not_coffee_leaf,2,0,,train
beans/01265.jpg,beans,test.parquet#98:healthy_test.2.jpg,6,not_coffee_leaf,2,0,,train
beans/01266.jpg,beans,test.parquet#99:healthy_test.20.jpg,6,not_coffee_leaf,2,0,,train
beans/01269.jpg,beans,test.parquet#102:healthy_test.23.jpg,6,not_coffee_leaf,2,0,,train
beans/01270.jpg,beans,test.parquet#103:healthy_test.24.jpg,6,not_coffee_leaf,2,0,,train
beans/01272.jpg,beans,test.parquet#105:healthy_test.26.jpg,6,not_coffee_leaf,2,0,,train
beans/01273.jpg,beans,test.parquet#106:healthy_test.27.jpg,6,not_coffee_leaf,2,0,,train
beans/01274.jpg,beans,test.parquet#107:healthy_test.28.jpg,6,not_coffee_leaf,2,0,,train
beans/01275.jpg,beans,test.parquet#108:healthy_test.29.jpg,6,not_coffee_leaf,2,0,,train
beans/01277.jpg,beans,test.parquet#110:healthy_test.30.jpg,6,not_coffee_leaf,2,0,,train
beans/01279.jpg,beans,test.parquet#112:healthy_test.32.jpg,6,not_coffee_leaf,2,0,,train
beans/01280.jpg,beans,test.parquet#113:healthy_test.33.jpg,6,not_coffee_leaf,2,0,,train
beans/01281.jpg,beans,test.parquet#114:healthy_test.34.jpg,6,not_coffee_leaf,2,0,,train
beans/01282.jpg,beans,test.parquet#115:healthy_test.35.jpg,6,not_coffee_leaf,2,0,,train
beans/01283.jpg,beans,test.parquet#116:healthy_test.36.jpg,6,not_coffee_leaf,2,0,,train
beans/01284.jpg,beans,test.parquet#117:healthy_test.37.jpg,6,not_coffee_leaf,2,0,,train
beans/01285.jpg,beans,test.parquet#118:healthy_test.38.jpg,6,not_coffee_leaf,2,0,,train
beans/01288.jpg,beans,test.parquet#121:healthy_test.40.jpg,6,not_coffee_leaf,2,0,,train
beans/01291.jpg,beans,test.parquet#124:healthy_test.6.jpg,6,not_coffee_leaf,2,0,,train
beans/01292.jpg,beans,test.parquet#125:healthy_test.7.jpg,6,not_coffee_leaf,2,0,,train
beans/01293.jpg,beans,test.parquet#126:healthy_test.8.jpg,6,not_coffee_leaf,2,0,,train
negatives/00000.jpg,negatives,banana_leaves_000.jpg,6,not_coffee_leaf,banana_leaves,0,,train
negatives/00001.jpg,negatives,banana_leaves_001.jpg,6,not_coffee_leaf,banana_leaves,0,,train
negatives/00002.jpg,negatives,banana_leaves_002.jpg,6,not_coffee_leaf,banana_leaves,0,,train
negatives/00004.jpg,negatives,banana_leaves_004.jpg,6,not_coffee_leaf,banana_leaves,0,,train
negatives/00005.jpg,negatives,banana_leaves_005.jpg,6,not_coffee_leaf,banana_leaves,0,,train
negatives/00006.jpg,negatives,banana_leaves_006.jpg,6,not_coffee_leaf,banana_leaves,0,,train
negatives/00008.jpg,negatives,banana_leaves_008.jpg,6,not_coffee_leaf,banana_leaves,0,,train
negatives/00009.jpg,negatives,banana_leaves_009.jpg,6,not_coffee_leaf,banana_leaves,0,,train
negatives/00011.jpg,negatives,banana_leaves_011.jpg,6,not_coffee_leaf,banana_leaves,0,,train
negatives/00012.jpg,negatives,banana_leaves_012.jpg,6,not_coffee_leaf,banana_leaves,0,,train
negatives/00013.jpg,negatives,banana_leaves_013.jpg,6,not_coffee_leaf,banana_leaves,0,,train
negatives/00015.jpg,negatives,banana_leaves_015.jpg,6,not_coffee_leaf,banana_leaves,0,,train
negatives/00016.jpg,negatives,banana_leaves_016.jpg,6,not_coffee_leaf,banana_leaves,0,,train
negatives/00017.jpg,negatives,banana_leaves_017.jpg,6,not_coffee_leaf,banana_leaves,0,,train
negatives/00019.jpg,negatives,banana_leaves_019.jpg,6,not_coffee_leaf,banana_leaves,0,,train
negatives/00021.jpg,negatives,banana_leaves_021.jpg,6,not_coffee_leaf,banana_leaves,0,,train
negatives/00024.jpg,negatives,banana_leaves_024.jpg,6,not_coffee_leaf,banana_leaves,0,,train
negatives/00025.jpg,negatives,banana_leaves_025.jpg,6,not_coffee_leaf,banana_leaves,0,,train
negatives/00026.jpg,negatives,banana_leaves_026.jpg,6,not_coffee_leaf,banana_leaves,0,,train
negatives/00027.jpg,negatives,banana_leaves_027.jpg,6,not_coffee_leaf,banana_leaves,0,,train
negatives/00029.jpg,negatives,banana_leaves_029.jpg,6,not_coffee_leaf,banana_leaves,0,,train
negatives/00030.jpg,negatives,banana_leaves_030.jpg,6,not_coffee_leaf,banana_leaves,0,,train
negatives/00031.jpg,negatives,banana_leaves_031.jpg,6,not_coffee_leaf,banana_leaves,0,,train
negatives/00033.jpg,negatives,banana_leaves_033.jpg,6,not_coffee_leaf,banana_leaves,0,,train
negatives/00034.jpg,negatives,banana_leaves_034.jpg,6,not_coffee_leaf,banana_leaves,0,,train
negatives/00036.jpg,negatives,banana_leaves_036.jpg,6,not_coffee_leaf,banana_leaves,0,,train
negatives/00037.jpg,negatives,banana_leaves_037.jpg,6,not_coffee_leaf,banana_leaves,0,,train
negatives/00039.jpg,negatives,banana_leaves_039.jpg,6,not_coffee_leaf,banana_leaves,0,,train
negatives/00040.jpg,negatives,cashew_leaves_000.jpg,6,not_coffee_leaf,cashew_leaves,0,,train
negatives/00041.jpg,negatives,cashew_leaves_001.jpg,6,not_coffee_leaf,cashew_leaves,0,,train
negatives/00042.jpg,negatives,cashew_leaves_002.jpg,6,not_coffee_leaf,cashew_leaves,0,,train
negatives/00044.jpg,negatives,cashew_leaves_004.jpg,6,not_coffee_leaf,cashew_leaves,0,,train
negatives/00045.jpg,negatives,cashew_leaves_005.jpg,6,not_coffee_leaf,cashew_leaves,0,,train
negatives/00046.jpg,negatives,cashew_leaves_006.jpg,6,not_coffee_leaf,cashew_leaves,0,,train
negatives/00047.jpg,negatives,cashew_leaves_007.jpg,6,not_coffee_leaf,cashew_leaves,0,,train
negatives/00049.jpg,negatives,cashew_leaves_009.jpg,6,not_coffee_leaf,cashew_leaves,0,,train
negatives/00050.jpg,negatives,cashew_leaves_010.jpg,6,not_coffee_leaf,cashew_leaves,0,,train
negatives/00051.jpg,negatives,cashew_leaves_011.jpg,6,not_coffee_leaf,cashew_leaves,0,,train
negatives/00052.jpg,negatives,cashew_leaves_012.jpg,6,not_coffee_leaf,cashew_leaves,0,,train
negatives/00054.jpg,negatives,cashew_leaves_014.jpg,6,not_coffee_leaf,cashew_leaves,0,,train
negatives/00055.jpg,negatives,cashew_leaves_015.jpg,6,not_coffee_leaf,cashew_leaves,0,,train
negatives/00056.jpg,negatives,cashew_leaves_016.jpg,6,not_coffee_leaf,cashew_leaves,0,,train
negatives/00058.jpg,negatives,cashew_leaves_018.jpg,6,not_coffee_leaf,cashew_leaves,0,,train
negatives/00059.jpg,negatives,cashew_leaves_019.jpg,6,not_coffee_leaf,cashew_leaves,0,,train
negatives/00061.jpg,negatives,cashew_leaves_021.jpg,6,not_coffee_leaf,cashew_leaves,0,,train
negatives/00062.jpg,negatives,cashew_leaves_022.jpg,6,not_coffee_leaf,cashew_leaves,0,,train
negatives/00063.jpg,negatives,cashew_leaves_023.jpg,6,not_coffee_leaf,cashew_leaves,0,,train
negatives/00066.jpg,negatives,cashew_leaves_026.jpg,6,not_coffee_leaf,cashew_leaves,0,,train
negatives/00069.jpg,negatives,cashew_leaves_029.jpg,6,not_coffee_leaf,cashew_leaves,0,,train
negatives/00070.jpg,negatives,cashew_leaves_030.jpg,6,not_coffee_leaf,cashew_leaves,0,,train
negatives/00071.jpg,negatives,cashew_leaves_031.jpg,6,not_coffee_leaf,cashew_leaves,0,,train
negatives/00072.jpg,negatives,cashew_leaves_032.jpg,6,not_coffee_leaf,cashew_leaves,0,,train
negatives/00073.jpg,negatives,cashew_leaves_033.jpg,6,not_coffee_leaf,cashew_leaves,0,,train
negatives/00076.jpg,negatives,grass_000.jpg,6,not_coffee_leaf,grass,0,,train
negatives/00077.jpg,negatives,grass_001.jpg,6,not_coffee_leaf,grass,0,,train
negatives/00078.jpg,negatives,grass_002.jpg,6,not_coffee_leaf,grass,0,,train
negatives/00079.jpg,negatives,grass_003.jpg,6,not_coffee_leaf,grass,0,,train
negatives/00080.jpg,negatives,grass_004.jpg,6,not_coffee_leaf,grass,0,,train
negatives/00081.jpg,negatives,grass_005.jpg,6,not_coffee_leaf,grass,0,,train
negatives/00082.jpg,negatives,grass_006.jpg,6,not_coffee_leaf,grass,0,,train
negatives/00084.jpg,negatives,grass_008.jpg,6,not_coffee_leaf,grass,0,,train
negatives/00086.jpg,negatives,grass_010.jpg,6,not_coffee_leaf,grass,0,,train
negatives/00087.jpg,negatives,grass_011.jpg,6,not_coffee_leaf,grass,0,,train
negatives/00088.jpg,negatives,grass_012.jpg,6,not_coffee_leaf,grass,0,,train
negatives/00092.jpg,negatives,grass_016.jpg,6,not_coffee_leaf,grass,0,,train
negatives/00093.jpg,negatives,grass_017.jpg,6,not_coffee_leaf,grass,0,,train
negatives/00094.jpg,negatives,grass_018.jpg,6,not_coffee_leaf,grass,0,,train
negatives/00095.jpg,negatives,grass_019.jpg,6,not_coffee_leaf,grass,0,,train
negatives/00096.jpg,negatives,grass_020.jpg,6,not_coffee_leaf,grass,0,,train
negatives/00097.jpg,negatives,grass_021.jpg,6,not_coffee_leaf,grass,0,,train
negatives/00099.jpg,negatives,grass_023.jpg,6,not_coffee_leaf,grass,0,,train
negatives/00101.jpg,negatives,grass_025.jpg,6,not_coffee_leaf,grass,0,,train
negatives/00102.jpg,negatives,grass_026.jpg,6,not_coffee_leaf,grass,0,,train
negatives/00103.jpg,negatives,grass_027.jpg,6,not_coffee_leaf,grass,0,,train
negatives/00104.jpg,negatives,grass_028.jpg,6,not_coffee_leaf,grass,0,,train
negatives/00105.jpg,negatives,grass_029.jpg,6,not_coffee_leaf,grass,0,,train
negatives/00107.jpg,negatives,grass_031.jpg,6,not_coffee_leaf,grass,0,,train
negatives/00110.jpg,negatives,grass_034.jpg,6,not_coffee_leaf,grass,0,,train
negatives/00111.jpg,negatives,hands_000.jpg,6,not_coffee_leaf,hands,0,,train
negatives/00112.jpg,negatives,hands_001.jpg,6,not_coffee_leaf,hands,0,,train
negatives/00113.jpg,negatives,hands_002.jpg,6,not_coffee_leaf,hands,0,,train
negatives/00114.jpg,negatives,hands_003.jpg,6,not_coffee_leaf,hands,0,,train
negatives/00116.jpg,negatives,hands_005.jpg,6,not_coffee_leaf,hands,0,,train
negatives/00120.jpg,negatives,hands_009.jpg,6,not_coffee_leaf,hands,0,,train
negatives/00121.jpg,negatives,hands_010.jpg,6,not_coffee_leaf,hands,0,,train
negatives/00123.jpg,negatives,hands_012.jpg,6,not_coffee_leaf,hands,0,,train
negatives/00124.jpg,negatives,hands_013.jpg,6,not_coffee_leaf,hands,0,,train
negatives/00125.jpg,negatives,hands_014.jpg,6,not_coffee_leaf,hands,0,,train
negatives/00127.jpg,negatives,hands_016.jpg,6,not_coffee_leaf,hands,0,,train
negatives/00128.jpg,negatives,hands_017.jpg,6,not_coffee_leaf,hands,0,,train
negatives/00129.jpg,negatives,hands_018.jpg,6,not_coffee_leaf,hands,0,,train
negatives/00130.jpg,negatives,hands_019.jpg,6,not_coffee_leaf,hands,0,,train
negatives/00131.jpg,negatives,hands_020.jpg,6,not_coffee_leaf,hands,0,,train
negatives/00132.jpg,negatives,hands_021.jpg,6,not_coffee_leaf,hands,0,,train
negatives/00134.jpg,negatives,hands_023.jpg,6,not_coffee_leaf,hands,0,,train
negatives/00135.jpg,negatives,hands_024.jpg,6,not_coffee_leaf,hands,0,,train
negatives/00136.jpg,negatives,hands_025.jpg,6,not_coffee_leaf,hands,0,,train
negatives/00137.jpg,negatives,hands_026.jpg,6,not_coffee_leaf,hands,0,,train
negatives/00139.jpg,negatives,hands_028.jpg,6,not_coffee_leaf,hands,0,,train
negatives/00140.jpg,negatives,hands_029.jpg,6,not_coffee_leaf,hands,0,,train
negatives/00142.jpg,negatives,hands_031.jpg,6,not_coffee_leaf,hands,0,,train
negatives/00145.jpg,negatives,hands_034.jpg,6,not_coffee_leaf,hands,0,,train
negatives/00146.jpg,negatives,hands_035.jpg,6,not_coffee_leaf,hands,0,,train
negatives/00147.jpg,negatives,hands_036.jpg,6,not_coffee_leaf,hands,0,,train
negatives/00148.jpg,negatives,hands_037.jpg,6,not_coffee_leaf,hands,0,,train
negatives/00150.jpg,negatives,hands_039.jpg,6,not_coffee_leaf,hands,0,,train
negatives/00151.jpg,negatives,hands_040.jpg,6,not_coffee_leaf,hands,0,,train
negatives/00154.jpg,negatives,other_crop_leaves_001.jpg,6,not_coffee_leaf,other_crop_leaves,0,,train
negatives/00155.jpg,negatives,other_crop_leaves_002.jpg,6,not_coffee_leaf,other_crop_leaves,0,,train
negatives/00156.jpg,negatives,other_crop_leaves_003.jpg,6,not_coffee_leaf,other_crop_leaves,0,,train
negatives/00157.jpg,negatives,other_crop_leaves_004.jpg,6,not_coffee_leaf,other_crop_leaves,0,,train
negatives/00159.jpg,negatives,other_crop_leaves_006.jpg,6,not_coffee_leaf,other_crop_leaves,0,,train
negatives/00160.jpg,negatives,other_crop_leaves_007.jpg,6,not_coffee_leaf,other_crop_leaves,0,,train
negatives/00161.jpg,negatives,other_crop_leaves_008.jpg,6,not_coffee_leaf,other_crop_leaves,0,,train
negatives/00162.jpg,negatives,other_crop_leaves_009.jpg,6,not_coffee_leaf,other_crop_leaves,0,,train
negatives/00163.jpg,negatives,other_crop_leaves_010.jpg,6,not_coffee_leaf,other_crop_leaves,0,,train
negatives/00164.jpg,negatives,other_crop_leaves_011.jpg,6,not_coffee_leaf,other_crop_leaves,0,,train
negatives/00166.jpg,negatives,other_crop_leaves_013.jpg,6,not_coffee_leaf,other_crop_leaves,0,,train
negatives/00168.jpg,negatives,other_crop_leaves_015.jpg,6,not_coffee_leaf,other_crop_leaves,0,,train
negatives/00169.jpg,negatives,other_crop_leaves_016.jpg,6,not_coffee_leaf,other_crop_leaves,0,,train
negatives/00170.jpg,negatives,other_crop_leaves_017.jpg,6,not_coffee_leaf,other_crop_leaves,0,,train
negatives/00171.jpg,negatives,other_crop_leaves_018.jpg,6,not_coffee_leaf,other_crop_leaves,0,,train
negatives/00172.jpg,negatives,other_crop_leaves_019.jpg,6,not_coffee_leaf,other_crop_leaves,0,,train
negatives/00173.jpg,negatives,other_crop_leaves_020.jpg,6,not_coffee_leaf,other_crop_leaves,0,,train
negatives/00174.jpg,negatives,other_crop_leaves_021.jpg,6,not_coffee_leaf,other_crop_leaves,0,,train
negatives/00176.jpg,negatives,other_crop_leaves_023.jpg,6,not_coffee_leaf,other_crop_leaves,0,,train
negatives/00177.jpg,negatives,other_crop_leaves_024.jpg,6,not_coffee_leaf,other_crop_leaves,0,,train
negatives/00178.jpg,negatives,other_crop_leaves_025.jpg,6,not_coffee_leaf,other_crop_leaves,0,,train
negatives/00183.jpg,negatives,other_crop_leaves_030.jpg,6,not_coffee_leaf,other_crop_leaves,0,,train
negatives/00185.jpg,negatives,other_crop_leaves_032.jpg,6,not_coffee_leaf,other_crop_leaves,0,,train
negatives/00186.jpg,negatives,other_crop_leaves_033.jpg,6,not_coffee_leaf,other_crop_leaves,0,,train
negatives/00187.jpg,negatives,other_crop_leaves_034.jpg,6,not_coffee_leaf,other_crop_leaves,0,,train
negatives/00189.jpg,negatives,other_crop_leaves_036.jpg,6,not_coffee_leaf,other_crop_leaves,0,,train
negatives/00190.jpg,negatives,other_crop_leaves_037.jpg,6,not_coffee_leaf,other_crop_leaves,0,,train
negatives/00191.jpg,negatives,other_crop_leaves_038.jpg,6,not_coffee_leaf,other_crop_leaves,0,,train
negatives/00192.jpg,negatives,other_crop_leaves_039.jpg,6,not_coffee_leaf,other_crop_leaves,0,,train
negatives/00193.jpg,negatives,other_crop_leaves_040.jpg,6,not_coffee_leaf,other_crop_leaves,0,,train
negatives/00198.jpg,negatives,other_crop_leaves_045.jpg,6,not_coffee_leaf,other_crop_leaves,0,,train
negatives/00199.jpg,negatives,other_crop_leaves_046.jpg,6,not_coffee_leaf,other_crop_leaves,0,,train
negatives/00200.jpg,negatives,other_crop_leaves_047.jpg,6,not_coffee_leaf,other_crop_leaves,0,,train
negatives/00201.jpg,negatives,other_crop_leaves_048.jpg,6,not_coffee_leaf,other_crop_leaves,0,,train
negatives/00202.jpg,negatives,other_crop_leaves_049.jpg,6,not_coffee_leaf,other_crop_leaves,0,,train
negatives/00203.jpg,negatives,other_crop_leaves_050.jpg,6,not_coffee_leaf,other_crop_leaves,0,,train
negatives/00205.jpg,negatives,other_crop_leaves_052.jpg,6,not_coffee_leaf,other_crop_leaves,0,,train
negatives/00206.jpg,negatives,other_crop_leaves_053.jpg,6,not_coffee_leaf,other_crop_leaves,0,,train
negatives/00207.jpg,negatives,other_crop_leaves_054.jpg,6,not_coffee_leaf,other_crop_leaves,0,,train
negatives/00208.jpg,negatives,other_crop_leaves_055.jpg,6,not_coffee_leaf,other_crop_leaves,0,,train
negatives/00210.jpg,negatives,other_crop_leaves_057.jpg,6,not_coffee_leaf,other_crop_leaves,0,,train
negatives/00212.jpg,negatives,other_crop_leaves_059.jpg,6,not_coffee_leaf,other_crop_leaves,0,,train
negatives/00213.jpg,negatives,other_crop_leaves_060.jpg,6,not_coffee_leaf,other_crop_leaves,0,,train
negatives/00215.jpg,negatives,other_crop_leaves_062.jpg,6,not_coffee_leaf,other_crop_leaves,0,,train
negatives/00216.jpg,negatives,other_crop_leaves_063.jpg,6,not_coffee_leaf,other_crop_leaves,0,,train
negatives/00217.jpg,negatives,other_crop_leaves_064.jpg,6,not_coffee_leaf,other_crop_leaves,0,,train
negatives/00221.jpg,negatives,other_crop_leaves_068.jpg,6,not_coffee_leaf,other_crop_leaves,0,,train
negatives/00222.jpg,negatives,other_crop_leaves_069.jpg,6,not_coffee_leaf,other_crop_leaves,0,,train
negatives/00225.jpg,negatives,other_crop_leaves_072.jpg,6,not_coffee_leaf,other_crop_leaves,0,,train
negatives/00228.jpg,negatives,other_crop_leaves_075.jpg,6,not_coffee_leaf,other_crop_leaves,0,,train
negatives/00229.jpg,negatives,other_crop_leaves_076.jpg,6,not_coffee_leaf,other_crop_leaves,0,,train
negatives/00230.jpg,negatives,other_crop_leaves_077.jpg,6,not_coffee_leaf,other_crop_leaves,0,,train
negatives/00232.jpg,negatives,other_crop_leaves_079.jpg,6,not_coffee_leaf,other_crop_leaves,0,,train
negatives/00233.jpg,negatives,other_crop_leaves_080.jpg,6,not_coffee_leaf,other_crop_leaves,0,,train
negatives/00234.jpg,negatives,other_crop_leaves_081.jpg,6,not_coffee_leaf,other_crop_leaves,0,,train
negatives/00235.jpg,negatives,other_crop_leaves_082.jpg,6,not_coffee_leaf,other_crop_leaves,0,,train
negatives/00236.jpg,negatives,other_crop_leaves_083.jpg,6,not_coffee_leaf,other_crop_leaves,0,,train
negatives/00237.jpg,negatives,other_crop_leaves_084.jpg,6,not_coffee_leaf,other_crop_leaves,0,,train
negatives/00238.jpg,negatives,other_crop_leaves_085.jpg,6,not_coffee_leaf,other_crop_leaves,0,,train
negatives/00239.jpg,negatives,other_crop_leaves_086.jpg,6,not_coffee_leaf,other_crop_leaves,0,,train
negatives/00240.jpg,negatives,other_crop_leaves_087.jpg,6,not_coffee_leaf,other_crop_leaves,0,,train
negatives/00242.jpg,negatives,sky_001.jpg,6,not_coffee_leaf,sky,0,,train
negatives/00243.jpg,negatives,sky_002.jpg,6,not_coffee_leaf,sky,0,,train
negatives/00244.jpg,negatives,sky_003.jpg,6,not_coffee_leaf,sky,0,,train
negatives/00245.jpg,negatives,sky_004.jpg,6,not_coffee_leaf,sky,0,,train
negatives/00246.jpg,negatives,sky_005.jpg,6,not_coffee_leaf,sky,0,,train
negatives/00248.jpg,negatives,sky_007.jpg,6,not_coffee_leaf,sky,0,,train
negatives/00249.jpg,negatives,sky_008.jpg,6,not_coffee_leaf,sky,0,,train
negatives/00250.jpg,negatives,sky_009.jpg,6,not_coffee_leaf,sky,0,,train
negatives/00252.jpg,negatives,sky_011.jpg,6,not_coffee_leaf,sky,0,,train
negatives/00253.jpg,negatives,sky_012.jpg,6,not_coffee_leaf,sky,0,,train
negatives/00254.jpg,negatives,sky_013.jpg,6,not_coffee_leaf,sky,0,,train
negatives/00255.jpg,negatives,sky_014.jpg,6,not_coffee_leaf,sky,0,,train
negatives/00256.jpg,negatives,sky_015.jpg,6,not_coffee_leaf,sky,0,,train
negatives/00257.jpg,negatives,sky_016.jpg,6,not_coffee_leaf,sky,0,,train
negatives/00261.jpg,negatives,sky_020.jpg,6,not_coffee_leaf,sky,0,,train
negatives/00262.jpg,negatives,sky_021.jpg,6,not_coffee_leaf,sky,0,,train
negatives/00264.jpg,negatives,sky_023.jpg,6,not_coffee_leaf,sky,0,,train
negatives/00266.jpg,negatives,sky_025.jpg,6,not_coffee_leaf,sky,0,,train
negatives/00267.jpg,negatives,sky_026.jpg,6,not_coffee_leaf,sky,0,,train
negatives/00269.jpg,negatives,sky_028.jpg,6,not_coffee_leaf,sky,0,,train
negatives/00271.jpg,negatives,sky_030.jpg,6,not_coffee_leaf,sky,0,,train
negatives/00274.jpg,negatives,sky_033.jpg,6,not_coffee_leaf,sky,0,,train
negatives/00275.jpg,negatives,sky_034.jpg,6,not_coffee_leaf,sky,0,,train
negatives/00276.jpg,negatives,sky_035.jpg,6,not_coffee_leaf,sky,0,,train
negatives/00278.jpg,negatives,sky_037.jpg,6,not_coffee_leaf,sky,0,,train
negatives/00279.jpg,negatives,sky_038.jpg,6,not_coffee_leaf,sky,0,,train
negatives/00280.jpg,negatives,sky_039.jpg,6,not_coffee_leaf,sky,0,,train
negatives/00281.jpg,negatives,sky_040.jpg,6,not_coffee_leaf,sky,0,,train
negatives/00282.jpg,negatives,sky_041.jpg,6,not_coffee_leaf,sky,0,,train
negatives/00283.jpg,negatives,soil_000.jpg,6,not_coffee_leaf,soil,0,,train
negatives/00285.jpg,negatives,soil_002.jpg,6,not_coffee_leaf,soil,0,,train
negatives/00286.jpg,negatives,soil_003.jpg,6,not_coffee_leaf,soil,0,,train
negatives/00287.jpg,negatives,soil_004.jpg,6,not_coffee_leaf,soil,0,,train
negatives/00288.jpg,negatives,soil_005.jpg,6,not_coffee_leaf,soil,0,,train
negatives/00289.jpg,negatives,soil_006.jpg,6,not_coffee_leaf,soil,0,,train
negatives/00290.jpg,negatives,soil_007.jpg,6,not_coffee_leaf,soil,0,,train
negatives/00291.jpg,negatives,soil_008.jpg,6,not_coffee_leaf,soil,0,,train
negatives/00292.jpg,negatives,soil_009.jpg,6,not_coffee_leaf,soil,0,,train
negatives/00293.jpg,negatives,soil_010.jpg,6,not_coffee_leaf,soil,0,,train
negatives/00294.jpg,negatives,soil_011.jpg,6,not_coffee_leaf,soil,0,,train
negatives/00295.jpg,negatives,soil_012.jpg,6,not_coffee_leaf,soil,0,,train
negatives/00296.jpg,negatives,soil_013.jpg,6,not_coffee_leaf,soil,0,,train
negatives/00297.jpg,negatives,soil_014.jpg,6,not_coffee_leaf,soil,0,,train
negatives/00299.jpg,negatives,soil_016.jpg,6,not_coffee_leaf,soil,0,,train
negatives/00301.jpg,negatives,soil_018.jpg,6,not_coffee_leaf,soil,0,,train
negatives/00303.jpg,negatives,soil_020.jpg,6,not_coffee_leaf,soil,0,,train
negatives/00304.jpg,negatives,soil_021.jpg,6,not_coffee_leaf,soil,0,,train
negatives/00305.jpg,negatives,soil_022.jpg,6,not_coffee_leaf,soil,0,,train
negatives/00306.jpg,negatives,soil_023.jpg,6,not_coffee_leaf,soil,0,,train
negatives/00308.jpg,negatives,soil_025.jpg,6,not_coffee_leaf,soil,0,,train
negatives/00309.jpg,negatives,soil_026.jpg,6,not_coffee_leaf,soil,0,,train
negatives/00310.jpg,negatives,soil_027.jpg,6,not_coffee_leaf,soil,0,,train
negatives/00312.jpg,negatives,soil_029.jpg,6,not_coffee_leaf,soil,0,,train
negatives/00313.jpg,negatives,soil_030.jpg,6,not_coffee_leaf,soil,0,,train
negatives/00314.jpg,negatives,soil_031.jpg,6,not_coffee_leaf,soil,0,,train
negatives/00315.jpg,negatives,soil_032.jpg,6,not_coffee_leaf,soil,0,,train
negatives/00316.jpg,negatives,soil_033.jpg,6,not_coffee_leaf,soil,0,,train
negatives/00319.jpg,negatives,soil_036.jpg,6,not_coffee_leaf,soil,0,,train
negatives/00323.jpg,negatives,soil_040.jpg,6,not_coffee_leaf,soil,0,,train
negatives/00327.jpg,negatives,soil_044.jpg,6,not_coffee_leaf,soil,0,,train
negatives/00328.jpg,negatives,soil_045.jpg,6,not_coffee_leaf,soil,0,,train
negatives/00329.jpg,negatives,soil_046.jpg,6,not_coffee_leaf,soil,0,,train
negatives/00330.jpg,negatives,soil_047.jpg,6,not_coffee_leaf,soil,0,,train
